자치구명,행정동,행정동코드,1인가구비율,사회적_고립도,평일_재택률,휴일_재택률,배달_의존도,이동_취약성_거리,이동_취약성_횟수,휴일_활동성,경제적_취약성,거주_불안정성,게임_이용,금융_이용,쇼핑_이용,배달브랜드_이용,배달식재료_이용,영상_서비스_이용,대중교통_이용,출퇴근_부담,근무_강도,종합_취약도
강남구,개포1동,11680115,23,21,59,20,12,11,32,82,9,82,76,38,0,50,58,1,65,28,13,35.8
강남구,개포2동,11680116,31,29,54,15,19,12,29,77,15,84,64,28,0,15,5,1,45,31,25,30.5
강남구,개포3동,11680122,60,56,71,28,23,36,47,53,22,83,50,40,0,29,51,1,33,30,46,39.9
강남구,개포4동,11680117,20,25,48,22,37,20,31,64,25,62,49,19,0,21,64,1,62,29,34,33.3
강남구,논현1동,11680102,26,6,68,58,82,21,50,53,77,53,17,28,0,19,40,0,31,30,41,36.8
강남구,논현2동,11680103,12,8,67,42,67,21,41,58,47,44,36,23,0,23,26,1,28,37,40,32.7
강남구,대치1동,11680108,0,20,57,27,21,6,36,82,11,56,62,33,0,44,49,1,53,47,20,32.9
강남구,대치2동,11680109,6,28,61,28,22,15,36,75,16,56,68,35,0,10,22,1,44,28,36,30.9
강남구,대치4동,11680110,22,14,77,51,76,23,55,56,57,53,30,17,0,26,54,1,39,35,43,38.4
강남구,도곡1동,11680113,9,14,55,35,32,15,48,71,20,56,63,23,0,22,39,1,62,34,40,33.6
강남구,도곡2동,11680114,11,14,57,34,28,2,35,79,21,56,55,21,0,25,30,1,55,36,35,31.3
강남구,삼성1동,11680106,11,4,55,38,32,3,28,68,31,56,33,26,0,20,10,1,18,40,41,27.1
강남구,삼성2동,11680107,14,12,72,47,44,16,48,55,52,56,39,31,0,8,26,1,32,34,42,33.1
강남구,세곡동,11680118,26,39,70,55,20,4,32,76,31,24,57,35,0,5,35,1,13,25,20,29.9
강남구,수서동,11680121,79,73,62,25,52,37,44,51,37,44,28,39,0,12,44,1,13,15,21,35.6
강남구,신사동,11680101,27,35,65,58,32,39,61,50,27,51,38,33,0,42,37,1,30,39,39,37.1
강남구,압구정동,11680104,15,4,53,24,23,8,28,77,27,49,41,25,0,6,5,1,16,40,40,25.4
강남구,역삼1동,11680111,22,0,67,53,100,12,39,45,100,56,0,0,0,10,22,0,20,52,62,34.7
강남구,역삼2동,11680112,20,26,71,50,62,19,51,54,44,48,44,26,0,29,29,1,46,39,43,36.9
강남구,일원1동,11680120,47,45,71,38,41,36,50,44,42,54,40,49,0,30,35,1,37,32,46,38.8
강남구,일원본동,11680119,22,40,64,37,21,13,35,77,9,51,65,29,0,30,36,1,34,41,46,34.3
강남구,청담동,11680105,14,8,57,33,37,6,28,66,36,56,44,18,0,21,18,1,21,39,56,29.4
강동구,강일동,11740101,21,54,49,27,35,26,30,58,26,61,29,31,0,12,13,1,6,40,58,30.4
강동구,고덕1동,11740105,23,46,66,42,19,33,57,64,13,52,72,46,0,39,39,1,48,23,16,36.8
강동구,고덕2동,11740106,40,64,74,56,29,38,57,59,20,56,62,36,0,49,59,1,29,25,32,41.4
강동구,명일1동,11740103,28,50,77,45,25,36,59,61,7,56,62,37,0,25,33,1,51,33,40,38.2
강동구,명일2동,11740104,11,50,75,41,12,28,53,70,19,56,78,40,0,57,58,1,50,21,42,40.1
강동구,상일동,11740102,28,46,69,35,25,30,46,62,12,82,55,47,1,22,37,1,40,25,35,36.7
강동구,성내1동,11740113,19,46,41,29,47,41,59,40,24,56,31,37,0,22,46,1,47,25,36,34.1
강동구,성내2동,11740114,40,66,66,54,59,61,69,35,28,55,23,41,1,30,51,1,34,19,30,40.2
강동구,성내3동,11740115,29,49,72,46,71,45,62,38,35,56,49,37,1,34,51,1,41,32,64,42.8
강동구,암사1동,11740107,36,66,79,57,31,48,66,42,35,51,25,41,1,23,48,1,39,25,46,40.0
강동구,암사2동,11740108,28,58,70,32,40,36,55,49,25,53,64,34,1,30,47,1,32,16,25,36.6
강동구,암사3동,11740109,11,63,70,29,20,32,58,59,11,56,63,48,1,50,60,2,46,28,34,39.0
강동구,천호1동,11740110,34,60,76,53,75,65,68,33,31,56,35,39,1,50,31,1,48,24,42,43.3
강동구,천호2동,11740111,38,63,77,53,64,54,68,35,43,56,31,35,1,14,26,1,35,20,49,40.2
강동구,천호3동,11740112,43,65,83,71,68,57,71,35,42,50,18,42,1,51,36,1,40,21,38,43.8
강북구,미아동,11305102,42,78,85,74,61,69,70,29,45,57,28,55,1,18,54,1,35,26,44,45.9
강북구,번1동,11305106,37,71,68,38,49,62,75,34,36,51,21,49,1,56,43,1,45,37,36,42.6
강북구,번2동,11305107,50,91,80,62,33,71,77,28,26,52,27,57,1,45,57,2,57,37,48,47.4
강북구,번3동,11305108,52,90,74,30,50,72,72,33,28,31,10,60,1,30,26,1,59,36,47,42.2
강북구,삼각산동,11305105,35,80,48,33,35,57,62,35,18,56,25,43,1,36,22,1,39,28,27,35.8
강북구,삼양동,11305101,33,88,78,58,46,70,66,30,37,55,28,52,1,39,36,1,38,38,45,44.2
강북구,송중동,11305103,40,76,71,51,68,64,68,30,31,55,27,45,1,18,29,1,40,31,43,41.5
강북구,송천동,11305104,47,90,80,54,40,74,70,28,42,56,37,57,1,34,33,1,39,35,51,45.7
강북구,수유1동,11305109,46,86,85,59,42,73,70,32,26,46,31,63,1,39,47,1,38,28,52,45.5
강북구,수유2동,11305110,31,71,72,41,40,63,73,39,26,56,31,51,1,22,38,1,51,32,38,40.9
강북구,수유3동,11305111,37,75,74,46,86,74,77,30,39,56,18,41,1,33,58,1,52,39,44,46.4
강북구,우이동,11305112,32,64,64,49,49,57,58,46,26,55,25,62,0,23,51,1,40,25,36,40.2
강서구,가양1동,11500112,23,48,61,38,51,19,46,53,21,56,52,21,0,24,38,1,32,27,54,35.0
강서구,가양2동,11500113,70,84,86,39,52,33,64,55,37,52,22,37,0,24,37,1,35,15,46,41.5
강서구,가양3동,11500114,69,91,78,37,46,51,70,42,33,52,11,41,0,25,47,1,39,29,44,42.4
강서구,공항동,11500116,31,53,62,50,50,17,39,49,43,56,25,27,0,18,32,1,28,14,42,33.5
강서구,등촌1동,11500102,36,65,70,37,39,41,74,43,19,49,37,47,1,23,42,1,50,22,30,38.2
강서구,등촌2동,11500103,19,55,30,31,38,32,61,47,21,28,65,39,0,49,33,1,55,22,38,34.9
강서구,등촌3동,11500104,65,89,93,49,32,46,84,44,32,31,26,37,0,19,25,1,42,21,39,40.8
강서구,발산1동,11500115,28,63,68,42,42,38,49,40,24,56,33,31,0,15,21,1,34,19,54,34.6
강서구,방화1동,11500117,25,65,69,42,42,26,53,51,25,56,41,37,0,10,31,1,35,27,45,35.8
강서구,방화2동,11500118,44,67,59,38,67,39,56,52,33,31,24,41,0,12,39,1,24,15,34,35.6
강서구,방화3동,11500119,55,67,80,42,36,29,64,53,35,28,33,37,0,31,39,1,35,15,25,37.1
강서구,염창동,11500101,14,59,51,32,53,31,58,45,6,48,37,39,0,8,17,1,47,21,35,31.7
강서구,우장산동,11500120,15,57,75,46,29,38,65,42,15,56,57,39,0,30,4,1,44,25,34,35.4
강서구,화곡1동,11500106,37,71,73,55,46,52,65,33,36,40,20,47,0,27,28,1,33,17,63,39.2
강서구,화곡2동,11500107,32,75,65,46,32,49,58,40,41,55,13,41,0,31,54,1,27,41,62,40.2
강서구,화곡3동,11500108,18,61,74,53,68,35,60,47,21,56,46,38,0,19,24,1,40,18,28,37.2
강서구,화곡4동,11500109,32,64,70,44,62,58,77,35,28,42,19,47,1,47,52,1,49,19,31,40.9
강서구,화곡6동,11500110,24,43,76,37,55,34,69,46,31,21,31,40,0,20,47,1,55,30,54,37.6
강서구,화곡8동,11500111,29,75,80,64,35,50,55,41,22,32,10,49,0,34,49,1,20,17,18,35.8
강서구,화곡본동,11500105,32,60,81,60,54,41,57,42,43,53,29,32,0,23,17,1,31,28,48,38.5
관악구,남현동,11620103,22,36,37,40,43,30,44,45,26,29,40,34,0,36,50,1,25,10,29,30.4
관악구,신림동,11620102,35,27,75,82,88,38,81,34,57,56,28,38,0,55,69,1,40,36,46,46.6
관악구,조원동,11620104,31,52,42,41,44,52,71,33,25,50,42,43,1,50,68,1,30,39,35,39.5
광진구,광장동,11215109,16,30,58,29,30,9,27,76,20,51,31,37,0,20,31,1,18,26,33,28.6
광진구,구의1동,11215106,32,55,85,80,76,57,56,27,33,34,27,43,1,16,32,1,20,10,43,38.3
광진구,구의2동,11215107,31,63,78,64,51,48,53,36,28,45,17,47,1,9,23,1,21,17,31,34.9
광진구,구의3동,11215108,20,45,65,48,66,28,38,53,17,51,44,32,0,4,24,1,16,22,41,32.4
광진구,군자동,11215115,35,64,67,61,67,61,67,30,30,26,36,50,1,40,31,1,27,11,28,38.6
광진구,능동,11215105,31,53,83,73,55,55,61,36,38,46,38,49,1,47,60,1,27,22,39,42.9
광진구,자양1동,11215110,37,68,89,66,54,55,65,26,39,55,34,46,1,51,46,1,19,9,39,42.1
광진구,자양2동,11215111,25,51,70,51,32,41,50,38,16,56,15,38,0,29,39,1,15,24,42,33.3
광진구,자양3동,11215112,25,39,74,82,23,26,64,57,8,56,42,40,0,12,40,1,22,17,34,34.8
광진구,자양4동,11215113,38,65,65,52,29,52,54,35,26,52,37,45,1,47,52,1,13,20,41,38.2
광진구,중곡1동,11215101,33,59,73,64,72,65,64,30,41,41,35,49,1,52,65,1,25,5,25,42.1
광진구,중곡2동,11215102,33,56,81,64,56,62,71,30,31,43,41,55,1,45,22,1,31,9,31,40.2
광진구,중곡3동,11215103,44,54,62,49,51,61,66,34,27,44,33,62,1,46,60,1,28,39,45,42.5
광진구,중곡4동,11215104,33,63,82,65,35,50,63,32,36,52,27,58,1,35,44,1,30,22,46,40.8
광진구,화양동,11215114,41,43,62,82,54,51,69,33,28,55,10,53,1,39,52,1,26,27,56,41.2
구로구,가리봉동,11530107,69,69,82,82,59,77,96,33,48,52,40,76,1,67,80,2,27,17,23,52.6
구로구,개봉1동,11530108,39,77,75,48,59,49,77,42,20,59,32,42,1,22,29,1,24,87,74,45.1
구로구,개봉2동,11530109,20,69,61,45,31,36,64,50,18,61,41,56,1,16,16,1,16,53,57,37.5
구로구,개봉3동,11530110,28,80,56,29,50,54,75,43,26,56,50,62,1,16,42,1,21,39,47,40.8
구로구,구로1동,11530102,16,65,70,23,31,41,66,41,7,55,57,37,0,54,66,1,11,24,23,36.2
구로구,구로2동,11530103,34,72,83,68,22,59,94,37,22,56,23,60,1,39,40,1,26,38,52,43.5
구로구,구로3동,11530104,32,70,75,54,61,52,82,31,21,56,26,48,1,42,57,1,21,31,41,42.2
구로구,구로4동,11530105,42,81,95,75,61,62,92,33,23,56,28,63,1,47,56,1,26,25,43,47.9
구로구,구로5동,11530106,23,57,70,47,49,42,75,43,23,55,37,37,0,20,30,1,16,28,52,37.1
구로구,신도림동,11530101,15,55,76,38,30,34,78,42,14,48,39,39,0,14,13,1,21,29,41,33.0
구로구,오류1동,11530111,37,67,82,51,52,44,72,35,22,56,27,53,1,27,35,1,20,42,33,39.8
구로구,오류2동,11530112,31,61,67,49,51,28,50,54,16,55,47,45,1,15,8,1,8,23,37,34.1
금천구,가산동,11545101,51,65,53,42,49,57,66,27,29,56,16,52,0,38,33,1,17,31,47,38.4
금천구,독산1동,11545102,37,60,56,32,48,57,72,34,28,56,29,48,1,20,20,1,24,36,46,37.1
금천구,독산2동,11545103,42,72,88,66,49,62,96,27,35,56,44,57,1,48,58,1,39,32,34,47.7
금천구,독산3동,11545104,37,67,74,52,56,53,85,36,17,44,24,49,1,28,33,2,32,22,36,39.4
금천구,독산4동,11545105,40,74,91,78,61,69,95,31,34,49,52,60,1,59,71,2,42,25,36,51.1
금천구,시흥1동,11545106,38,66,76,52,39,58,82,36,21,55,38,43,1,45,29,1,32,27,54,41.7
금천구,시흥2동,11545107,31,49,76,54,42,38,64,49,18,43,52,56,1,36,40,1,33,31,29,39.1
금천구,시흥3동,11545108,29,61,65,46,29,54,64,37,18,49,36,54,1,54,52,2,27,28,34,38.9
금천구,시흥4동,11545109,36,69,86,64,30,68,96,29,27,18,23,68,1,38,46,2,44,20,32,41.9
금천구,시흥5동,11545110,47,67,88,59,42,64,100,30,33,47,32,82,1,56,44,1,40,19,21,45.9
노원구,공릉1동,11350104,38,62,65,31,68,49,63,36,22,56,41,41,1,14,14,1,25,39,56,38.0
노원구,공릉2동,11350105,24,67,69,32,43,45,61,43,18,41,52,53,0,24,35,1,32,35,64,38.9
노원구,상계10동,11350120,41,86,75,30,42,46,66,48,19,61,38,43,0,39,55,1,20,30,36,40.8
노원구,상계1동,11350112,31,74,68,27,34,43,66,48,14,21,39,46,1,34,17,1,18,25,39,34.0
노원구,상계2동,11350113,33,73,84,42,53,55,77,44,27,56,33,52,0,30,28,1,28,26,37,41.0
노원구,상계3·4동,11350114,48,80,83,56,54,56,66,38,25,20,30,74,1,37,22,1,22,27,39,41.0
노원구,상계5동,11350115,49,81,82,52,67,68,83,35,24,40,28,55,1,24,43,1,30,32,50,44.5
노원구,상계6·7동,11350116,43,90,77,34,42,47,69,43,21,55,47,49,0,10,39,1,25,34,43,40.5
노원구,상계8동,11350118,43,100,66,26,53,53,71,48,16,54,29,48,0,39,22,1,18,27,35,39.4
노원구,상계9동,11350119,40,96,79,32,33,46,79,52,13,56,55,53,1,50,25,1,23,34,37,42.4
노원구,월계1동,11350101,29,72,56,37,32,47,60,39,25,56,26,40,0,23,34,1,18,42,49,36.1
노원구,월계2동,11350102,53,86,64,45,39,61,58,37,16,49,34,45,1,39,37,1,24,34,36,39.9
노원구,월계3동,11350103,47,78,71,36,32,49,56,42,15,56,30,44,1,16,37,1,13,34,41,36.8
노원구,인수동,11350121,35,75,81,71,73,66,67,35,25,51,30,47,1,20,32,1,42,34,42,43.6
노원구,중계1동,11350109,34,95,84,28,56,61,85,46,13,56,54,54,1,45,44,1,37,33,44,45.8
노원구,중계2·3동,11350110,56,95,87,33,52,60,78,39,28,50,24,42,1,7,30,1,28,23,59,41.7
노원구,중계본동,11350108,31,73,81,46,86,53,73,45,15,30,35,53,0,26,37,1,41,29,30,41.3
노원구,하계1동,11350106,61,78,86,38,53,52,65,43,25,42,24,38,0,11,13,1,26,34,55,39.2
노원구,하계2동,11350107,35,87,77,34,52,64,76,46,20,56,71,56,1,49,67,1,34,48,40,48.1
도봉구,도봉1동,11320115,43,86,82,71,28,53,64,46,24,19,40,56,1,44,50,1,20,33,43,42.3
도봉구,도봉2동,11320116,30,77,38,24,41,45,60,51,16,56,44,30,1,39,31,1,16,21,48,35.2
도봉구,방학1동,11320107,34,70,77,50,52,50,64,42,37,50,33,35,1,27,26,1,27,40,67,41.2
도봉구,방학2동,11320108,47,81,86,90,34,62,73,34,54,34,37,33,1,47,47,1,37,23,42,45.4
도봉구,방학3동,11320109,25,76,79,46,14,51,65,45,14,49,36,27,0,16,46,1,59,25,24,36.7
도봉구,쌍문1동,11320102,29,72,63,46,23,61,63,47,29,18,36,54,1,43,53,1,55,40,28,40.1
도봉구,쌍문2동,11320103,37,78,80,39,48,55,65,42,27,56,19,37,0,33,42,1,41,22,42,40.2
도봉구,쌍문3동,11320104,38,86,68,57,63,57,68,37,27,56,17,38,0,52,42,1,40,40,38,43.4
도봉구,쌍문4동,11320105,20,77,79,45,62,52,71,47,8,56,32,31,0,20,48,1,51,27,28,39.7
도봉구,창1동,11320110,38,78,80,46,45,46,58,47,13,44,44,40,1,10,39,1,26,35,59,39.5
도봉구,창2동,11320111,33,84,71,51,88,57,66,41,23,53,17,38,1,30,38,1,41,23,37,41.7
도봉구,창3동,11320112,38,89,62,42,72,70,80,29,39,50,22,62,1,50,76,1,52,24,24,46.5
도봉구,창4동,11320113,25,80,67,32,27,41,60,48,12,56,49,37,1,25,13,1,20,27,45,35.1
도봉구,창5동,11320114,29,76,78,51,48,44,70,51,15,56,47,41,0,13,36,1,32,21,32,39.0
동대문구,답십리1동,11230105,31,69,70,40,38,60,77,25,23,56,25,53,1,27,22,1,26,25,47,37.7
동대문구,답십리2동,11230106,33,69,87,54,33,67,80,20,21,54,39,47,1,22,28,1,27,25,47,39.7
동대문구,용신동,11230101,42,56,66,46,51,66,74,17,42,56,33,60,1,14,22,1,34,27,53,40.1
동대문구,이문1동,11230113,36,70,83,76,58,66,70,34,41,56,36,50,1,58,64,1,21,34,38,47.0
동대문구,이문2동,11230114,28,83,64,62,30,61,59,34,16,38,29,65,1,26,42,1,13,6,41,36.8
동대문구,장안1동,11230107,30,53,72,41,60,65,73,20,26,47,23,38,1,2,4,1,29,27,48,34.7
동대문구,장안2동,11230108,25,60,78,43,73,64,81,22,21,55,28,45,1,13,16,1,37,38,56,39.8
동대문구,전농1동,11230103,45,79,89,58,49,73,88,18,41,56,27,43,1,22,45,1,28,20,49,43.8
동대문구,전농2동,11230104,24,73,86,46,36,80,87,17,21,56,35,48,0,51,50,1,37,41,53,44.3
동대문구,제기동,11230102,47,47,86,49,68,69,85,16,54,56,24,54,1,32,37,1,33,40,59,45.2
동대문구,청량리동,11230109,52,67,87,61,54,73,98,22,54,56,15,53,1,27,40,1,39,23,35,45.2
동대문구,회기동,11230110,49,62,84,87,44,60,75,28,35,57,50,53,1,57,79,2,27,57,34,49.5
동대문구,휘경1동,11230111,34,60,79,65,41,71,68,27,24,46,40,59,1,59,56,2,17,18,28,41.8
동대문구,휘경2동,11230112,24,63,77,55,42,52,59,34,26,56,31,52,1,22,35,1,22,34,51,38.8
동작구,노량진1동,11590101,32,51,80,66,53,40,57,42,20,56,45,42,0,9,28,1,24,39,48,38.6
동작구,노량진2동,11590102,47,56,75,68,70,56,58,34,45,74,26,42,1,54,51,1,27,62,49,47.2
동작구,대방동,11590113,34,59,71,43,33,46,71,41,22,56,40,46,1,27,35,1,29,36,62,39.6
동작구,사당1동,11590108,28,41,56,64,48,49,63,31,41,56,33,28,0,45,47,1,28,26,40,38.2
동작구,사당2동,11590109,26,48,68,45,21,31,57,50,19,47,57,31,0,7,20,1,27,29,56,33.7
동작구,사당3동,11590110,17,54,81,48,25,42,74,45,9,56,52,41,1,26,17,1,40,29,40,36.7
동작구,사당4동,11590111,35,55,80,52,44,49,70,35,26,56,68,50,1,38,40,1,37,36,43,42.9
동작구,사당5동,11590112,29,49,74,51,28,36,55,46,32,60,43,36,1,45,58,1,30,41,43,39.9
동작구,상도1동,11590103,25,56,73,62,37,33,55,52,19,46,51,41,1,15,19,1,29,30,56,36.9
동작구,상도2동,11590104,22,55,79,53,28,42,66,46,13,72,41,34,0,26,46,1,33,43,45,39.2
동작구,상도3동,11590105,22,72,75,58,45,51,66,33,20,56,24,30,0,40,53,1,29,33,43,39.5
동작구,상도4동,11590106,28,69,82,57,50,52,63,37,22,57,47,58,1,39,43,1,32,36,42,42.9
동작구,신대방1동,11590114,27,50,36,48,41,49,70,47,15,56,64,46,0,39,47,1,33,38,42,39.4
동작구,신대방2동,11590115,23,50,51,45,35,33,64,50,23,56,37,34,0,36,40,1,32,31,43,36.0
동작구,흑석동,11590107,24,54,75,53,36,33,58,53,17,45,66,42,0,25,24,1,23,21,38,36.2
마포구,공덕동,11440101,39,71,65,61,66,61,76,33,28,48,51,33,0,10,31,1,37,34,54,42.1
마포구,대흥동,11440104,46,65,85,54,57,53,82,31,34,56,50,35,0,34,68,1,33,42,59,46.6
마포구,망원1동,11440110,25,66,81,62,45,63,62,29,17,40,49,67,1,45,62,2,38,7,30,41.6
마포구,망원2동,11440111,24,75,80,65,40,66,73,25,13,36,38,66,1,39,69,2,36,9,9,40.3
마포구,상암동,11440115,22,56,59,33,60,31,41,54,14,56,43,35,0,37,55,1,17,34,39,36.2
마포구,서강동,11440107,27,40,72,62,37,36,48,47,21,56,48,34,0,6,11,1,29,32,50,34.6
마포구,서교동,11440108,22,36,76,68,74,35,53,48,46,55,41,36,0,27,41,1,26,24,40,39.4
마포구,성산1동,11440113,23,75,76,55,36,56,62,30,37,45,69,57,1,41,55,2,33,28,46,43.5
마포구,성산2동,11440114,44,77,74,41,49,62,71,31,23,49,46,42,1,19,29,1,28,28,47,40.1
마포구,신수동,11440106,27,53,80,57,16,47,64,37,22,56,64,31,0,35,40,2,42,25,33,38.5
마포구,아현동,11440102,30,70,84,54,25,36,71,41,12,56,49,39,0,22,60,2,31,21,38,39.0
마포구,연남동,11440112,29,63,75,58,42,54,63,43,24,49,56,49,1,55,47,1,31,19,30,41.5
마포구,염리동,11440105,34,75,84,63,51,60,97,37,31,57,48,58,1,67,68,1,49,19,33,49.1
마포구,용강동,11440103,31,58,79,51,46,47,83,39,24,52,29,33,0,41,45,1,43,22,42,40.3
마포구,합정동,11440109,27,54,79,60,41,45,53,36,27,22,43,41,1,44,47,1,26,12,27,36.1
서대문구,남가좌1동,11410111,29,72,76,33,15,60,73,44,21,60,39,49,1,56,62,1,38,31,31,41.6
서대문구,남가좌2동,11410112,33,69,87,68,36,60,81,32,16,52,39,53,1,36,50,1,49,26,44,43.8
서대문구,북가좌1동,11410113,25,65,54,37,42,50,63,41,15,56,27,45,1,31,63,2,29,20,37,37.0
서대문구,북가좌2동,11410114,32,70,78,62,38,68,74,28,25,36,39,55,1,40,34,1,37,37,72,43.5
서대문구,북아현동,11410102,42,70,59,52,64,63,69,36,45,56,42,46,1,49,62,2,32,24,45,45.2
서대문구,신촌동,11410104,35,47,58,75,43,46,82,50,30,62,47,60,1,41,62,1,46,56,60,47.5
서대문구,연희동,11410105,25,45,78,60,33,41,56,49,30,39,49,38,0,20,40,1,37,33,54,38.3
서대문구,천연동,11410101,45,73,77,58,29,54,66,37,23,39,49,67,1,51,37,1,37,34,28,42.4
서대문구,충현동,11410103,29,55,71,64,38,50,59,33,30,55,30,38,1,9,43,1,28,17,38,36.3
서대문구,홍은1동,11410109,33,65,82,76,34,59,66,37,18,50,49,53,1,30,40,1,57,26,21,42.0
서대문구,홍은2동,11410110,24,60,79,59,39,48,55,41,33,56,41,52,0,37,37,1,43,36,54,41.8
서대문구,홍제1동,11410106,28,66,81,49,37,54,65,40,24,54,47,46,1,23,20,2,46,40,51,40.7
서대문구,홍제2동,11410107,35,74,88,67,30,51,55,42,27,56,38,50,1,51,57,1,39,39,35,44.0
서대문구,홍제3동,11410108,35,77,88,72,55,70,77,31,23,49,37,58,1,41,27,1,53,15,21,43.7
서초구,내곡동,11650118,21,15,60,42,17,0,13,74,30,51,56,36,0,35,52,1,39,28,29,31.5
서초구,반포1동,11650107,14,28,55,37,53,14,40,62,37,56,44,13,0,0,29,1,39,27,52,31.6
서초구,반포2동,11650108,13,21,50,23,21,7,43,88,4,58,81,33,0,53,31,2,42,37,15,32.7
서초구,반포3동,11650109,18,43,63,25,11,21,59,71,14,56,74,41,0,19,54,1,40,24,38,35.4
서초구,반포4동,11650110,9,12,65,34,24,7,40,72,23,56,44,21,0,22,25,1,40,47,53,31.3
서초구,반포본동,11650106,6,19,0,0,22,1,0,100,4,100,83,65,0,93,92,2,1,66,25,35.7
서초구,방배1동,11650112,11,15,71,64,33,12,37,65,35,56,43,20,0,32,40,1,36,24,24,32.6
서초구,방배2동,11650113,25,29,52,37,20,30,43,53,36,56,44,38,0,36,54,1,30,15,29,33.1
서초구,방배3동,11650114,11,27,67,48,17,11,37,71,14,56,80,44,0,18,47,1,49,31,30,34.7
서초구,방배4동,11650115,22,19,69,43,44,19,45,63,34,56,39,24,0,26,46,1,37,36,30,34.4
서초구,방배본동,11650111,10,11,55,33,34,15,37,66,27,56,51,44,0,26,10,1,38,22,30,29.8
서초구,서초1동,11650101,10,20,63,40,27,4,35,66,28,55,40,30,0,38,38,1,42,22,31,31.1
서초구,서초2동,11650102,22,27,55,29,23,9,46,68,27,65,56,29,0,21,63,1,50,30,45,35.1
서초구,서초3동,11650103,10,10,57,40,24,1,25,65,35,46,50,24,0,5,17,1,38,32,56,28.2
서초구,서초4동,11650104,6,25,61,38,25,14,49,70,18,56,51,23,0,25,16,1,52,48,56,33.4
서초구,양재1동,11650116,25,28,65,41,16,15,24,60,31,49,48,31,0,6,22,1,45,32,55,31.3
서초구,양재2동,11650117,29,22,58,31,46,20,31,51,56,43,20,18,0,20,58,1,45,25,44,32.5
서초구,잠원동,11650105,23,30,52,21,36,20,41,69,24,56,35,21,0,19,32,1,31,40,37,30.9
성동구,금호1가동,11200108,34,65,77,49,65,59,68,28,28,58,28,39,0,41,44,1,26,27,31,40.4
성동구,금호2·3가동,11200109,29,63,81,55,29,56,67,28,26,56,40,41,1,45,60,1,26,25,41,40.5
성동구,금호4가동,11200110,32,59,76,38,44,41,48,39,39,56,32,40,1,40,41,1,11,18,39,36.6
성동구,마장동,11200103,28,55,72,50,41,67,77,18,27,56,44,61,1,11,43,1,22,20,44,38.8
성동구,사근동,11200104,29,51,82,65,51,61,83,32,34,56,33,37,1,62,64,1,26,42,32,44.3
성동구,성수1가1동,11200112,34,19,70,64,21,16,41,56,24,56,46,34,0,52,48,1,11,6,26,32.9
성동구,성수1가2동,11200113,26,53,76,38,23,59,81,25,22,47,35,41,1,68,62,2,18,0,29,37.2
성동구,성수2가1동,11200114,39,61,75,46,26,65,67,21,31,43,32,59,1,52,52,2,24,9,31,38.7
성동구,성수2가3동,11200115,29,51,69,37,31,44,60,40,16,55,28,36,0,45,53,1,14,72,40,37.9
성동구,송정동,11200116,48,68,64,62,48,75,66,22,55,54,59,59,1,74,47,2,21,12,38,46.1
성동구,옥수동,11200111,24,43,59,43,23,26,42,57,26,55,47,32,0,31,31,1,12,37,47,33.5
성동구,왕십리2동,11200101,29,60,76,60,38,69,64,20,23,71,30,39,1,59,71,1,24,39,35,42.6
성동구,왕십리도선동,11200102,27,53,70,40,58,55,69,28,20,56,56,34,0,24,29,1,29,39,50,38.8
성동구,용답동,11200117,42,66,68,48,61,71,88,15,39,56,33,76,1,46,42,2,25,18,39,44.0
성동구,응봉동,11200107,18,48,71,50,28,43,47,47,24,46,51,60,0,30,49,2,11,26,32,35.9
성동구,행당1동,11200105,35,60,83,59,50,49,74,34,15,56,39,44,0,43,78,1,22,28,32,42.2
성동구,행당2동,11200106,34,70,85,66,33,55,72,35,19,56,48,46,1,16,35,1,26,36,60,41.8
성북구,길음1동,11290112,25,77,77,38,15,58,66,35,10,56,54,43,1,32,40,2,53,34,46,40.1
성북구,길음2동,11290113,35,67,64,35,67,58,67,35,41,58,39,37,1,44,39,1,47,43,38,42.9
성북구,돈암1동,11290104,35,81,81,45,61,59,64,31,20,55,44,50,1,36,51,1,43,17,30,42.4
성북구,돈암2동,11290105,21,57,79,43,41,51,64,41,23,56,50,37,0,47,47,1,57,32,33,41.1
성북구,동선동,11290103,38,56,84,59,59,67,70,20,29,56,33,25,0,56,49,1,48,17,45,42.7
성북구,보문동,11290107,36,64,69,56,71,62,63,28,30,51,35,46,1,65,66,1,48,11,27,43.7
성북구,삼선동,11290102,30,75,83,68,40,75,75,29,34,31,41,48,1,48,38,1,52,7,23,42.1
성북구,석관동,11290120,30,72,74,54,45,59,72,33,22,33,31,55,1,21,31,1,26,26,54,38.9
성북구,성북동,11290101,22,34,59,48,44,25,34,52,34,41,60,40,0,39,63,1,46,32,33,37.2
성북구,안암동,11290106,38,50,60,62,38,67,65,36,32,56,53,63,1,39,72,2,53,31,39,45.1
성북구,월곡1동,11290115,27,82,81,46,69,66,80,28,21,52,30,48,1,20,43,1,52,23,50,43.2
성북구,월곡2동,11290116,28,75,77,46,27,58,69,32,22,53,39,46,1,35,58,2,36,26,48,40.9
성북구,장위1동,11290117,33,75,78,60,74,72,65,27,26,56,27,45,1,41,50,2,47,28,26,43.8
성북구,장위2동,11290118,36,74,88,54,51,74,79,28,31,56,32,60,1,57,69,1,46,42,53,49.1
성북구,장위3동,11290119,22,62,66,22,47,59,61,35,25,56,44,44,1,51,60,1,43,42,36,40.9
성북구,정릉1동,11290108,26,72,83,44,38,70,74,24,23,56,31,39,1,53,42,1,55,40,40,42.7
성북구,정릉2동,11290109,21,64,80,49,38,58,58,33,23,52,33,44,0,26,53,1,49,19,49,39.5
성북구,정릉3동,11290110,26,52,88,62,27,73,71,32,19,47,24,47,1,52,55,2,66,27,34,42.4
성북구,정릉4동,11290111,28,57,77,56,46,63,55,40,29,54,48,49,1,23,32,1,46,23,31,39.9
성북구,종암동,11290114,31,72,84,57,35,74,81,22,20,17,47,68,1,25,39,2,62,20,36,41.7
송파구,가락1동,11710115,18,14,40,18,32,19,27,62,19,56,49,33,0,25,34,1,22,73,100,33.8
송파구,가락2동,11710116,18,44,69,42,42,34,53,58,25,53,49,24,0,11,26,1,39,26,46,34.7
송파구,가락본동,11710114,23,36,69,37,75,29,53,55,31,56,41,32,0,13,39,1,35,30,43,36.7
송파구,거여1동,11710103,32,78,75,40,21,57,75,40,26,56,35,49,1,53,76,1,47,28,45,43.9
송파구,거여2동,11710104,41,67,74,39,29,41,61,44,24,57,30,34,0,30,40,1,36,30,27,37.1
송파구,마천1동,11710105,39,62,72,55,51,51,50,39,40,53,26,45,1,36,52,1,34,28,38,40.7
송파구,마천2동,11710106,36,81,83,47,36,83,78,26,29,56,28,45,1,35,52,1,49,24,47,44.1
송파구,문정1동,11710117,13,46,74,55,23,27,53,62,21,54,56,44,1,27,59,1,37,22,34,37.3
송파구,문정2동,11710118,6,40,62,44,33,12,43,75,16,55,52,29,0,15,50,1,22,31,46,33.3
송파구,방이1동,11710107,13,40,75,54,17,29,47,62,18,56,58,40,0,39,42,1,36,17,33,35.6
송파구,방이2동,11710108,26,31,75,53,68,30,41,47,48,54,10,21,0,14,43,1,28,18,48,34.5
송파구,삼전동,11710113,26,34,70,67,78,41,50,34,48,44,45,25,0,20,33,1,36,21,44,37.7
송파구,석촌동,11710112,36,33,78,67,76,37,59,41,43,41,38,29,0,8,36,1,39,20,44,38.2
송파구,송파1동,11710110,25,28,75,61,34,29,51,52,40,49,19,29,0,20,47,1,34,39,62,36.6
송파구,송파2동,11710111,12,43,73,41,38,38,59,63,16,56,43,38,0,43,49,1,50,21,35,37.8
송파구,오금동,11710109,21,45,68,32,27,32,43,61,22,54,49,37,0,5,20,1,43,25,38,32.8
송파구,위례동,11710120,22,48,54,31,28,13,33,60,24,78,42,29,100,19,45,100,25,33,41,43.4
송파구,잠실2동,11710122,16,54,70,37,14,22,50,64,6,56,68,54,0,36,45,1,31,37,30,36.4
송파구,잠실3동,11710123,15,33,64,41,22,19,55,67,15,56,63,31,0,18,22,1,43,39,61,35.0
송파구,잠실4동,11710124,16,49,61,25,22,21,44,66,0,56,59,31,0,40,43,1,35,30,0,31.5
송파구,잠실6동,11710125,11,32,68,50,25,12,49,68,12,58,59,30,0,40,57,1,28,28,35,34.9
송파구,잠실7동,11710126,2,35,64,30,19,8,33,90,3,11,69,49,0,45,59,1,36,24,24,31.7
송파구,잠실본동,11710121,28,26,73,58,50,23,53,53,51,56,33,27,0,15,42,1,37,22,52,36.8
송파구,장지동,11710119,32,52,63,41,33,30,42,51,24,55,44,44,0,12,38,1,23,30,46,34.8
송파구,풍납1동,11710101,35,74,58,38,38,49,53,40,30,55,42,37,0,48,72,1,31,22,24,39.3
송파구,풍납2동,11710102,24,55,56,28,24,33,52,53,17,56,40,35,0,22,27,1,41,40,42,34.0
양천구,목1동,11470114,19,34,59,25,28,17,57,69,15,56,44,28,0,26,24,1,34,37,47,32.6
양천구,목2동,11470115,31,50,72,42,52,27,64,49,28,48,39,34,0,16,25,1,38,26,37,35.7
양천구,목3동,11470116,32,59,67,45,40,35,67,44,29,55,39,32,0,40,26,1,46,26,51,38.6
양천구,목4동,11470117,31,63,77,48,26,43,69,39,28,54,42,48,0,50,55,1,44,25,32,40.8
양천구,목5동,11470118,10,39,60,25,26,22,68,67,5,56,69,37,0,34,15,1,37,23,36,33.2
양천구,신월1동,11470101,43,66,44,28,32,60,83,31,41,53,34,59,1,51,21,2,56,38,48,41.6
양천구,신월2동,11470102,29,67,69,47,38,58,66,31,7,56,27,51,1,41,44,1,45,38,38,39.7
양천구,신월3동,11470103,52,74,78,75,65,57,87,35,47,54,23,56,0,60,46,1,60,18,25,48.1
양천구,신월4동,11470104,25,71,79,42,37,73,98,24,9,56,25,54,1,55,38,1,61,42,20,42.7
양천구,신월5동,11470105,31,65,42,33,33,56,74,28,25,55,43,47,1,40,43,1,55,26,41,38.9
양천구,신월6동,11470106,31,61,75,31,62,51,68,41,17,62,21,30,1,67,58,1,42,44,26,41.5
양천구,신월7동,11470107,45,77,81,60,42,61,73,34,25,52,24,41,1,43,27,1,46,16,30,41.0
양천구,신정1동,11470108,22,58,79,43,30,53,92,40,24,57,54,33,0,61,63,1,54,17,36,43.0
양천구,신정2동,11470109,34,56,56,30,39,56,78,39,16,56,52,51,1,52,49,1,38,27,17,39.4
양천구,신정3동,11470110,30,55,71,45,47,38,51,45,24,56,29,29,0,5,4,1,21,34,45,33.2
양천구,신정4동,11470111,34,54,74,43,51,52,63,29,27,55,25,45,1,30,28,1,30,31,38,37.4
양천구,신정6동,11470112,15,38,64,22,31,26,63,61,6,56,61,45,0,31,28,1,32,49,41,35.3
양천구,신정7동,11470113,47,69,75,37,31,44,76,45,12,53,53,38,0,33,31,1,21,33,51,39.5
영등포구,당산1동,11560104,42,49,79,41,41,55,91,30,28,56,38,52,1,44,40,1,38,14,36,40.8
영등포구,당산2동,11560105,16,52,72,48,31,38,63,41,10,56,57,34,0,20,29,1,34,19,44,35.0
영등포구,대림1동,11560116,39,71,81,62,45,75,88,25,17,56,41,64,1,51,50,1,41,30,33,45.8
영등포구,대림2동,11560117,32,60,60,73,41,70,83,33,15,57,33,50,1,50,50,1,29,38,37,42.8
영등포구,대림3동,11560118,33,59,65,42,41,55,75,32,14,56,47,47,1,50,42,1,25,39,44,40.4
영등포구,도림동,11560106,39,67,80,59,96,54,77,32,19,56,24,34,1,49,54,1,31,38,50,45.3
영등포구,문래동,11560107,22,55,71,38,27,44,72,40,19,56,41,41,1,26,34,1,32,29,48,36.7
영등포구,신길1동,11560110,48,59,78,62,48,52,75,34,32,56,36,49,1,31,58,1,28,24,50,43.3
영등포구,신길3동,11560111,43,71,89,55,58,73,99,22,29,56,41,47,1,45,46,2,40,38,35,46.8
영등포구,신길4동,11560112,42,83,90,73,0,57,91,31,24,59,32,52,1,76,61,1,35,42,23,45.9
영등포구,신길5동,11560113,42,69,86,53,33,66,83,27,24,56,30,47,1,45,47,1,29,37,36,42.7
영등포구,신길6동,11560114,30,60,66,35,45,40,71,34,22,59,43,43,1,46,16,1,29,42,49,38.5
영등포구,신길7동,11560115,16,52,56,38,56,41,64,40,17,58,39,35,0,19,49,1,31,35,45,36.4
영등포구,양평1동,11560108,32,66,75,28,68,59,77,35,34,56,31,39,0,49,57,1,37,25,39,42.5
영등포구,양평2동,11560109,16,61,69,31,33,42,64,36,19,51,39,29,0,47,53,1,29,19,35,35.5
영등포구,여의동,11560103,17,27,56,33,16,14,50,65,28,30,50,31,0,15,0,1,27,40,54,29.2
영등포구,영등포동,11560102,43,50,84,47,60,47,84,26,54,56,41,33,0,7,30,1,31,28,51,40.7
영등포구,영등포본동,11560101,34,72,85,71,70,54,80,30,37,56,38,48,1,35,47,1,29,19,27,43.9
용산구,남영동,11170103,77,61,75,55,59,39,59,49,60,54,2,67,0,48,78,1,19,25,28,45.1
용산구,보광동,11170116,49,38,78,67,73,61,69,26,74,49,33,58,0,62,73,1,24,27,21,46.5
용산구,서빙고동,11170115,33,38,57,38,34,20,24,69,35,55,49,58,0,44,47,1,0,33,29,34.9
용산구,용문동,11170108,30,63,69,58,45,40,68,37,32,55,56,36,1,58,58,1,32,25,27,41.6
용산구,용산2가동,11170102,31,62,85,72,18,62,70,23,45,6,23,59,1,63,63,1,40,10,34,40.4
용산구,원효로1동,11170105,27,44,77,68,43,24,59,42,24,56,20,22,0,60,49,1,23,31,34,37.1
용산구,원효로2동,11170106,29,38,48,31,31,26,38,46,28,54,43,36,0,56,62,2,19,32,28,34.1
용산구,이촌1동,11170110,22,31,64,39,20,7,36,83,17,48,62,36,0,29,30,1,6,31,34,31.4
용산구,이촌2동,11170111,26,42,51,52,37,33,28,51,12,58,34,48,0,35,64,1,7,47,36,34.8
용산구,이태원1동,11170112,47,27,86,77,47,34,64,39,51,54,35,48,0,50,63,1,28,24,27,42.2
용산구,이태원2동,11170113,39,35,83,72,52,51,57,29,51,21,43,71,1,75,60,1,39,24,23,43.5
용산구,청파동,11170104,39,69,68,77,53,60,71,22,42,55,28,35,1,31,58,1,30,22,33,41.8
용산구,한강로동,11170109,25,25,64,71,24,10,35,73,33,55,56,26,0,35,37,1,8,32,33,33.8
용산구,한남동,11170114,34,10,53,51,46,1,17,74,51,56,45,38,0,38,48,1,10,47,41,34.8
용산구,효창동,11170107,22,58,57,65,17,61,86,22,19,56,44,37,0,55,69,2,49,55,33,42.5
용산구,후암동,11170101,34,51,81,71,45,41,65,35,40,49,20,39,0,33,58,1,30,5,35,38.6
은평구,갈현1동,11380104,34,66,80,68,41,58,54,41,42,45,36,25,0,40,52,1,36,27,44,41.6
은평구,갈현2동,11380105,28,79,79,62,47,57,57,46,24,56,43,48,1,34,36,1,41,29,39,42.5
은평구,구산동,11380106,23,77,86,78,39,56,60,49,20,28,44,48,1,30,47,1,49,15,23,40.7
은평구,녹번동,11380101,39,70,81,58,39,49,50,40,30,48,32,46,0,13,10,1,33,20,40,36.8
은평구,대조동,11380107,43,74,89,68,63,61,73,42,32,53,35,44,1,29,40,1,40,30,33,44.8
은평구,불광1동,11380102,37,76,82,70,55,53,61,44,25,50,35,50,1,9,22,1,39,22,41,40.7
은평구,불광2동,11380103,46,82,78,52,66,63,62,43,28,52,42,54,1,30,39,1,36,49,41,45.5
은평구,수색동,11380115,37,62,66,53,54,48,47,46,21,48,51,43,0,53,62,1,18,11,16,38.8
은평구,신사1동,11380112,26,73,77,42,43,64,65,35,20,35,48,69,1,34,47,2,35,19,32,40.4
은평구,신사2동,11380113,32,74,74,59,41,63,54,38,24,48,44,43,1,45,53,1,30,34,32,41.6
은평구,역촌동,11380111,33,82,83,63,52,59,65,39,23,41,34,56,1,13,24,1,36,33,44,41.2
은평구,응암1동,11380108,29,77,81,59,33,51,59,45,22,56,22,46,1,27,31,1,36,20,38,38.6
은평구,응암2동,11380109,36,73,82,68,44,57,76,33,13,49,35,39,1,30,34,1,47,26,36,41.1
은평구,응암3동,11380110,39,85,68,53,38,72,76,34,27,56,38,70,1,32,51,2,45,31,41,45.2
은평구,증산동,11380114,25,52,41,46,49,48,52,45,28,51,38,56,1,30,61,1,23,32,37,37.7
은평구,진관동,11380116,14,61,68,62,23,27,36,64,15,54,58,30,0,0,12,1,21,35,56,33.5
종로구,가회동,11110108,45,42,79,62,17,60,64,46,21,50,83,51,1,81,94,2,64,31,22,48.2
종로구,교남동,11110107,41,56,41,38,27,57,67,37,21,56,50,42,0,61,57,1,49,22,37,40.0
종로구,무악동,11110106,33,54,22,34,29,47,59,39,31,57,35,54,0,61,44,1,34,25,32,36.4
종로구,부암동,11110104,35,21,70,56,47,21,23,71,23,51,28,46,0,70,71,1,78,34,30,40.8
종로구,사직동,11110102,31,34,69,54,21,37,56,42,36,45,52,26,0,60,63,1,52,44,52,40.8
종로구,삼청동,11110103,41,42,81,62,2,56,84,50,31,53,100,100,1,100,100,3,100,33,19,55.7
종로구,숭인1동,11110116,54,70,73,69,43,75,66,16,39,57,33,56,1,71,78,1,40,25,35,47.5
종로구,숭인2동,11110117,64,54,41,52,46,68,75,15,61,56,9,43,1,53,82,1,38,9,33,42.2
종로구,이화동,11110111,65,53,78,99,45,54,93,44,38,65,49,53,1,66,85,1,59,56,42,55.1
종로구,종로1·2·3·4가동,11110109,71,12,66,58,44,50,77,25,88,54,25,33,0,43,79,1,28,61,31,44.5
종로구,종로5·6가동,11110110,66,45,83,82,60,94,96,0,46,56,43,42,1,58,85,1,57,26,34,51.3
종로구,창신1동,11110113,68,54,73,97,7,75,83,3,83,59,47,92,1,74,91,2,35,29,31,52.8
종로구,창신2동,11110114,52,70,100,92,30,100,91,6,49,17,46,99,1,75,87,2,50,7,20,52.3
종로구,창신3동,11110115,36,63,83,55,10,76,62,11,33,26,66,89,1,88,88,2,43,4,22,45.2
종로구,청운효자동,11110101,26,29,75,72,25,21,38,59,32,52,72,26,0,65,74,1,52,34,27,41.1
종로구,평창동,11110105,16,10,62,37,18,2,16,93,37,32,50,35,0,40,66,1,63,36,2,32.4
종로구,혜화동,11110112,24,46,85,100,52,62,68,23,28,0,51,46,0,55,71,1,69,13,28,43.3
중구,광희동,11140106,62,11,69,48,45,44,46,32,55,56,20,29,0,31,49,1,10,78,30,37.7
중구,다산동,11140109,27,61,73,75,45,62,59,20,60,51,30,54,0,33,69,1,31,22,42,42.9
중구,동화동,11140113,24,59,73,54,37,74,76,21,20,58,26,46,0,55,56,1,39,34,32,41.3
중구,명동,11140103,47,23,59,92,22,26,66,53,39,56,47,30,0,78,84,1,34,44,43,44.4
중구,소공동,11140101,52,32,38,38,30,34,57,67,50,81,35,31,0,70,96,1,18,56,33,43.1
중구,신당5동,11140112,33,62,67,69,65,80,84,17,36,59,32,46,1,71,51,2,39,34,48,47.2
중구,신당동,11140108,67,18,60,56,89,32,34,33,66,56,2,21,0,42,58,0,1,100,63,42.0
중구,약수동,11140110,42,58,41,51,44,52,55,39,31,56,30,41,0,26,53,1,25,35,57,38.8
중구,을지로동,11140107,100,19,77,51,48,70,69,18,97,70,32,46,0,78,73,0,22,89,30,52.1
중구,장충동,11140105,47,22,74,84,37,50,60,34,30,48,24,55,1,83,65,1,33,23,32,42.3
중구,중림동,11140115,37,62,36,47,35,68,64,22,38,49,53,32,1,53,72,2,27,20,31,39.4
중구,청구동,11140111,45,64,59,50,25,69,74,31,34,57,44,43,1,31,36,1,40,60,47,42.7
중구,필동,11140104,60,2,72,72,22,56,63,15,43,54,30,23,0,66,67,1,37,28,38,39.4
중구,황학동,11140114,44,44,63,44,59,69,87,14,61,50,32,39,1,59,81,1,45,16,36,44.5
중구,회현동,11140102,46,20,58,67,57,42,52,34,69,56,26,39,0,44,67,1,10,26,38,39.6
중랑구,망우3동,11260115,48,86,89,80,71,73,91,31,41,54,31,60,1,40,50,2,48,16,29,49.5
중랑구,망우본동,11260114,42,66,82,52,56,48,71,38,39,54,30,52,1,25,39,2,25,27,55,42.3
중랑구,면목2동,11260102,42,71,78,68,66,60,71,31,35,44,30,56,1,36,56,1,24,22,43,43.9
중랑구,면목3·8동,11260103,39,69,77,63,71,55,64,31,25,56,23,47,1,24,58,1,25,31,39,42.1
중랑구,면목4동,11260104,35,72,64,45,75,61,67,35,22,56,31,55,1,56,59,1,27,26,35,43.3
중랑구,면목5동,11260105,44,73,67,47,41,60,67,37,24,60,42,62,1,75,77,2,26,46,37,46.7
중랑구,면목7동,11260106,37,67,76,52,49,54,65,34,26,56,23,53,1,36,31,1,28,24,47,40.0
중랑구,면목본동,11260101,40,84,88,70,47,63,71,38,39,49,28,55,1,8,33,1,27,20,41,42.3
중랑구,묵1동,11260112,23,64,77,61,64,50,65,42,15,45,42,49,1,10,24,1,30,16,22,36.9
중랑구,묵2동,11260113,37,68,70,42,60,55,58,36,27,52,34,55,1,28,44,1,19,22,35,39.2
중랑구,상봉1동,11260108,35,76,78,59,58,46,59,40,30,56,23,41,1,35,71,1,21,28,46,42.3
중랑구,상봉2동,11260109,46,71,81,59,85,50,64,32,36,56,16,54,1,50,60,1,20,27,31,44.2
중랑구,신내1동,11260116,25,68,70,33,40,46,52,39,16,56,33,46,1,23,17,1,18,33,52,35.2
중랑구,신내2동,11260117,42,76,89,53,28,51,69,40,19,56,29,53,1,36,34,1,26,29,49,41.1
중랑구,중화1동,11260110,28,67,84,60,51,52,54,39,34,47,29,49,1,60,49,1,17,16,22,40.0
중랑구,중화2동,11260111,55,90,75,63,72,60,66,35,39,52,36,67,1,50,48,2,18,22,41,46.9
