"PNU코드(PNU)","기준년월(KEYMONTH)","표제부_키코드(PKCODE1)","전유부_키코드(PKCODE2)","사례번호(SRNUM)","본건_주소(ADDRESS)","본건_전용면적(BON_JYAREA)","사례_주소(SAMPLE_ADDRESS)","사례_본번(SAMPLE_BUNJI1)","사례_부번(SAMPLE_BUNJI2)","사례_건물이름(SAMPLE_BLDNAME)","사례_거래년월(SAMPLE_MONTH)","사례_거래금액(SAMPLE_VALUE)","사례_건축연도(SAMPLE_BUILDYEAR)","사례_전용면적(SAMPLE_JYAREA)","사례_층수(SAMPLE_FLOOR)","거리(SAMPLE_DISTANCE)","유사도(SAMPLE_SCORE)"
"1147010300109620007","202009","11470-16926","11470-89490","33","서**별**양** **동**8**5**",36.63,"서**별**양** **동**8**1**지**","0318","0006","도*주*A*",202105,9000,"2016",45.56,4,263,0.08263
"1147010200107300020","202103","11470-100220472","11470-91055","68","서**별**양** ** **5**8**",50.91,"서**별**양** **동**1**-**지**","0231","0079","더*리*",202012,20000,"2001",26.86,3,259,0.05625
"1147010300105170004","202101","11470-100234324","11470-100212200","2","서**별**양** ** **-**번**",55.41,"서**별**양** **동**6**4**","0922","0074","예*쉐*빌*9*9*4*(*9*)",201802,23000,"1994",55.47,2,407,0.12681
"1147010200107250021","202004","11470-11308","11470-100240493","34","서**별**양** **동**7**1**지**",61.71,"서**별**양** ** **1**6**지**","0950","0008","유*빌",201908,21000,"1987",58.69,4,369,0.14242
"1147010200103180028","202003","11470-8309","11470-141502","28","서**별**양** **동**1**5**",66.4,"서**별**양** **동**0**-**지**","0944","0006","칭*그*맨*",202006,10000,"2010",44.71,2,373,0.09916
"1147010300109540009","202006","11470-100231669","11470-77720","18","서**별**양** **동**2**번**",50.11,"서**별**양** ** **1**4**지**","0533","0002","미*빌*(*0*)",201907,20000,"2020",41.18,2,104,0.04227
"1147010200104970015","202007","11470-100227562","11470-70492","90","서**별**양** **동**3**5**",46.71,"서**별**양** **동**2**-**번**","0971","0000","예*빌",202004,35000,"2001",28.57,3,199,0.14912
"1147010100109590008","201912","11470-17115","11470-95239","2","서**별**양** **동**0**-**지**",44.19,"서**별**양** **동**1**2**","0926","0010","삼*그*빌*(*3*)",202002,8500,"2002",29.47,3,473,0.08699
"1147010200103180180","202002","11470-9622","11470-101328","36","서**별**양** **동**1**1**",36.36,"서**별**양** **동**8**4**","0079","0009","빌*엔",202007,17000,"1986",42.64,2,274,0.14272
"1147010200107660021","202012","11470-19648","11470-92639","51","서**별**양** ** **7**1**",29.96,"서**별**양** **동**2**-**지**","0500","0095","우*주*(*4*-*)",202003,19400,"2001",70.75,3,493,0.12749
"1147010300100660004","202104","11470-4343","11470-75832","48","서**별**양** ** **9**번**",54.29,"서**별**양** **동**0**번**","1198","0007","미*(*동*",202007,18000,"2016",37.67,2,434,0.03519
"1147010100109830001","202101","11470-17708","11470-142377","30","서**별**양** **동**8**1**",32.42,"서**별**양** **동**1**-**번**","0017","0037","8*주*(*동*",202105,15000,"2002",36.6,4,308,0.04291
"1147010300100420002","202001","11470-14880","11470-136012","17","서**별**양** ** **1**2**지**",59.7,"서**별**양** ** **1**4**","0103","0011","신*호*립",202006,10000,"2008",59.67,3,44,0.05369
"1147010300109650002","202105","11470-4839","11470-74782","5","서**별**양** ** **0**번**",41.84,"서**별**양** **동**2**5**","0318","0014","영*빌*(*6*-*)",201912,16800,"2007",39.42,1,329,0.07065
"1147010200107230018","202103","11470-21458","11470-131485","91","서**별**양** ** **5**7**",43.12,"서**별**양** **동**8**번**","0376","0007","금*빌*A*",202004,20500,"1990",43.59,1,447,0.18595
"1147010200105040008","202002","11470-12316","11470-73293","13","서**별**양** **동**3**9**",36.52,"서**별**양** **동**8**7**","0221","0004","모*주*",201910,10000,"1989",54.83,2,67,0.11188
"1147010200105340029","202009","11470-14047","11470-100211493","12","서**별**양** ** **6**9**",64.14,"서**별**양** **동**1**7**","0727","0002","희*빌*",202006,14000,"1996",41.08,3,380,0.07706
"1147010200107430010","202010","11470-3927","11470-100217797","74","서**별**양** ** **4**번**",62.07,"서**별**양** **동**7**1**지**","0067","0020","디*인*",202106,22000,"1988",40.94,1,196,0.07445
"1147010300103310040","202102","11470-6225","11470-95076","19","서**별**양** **동**0**-**지**",24.56,"서**별**강** **동**5**4**지**","0524","0032","삼*헤*티*(*7*9*",202009,23000,"2013",29.93,3,468,0.12125
"1147010200107810018","202004","11470-8598","11470-139742","42","서**별**양** ** **9**1**",76.05,"서**별**강** **동**7**2**지**","0934","0013","삼*주* *동",202005,20000,"2016",48.17,3,0,0.22529
"1147010300101080001","202103","11470-100220547","11470-110242","84","서**별**양** ** **3**번**",91.85,"서**별**양** **동**0**-**번**","0734","0027","유*빌*",202105,10000,"2016",66.54,2,168,0.05604
"1147010300103310000","202008","11470-18165","11470-84449","23","서**별**양** **동**6**9**",78.6,"서**별**양** ** **1**0**","0780","0029","동*아*빌",201911,25000,"2007",57.92,2,458,0.08959
"1147010300105040007","202007","11470-2715","11470-71112","38","서**별**양** ** **4**번**",60.1,"서**별**양** ** **4**번**","0531","0213","현*빌*트*차",202104,7000,"2003",59.75,1,473,0.03334
"1147010300105170004","202012","11470-7559","11470-91182","12","서**별**양** **동**1**1**지**",59.14,"서**별**양** **동**6**8**","0331","0009","신*주*(*6*8*",202012,12000,"1986",36.94,2,408,0.11511
"1147010200106190008","202001","11470-20655","11470-90037","21","서**별**양** **동**5**3**",63.96,"서**별**양** **동**7**1**지**","0953","0013","대*주*(*동*",202101,15000,"2002",59.58,1,132,0.10545
"1147010200104990047","202011","11470-17473","11470-134455","99","서**별**양** **동**4**1**지**",40.03,"서**별**양** ** **8**4**지**","0131","0017","성*하*스*",202105,17500,"1993",46.2,2,105,0.05469
"1147010300109110016","202002","11470-100193305","11470-100226395","72","서**별**양** ** **7**",18.3,"서**별**양** **동**7**1**지**","0099","0153","유*미*0*동",202103,13000,"1987",58.8,1,31,0.07734
"1147010300109250008","202101","11470-14936","11470-100205076","16","서**별**양** ** **6**7**",41.21,"서**별**양** ** **1**3**","0500","0006","삼*빌*(*6*-*7*",201911,20000,"2014",36.27,3,345,0.112
"1147010300109820011","202104","11470-100198984","11470-86456","80","서**별**양** **동**2**3**지**",41.21,"서**별**양** **동**4**5**","0454","0002","삼*그*빌*트*이*",202105,20000,"1993",53.4,6,423,0.04264
"1147010300109840013","202006","11470-100224808","11470-116877","13","서**별**양** **동**2**번**",67.15,"서**별**양** **동**2**1**지**","0743","0020","명*주*",202008,18000,"1993",43.87,4,294,0.11931
"1147010200105580000","202012","11470-12316","11470-78358","36","서**별**양** **동**3**1**지**",26.86,"서**별**양** **동**5**8**","0555","0021","신*빌*",202101,9000,"1989",60.7,6,331,0.09484
"1147010300100720002","202102","11470-18423","11470-100205579","48","서**별**양** **동**2**1**지**",64.89,"서**별**양** **동**2**8**","0318","0017","미*팰*스",202003,22000,"1992",41.14,5,274,0.07986
"1147010100109090008","202009","11470-21606","11470-68169","85","서**별**양** **동**2**1**지**",36.75,"서**별**양** ** **1**번**","1039","0022","대*그*빌*에*동",202005,8500,"2006",29.88,5,472,0.05493
"1147010200103180235","202011","11470-6030","11470-88423","101","서**별**양** **동**5**5**",36.54,"서**별**양** ** **-**번**","0941","0036","우*빌*(*동*",201908,18000,"2016",88.8,6,409,0.11815
"1147010100109140003","202012","11470-2704","11470-81215","23","서**별**양** **동**7**9**",34.32,"서**별**양** **동**9**1**지**","0966","0024","도*주*(*동*",202008,23000,"1988",67.05,3,0,0.14981
"1147010100108730008","202007","11470-10129","11470-100224411","20","서**별**양** ** **4**1**지**",27.62,"서**별**양** ** **8**3**","0532","0002","유*파*빌",202103,21000,"2002",60.48,1,257,0.09837
"1147010300109740002","202012","11470-10538","11470-69521","4","서**별**양** **동**1**5**",66.81,"서**별**양** **동**5**6**","0439","0011","대*아*빌",202009,10000,"2014",28.98,4,59,0.04213
"1147010200107280002","202104","11470-12509","11470-92396","22","서**별**양** **동**2**번**",37.3,"서**별**양** ** **8**4**지**","0131","0023","보*하*스",202010,28000,"1991",75.84,1,440,0.10571
"1147010200107650004","202012","11470-2733","11470-79416","139","서**별**양** ** **8**번**",45.8,"서**별**양** **동**6**1**","0746","0020","페*하*",202005,11000,"1995",36.6,4,442,0.09444
"1147010300100200009","202006","11470-16429","11470-80280","7","서**별**양** ** **5**4**",66.84,"서**별**양** **동**2**2**지**","0932","0017","(*9*-*7*",201709,18000,"1987",57.9,3,78,0.14757
"1147010200107750008","202011","11470-4997","11470-109979","23","서**별**양** **동**6**1**지**",29.85,"서**별**양** ** **4**0**지**","0318","0018","석*트*움*6*2*6*",202012,8500,"2016",36.78,1,314,0.0563
"1147010200105060007","202004","11470-100240628","11470-75499","119","서**별**양** ** **8**1**",55.53,"서**별**양** **동**2**2**","0942","0068","우*아*빌*",202001,18900,"2003",32.34,4,183,0.06997
"1147010200107670019","202103","11470-5673","11470-89135","28","서**별**양** ** **4**8**",54.54,"서**별**양** ** **4**2**","0488","0007","삼*주* *동",202012,11000,"2002",44.44,2,63,0.12883
"1147010300100630001","202003","11470-9526","11470-100217220","33","서**별**양** **동**8**3**",45.23,"서**별**양** **동**7**2**지**","0499","0001","건*V*P*션",201912,13000,"1987",39.97,5,228,0.03224
"1147010100109700017","202104","11470-9223","11470-94088","25","서**별**양** ** **8**5**지**",36.51,"서**별**강** **동**7**1**번**","0318","0175","새*빌*",202009,19000,"2017",69.54,5,370,0.07011
"1147010200102310080","202101","11470-3551","11470-100234327","63","서**별**양** ** **6**1**",33,"서**별**강** **동**7**6**","0713","0035","한*주* *차",202106,13000,"2021",36.06,1,197,0.09091
"1147010300109720009","202102","11470-100225700","11470-100201356","24","서**별**양** **동**5**3**",45.38,"서**별**양** **동**5**1**지**","0931","0001","대*주*(*동*",202006,9000,"2002",43.26,3,447,0.09762
"1147010200103150013","202104","11470-100211365","11470-100218408","28","서**별**양** **동**6**3**",58.56,"서**별**양** ** **7**1**","0231","0001","거*",201911,21000,"1995",51.18,3,378,0.12215
"1147010100110000012","202103","11470-100216096","11470-69221","33","서**별**양** ** **6**번**",62.73,"서**별**양** **동**2**2**","0927","0020","남*주* *2*",202104,25000,"2001",40.77,2,430,0.08381
"1147010100109600009","202102","11470-2381","11470-79897","74","서**별**양** **동**7**8**",59.91,"서**별**양** ** **9**번**","0657","0078","효*그*빌",202004,19000,"2018",36.3,2,0,0.08706
"1147010300100780029","202009","11470-17925","11470-100214931","5","서**별**양** **동**7**1**지**",56.12,"서**별**양** ** **1**5**","0539","0007","미*주* *동",201910,18900,"2017",30.05,2,214,0.04189
"1147010200107770005","202006","11470-20030","11470-84713","26","서**별**양** **동**6**9**",41.69,"서**별**양** **동**6**5**","0973","0093","남*쉐*빌",201904,10700,"2001",41.54,4,99,0.03371
"1147010300109550007","202007","11470-18546","11470-83652","77","서**별**양** **동**0**-**지**",23.47,"서**별**양** ** **6**번**","0884","0091","다*빌*",201902,17000,"2002",61.41,1,432,0.12215
"1147010300109670004","202004","11470-6911","11470-144819","8","서**별**양** ** **-**9**",51.26,"서**별**양** **동**4**1**지**","0469","0006","성*빌*",202006,8500,"2002",68.52,3,266,0.08855
"1147010100108890016","202002","11470-100216733","11470-80331","48","서**별**양** **동**5**1**",29.06,"서**별**양** ** **2**번**","0318","0015","대*연*C*",201908,8000,"1989",54.17,3,336,0.1097
"1147010300109910011","202011","11470-21606","11470-100217954","63","서**별**양** ** **3**번**",40.12,"서**별**양** ** **3**6**","0943","0003","궁*빌*",202007,15000,"2019",68.87,3,393,0.09758
"1147010300100970005","202102","11470-100223867","11470-108494","23","서**별**양** **동**9**1**지**",36.01,"서**별**양** **동**9**2**지**","0963","0007","목*쉐*빌",201907,10000,"2014",36.51,1,109,0.10505
"1147010100109170011","202005","11470-10356","11470-66344","6","서**별**양** ** **9**6**",58.2,"서**별**양** ** **9**번**","0924","0008","스*이*빌",202103,10000,"1994",37.17,4,373,0.07608
"1147010300109630018","202011","11470-10786","11470-100202232","76","서**별**양** **동**6**2**",50.25,"서**별**양** ** **1**0**","0526","0015","녹*주*(*차*",202005,22400,"1987",40.73,1,338,0.13056
"1147010300109270016","202103","11470-100223467","11470-80501","148","서**별**양** **동**5**7**",37.92,"서**별**양** **동**9**1**지**","0725","0012","(*8*3*)",202104,20000,"1988",53.32,2,365,0.05493
"1147010300109730003","202002","11470-100216165","11470-113931","10","서**별**양** **동**0**5**",49.22,"서**별**양** **동**1**-**번**","0231","0002","진*홈*운*1*2*",202101,12000,"1996",69.91,2,471,0.11719
"1147010300109650003","202002","11470-9747","11470-102915","12","서**별**양** ** **9**번**",54.69,"서**별**양** **동**7**6**","0547","0009","현*빌*트*차",202011,16500,"1986",59.75,2,169,0.24952
"1147010200103180097","202002","11470-7712","11470-141404","10","서**별**양** **동**2**1**지**",44.96,"서**별**양** ** **4**3**","0988","0002","광*예*인*차*9*5*1*)",202011,15000,"2002",54.15,1,445,0.05117
"1147010100110250003","202009","11470-8579","11470-84709","28","서**별**양** **동**3**3**지**",59.15,"서**별**양** **동**2**4**","0939","0006","동*주*",202006,16800,"2010",60.06,4,467,0.09019
"1147010300109220008","202006","11470-17195","11470-100216610","50","서**별**양** **동**7**번**",67.92,"서**별**강** **동**0**-**번**","0907","0006","현*빌*A*",202003,9500,"2002",59.34,2,361,0.13394
"1147010100109500021","202101","11470-100224609","11470-100233950","4","서**별**양** **동**6**2**지**",31.22,"서**별**양** **동**6**8**","0945","0010","삼*쉐*빌",202004,10000,"2001",28.5,1,443,0.10693
"1147010200107190007","202007","11470-100217145","11470-53479","51","서**별**양** ** **7**3**",70.51,"서**별**양** ** **4**0**지**","0954","0004","제*엘*운*(*1*-*2*",202004,16000,"2015",76.2,4,305,0.1235
"1147010200102310111","202001","11470-19105","11470-70894","135","서**별**양** ** **1**번**",39.87,"서**별**양** **동**0**-**번**","0534","0007","예*팰*스*0*",202007,22000,"1993",60.58,2,404,0.12173
"1147010200107770008","202009","11470-100234908","11470-84976","22","서**별**양** ** **4**0**지**",49.23,"서**별**강** **동**5**3**지**","0926","0009","로*하*츠*1*4*-*3*",201907,24000,"2011",59.97,4,143,0.14841
"1147010200107320005","202009","11470-12098","11470-100239820","8","서**별**양** **동**4**1**지**",39.41,"서**별**양** **동**4**1**지**","0318","0036","연*넥*트",202010,9500,"1987",33.18,3,258,0.11325
"1147010200107920013","202105","11470-17810","11470-87279","89","서**별**양** ** **4**번**",75.9,"서**별**양** ** **1**2**","0745","0002","대*빌* *차",202010,11000,"1986",76.77,2,421,0.04365
"1147010300109730018","202105","11470-100183572","11470-100217774","23","서**별**양** ** **8**번**",50.59,"서**별**양** **동**4**7**","0318","0026","에*빌*",202106,21000,"2014",52.68,3,410,0.13198
"1147010300109630005","202010","11470-19093","11470-107836","63","서**별**양** **동**5**1**지**",40.01,"서**별**양** ** **8**4**","0952","0089","칭*그*맨*",202009,18000,"2018",28.38,4,180,0.03691
"1147010200107460009","202001","11470-9184","11470-107861","161","서**별**양** **동**6**2**",44.85,"서**별**양** **동**1**-**지**","0994","0007","현*예*",202104,8000,"1988",41.11,1,99,0.0394
"1147010200102310208","202006","11470-100227208","11470-93237","29","서**별**양** **동**4**2**",54.17,"서**별**강** **동**0**-**지**","0242","0015","현*빌*(*9*7*",202106,19940,"2016",52.02,3,202,0.10347
"1147010300100760017","202003","11470-100231684","11470-75995","32","서**별**양** ** **4**0**",49.48,"서**별**양** ** **5**7**","0928","0017","월*메*디*(*2*-*0*)",202103,10000,"1987",24.56,2,333,0.12447
"1147010200105290016","202003","11470-15489","11470-132419","3","서**별**양** **동**1**1**지**",43.29,"서**별**양** **동**4**1**","1039","0007","목*펠*스*7*4*1*)",202009,16000,"1989",38.4,5,373,0.10463
"1147010300109640004","202102","11470-15890","11470-133633","3","서**별**양** ** **3**번**",41.15,"서**별**양** **동**6**2**","0318","0004","목*하*빌*3*8*1*4*",202004,11000,"2011",36.51,2,19,0.03229
"1147010100109360012","202102","11470-100218808","11470-76477","98","서**별**양** ** **5**0**",29.86,"서**별**양** ** **9**6**","1215","0001","세*주*(*2*-*)",201907,15100,"1989",70.55,2,307,0.01161
"1147010100109900007","202009","11470-16446","11470-100240795","9","서**별**양** ** **8**1**지**",46.59,"서**별**양** **동**3**1**지**","0558","0020","아*도*2",202011,14000,"1992",64.2,3,491,0.06683
"1147010300109720008","202008","11470-100218987","11470-92414","6","서**별**양** ** **6**3**",59.99,"서**별**양** **동**4**8**","0927","0010","온*하*빌",201908,17800,"2002",41.08,3,447,0.04145
"1147010200103240186","202004","11470-18168","11470-100205265","41","서**별**양** ** **8**4**지**",36.45,"서**별**양** ** **-**번**","0534","0008","럭*그*빌",202001,9000,"1982",46.21,2,472,0.08477
"1147010200107450005","202011","11470-5824","11470-76497","33","서**별**양** **동**1**4**",41.99,"서**별**양** ** **1**0**","0912","0026","새*아*빌",202003,30600,"2002",37.27,2,469,0.09565
"1147010100109170011","202011","11470-100197602","11470-123284","19","서**별**양** ** **1**9**",34.71,"서**별**양** ** **8**9**지**","0953","0007","새*빌*3* *동",201907,18500,"2010",59.31,3,331,0.03405
"1147010200103180010","202011","11470-100209321","11470-100204311","101","서**별**양** ** **0**2**",50.34,"서**별**양** **동**6**1**지**","0571","0002","S*스*트*빌",202003,21000,"1988",81.36,1,172,0.07283
"1147010200103180209","202006","11470-14454","11470-93507","6","서**별**양** ** **5**9**",32.01,"서**별**양** **동**7**1**지**","0537","0153","효*빌*에*동",202008,15000,"2002",28.13,4,487,0.02393
"1147010100111990010","202101","11470-100228109","11470-117219","11","서**별**양** ** **8**번**",38.67,"서**별**양** ** **1**1**지**","0318","0004","효*빌*(*3*-*2*)",202106,18000,"2004",39.74,3,180,0.12266
"1147010200109640000","202102","11470-100225888","11470-82616","27","서**별**양** **동**3**1**지**",41.67,"서**별**강** **동**8**2**지**","0996","0018","대*이*캐*",202003,18000,"1988",58.88,1,241,0.05365
"1147010300109270013","202105","11470-12076","11470-82613","85","서**별**양** **동**0**2**지**",37.78,"서**별**양** **동**0**1**","0734","0026","우*빌*(*동*",202010,18000,"2000",59.92,2,276,0.13574
"1147010300104250005","202004","11470-6042","11470-108556","47","서**별**양** ** **0**6**",63.45,"서**별**양** ** **-**4**","0480","0105","럭*다*대*택",201808,17300,"1998",40.28,1,24,0.13559
"1147010300100840016","202009","11470-17341","11470-100182870","19","서**별**양** **동**2**1**지**",48.28,"서**별**양** **동**0**-**번**","0879","0029","휴*파*타*(*1*-*5*",202010,16500,"1988",55.24,1,338,0.10619
"1147010200107600026","202003","11470-19460","11470-107791","16","서**별**양** **동**8**번**",41.1,"서**별**양** ** **1**9**","0884","0003","라*하*스",202105,26000,"2007",32.81,2,442,0.03002
"1147010300109730011","202007","11470-21141","11470-101054","32","서**별**양** ** **1**2**지**",48.15,"서**별**양** **동**8**8**","0714","0026","선*빌",202003,9000,"2014",24.56,4,62,0.14044
"1147010200103240014","202105","11470-5539","11470-100189934","45","서**별**양** ** **8**7**지**",46.73,"서**별**양** **동**6**3**","0537","0037","동*1*차*동",201908,19000,"2002",58.56,2,21,0.01983
"1147010300102310008","202103","11470-4916","11470-79495","31","서**별**양** ** **8**3**지**",26.6,"서**별**양** **동**6**5**","0907","0017","럭*그*빌",201907,20000,"1988",32.01,2,187,0.00788
"1147010200105440018","202010","11470-15299","11470-68428","15","서**별**양** ** **5**4**",40.65,"서**별**양** ** **9**번**","0502","0007","우*빌*(*동*",202002,15900,"2018",68.65,4,311,0.11634
"1147010300109930013","202103","11470-17410","11470-109264","29","서**별**양** **동**7**1**지**",36.64,"서**별**양** **동**2**3**","0318","0009","세*주* *동",201910,22050,"1994",39.5,3,372,0.09889
"1147010200107800004","202006","11470-18559","11470-107931","26","서**별**양** ** **5**6**",27.35,"서**별**양** **동**5**1**지**","0932","0009","경*빌*",202010,11000,"2012",54.24,1,329,0.03934
"1147010300105200004","202010","11470-20486","11470-81036","117","서**별**양** ** **9**번**",31.56,"서**별**양** ** **1**0**지**","0458","0065","은*(*1*-*)",202104,15000,"1992",60.21,5,302,0.01069
"1147010300109540006","202008","11470-13999","11470-71921","2","서**별**양** ** **4**1**",63.32,"서**별**양** ** **4**번**","0318","0002","건*체*빌",202007,7500,"1990",40.28,6,123,0.01608
"1147010300109320003","202011","11470-11482","11470-124819","8","서**별**양** **동**7**6**",62.14,"서**별**양** **동**9**1**지**","1196","0040","신*주* *동",202001,10500,"1987",61.38,1,0,0.01618
"1147010100109280027","202001","11470-10157","11470-69618","1","서**별**양** ** **8**2**",64.21,"서**별**양** ** **1**번**","0433","0085","흥*아*빌*A",201908,24150,"2006",71.37,3,168,0.11143
"1147010100101790001","202006","11470-100215086","11470-84646","64","서**별**양** **동**4**1**지**",36.45,"서**별**양** ** **1**9**","0506","0010","태*맨*",202004,20000,"2000",63.75,1,417,0.01255
"1147010300109640003","202101","11470-100197986","11470-83983","103","서**별**양** **동**0**-**지**",59.34,"서**별**양** ** **1**3**","0242","0011","큐*투",202105,26000,"2019",35.25,4,187,0.07326
"1147010200104990014","202010","11470-100212465","11470-100224914","18","서**별**양** ** **8**3**지**",60.6,"서**별**양** **동**6**5**","0789","0019","삼* *h* *k*",201910,9000,"2002",25.22,4,276,0.09189
"1147010300104850005","202003","11470-100184447","11470-77042","91","서**별**양** **동**6**5**",35.4,"서**별**양** ** **9**8**","0504","0004","창*A*G*S*Ⅱ",202004,24500,"2019",63.81,4,266,0.04866
"1147010200103150039","202005","11470-20139","11470-100234286","65","서**별**양** **동**0**4**",26.33,"서**별**양** ** **5**5**","0991","0001","수*아*",202005,22000,"2001",39.67,4,434,0.10951
"1147010300101110025","202101","11470-100206745","11470-86986","60","서**별**양** **동**1**-**지**",29.54,"서**별**양** ** **1**5**지**","0921","0020","청*그*빌*",202010,15750,"1994",41.13,1,184,0.15352
"1147010300100230028","202005","11470-11579","11470-90910","41","서**별**양** **동**4**9**",55.01,"서**별**양** ** **2**2**","0011","0132","반*(*)",202005,7000,"1992",41.18,3,404,0.03937
"1147010200102310082","202012","11470-13020","11470-73636","141","서**별**양** **동**8**4**",61.42,"서**별**양** **동**2**4**","0971","0005","설*주*",202010,10000,"1995",38.11,3,449,0.02682
"1147010300101400019","202003","11470-16402","11470-100212634","39","서**별**양** **동**6**2**지**",40.18,"서**별**양** ** **7**7**","0964","0008","G*S*P*r* *동",202007,23500,"1987",59.54,1,349,0.07196
"1147010200100420034","202102","11470-18799","11470-122752","17","서**별**양** **동**5**9**",38.86,"서**별**양** ** **7**번**","0945","0023","동*주*(*5*-*1*",202101,12000,"2011",37.86,5,314,0.0845
"1147010300104580003","202010","11470-19737","11470-115739","3","서**별**양** ** **3**6**",55.17,"서**별**양** ** **7**번**","0923","0005","삼*쉐*빌",202010,10000,"1986",57.28,1,476,0.11331
"1147010100109450005","202104","11470-3539","11470-87282","103","서**별**양** **동**2**1**지**",37.26,"서**별**양** ** **9**6**","0760","0002","아*로*크*",202010,16000,"2001",48.87,5,169,0.06238
"1147010200103150088","202104","11470-100239308","11470-52923","40","서**별**양** ** **1**4**지**",49.08,"서**별**양** ** **1**4**","0914","0003","성*하*츠*라*동",202007,15750,"2001",61.38,1,260,0.14795
"1147010100109670018","202008","11470-10146","11470-134323","3","서**별**양** **동**6**7**",26.3,"서**별**양** ** **1**3**","0946","0009","동*주*나*",201912,20000,"2001",33.01,2,300,0.11898
"1147010300105430004","202007","11470-5369","11470-79012","14","서**별**양** **동**1**1**지**",31.88,"서**별**강** **동**3**1**지**","0413","0005","블*하*스",202103,24000,"1994",60.32,2,159,0.04258
"1147010100109270007","202004","11470-100201065","11470-74814","73","서**별**양** ** **0**6**",58.56,"서**별**양** ** **6**번**","0233","0010","우*인*빌",202105,21000,"1997",36.12,4,0,0.10058
"1147010100109120014","202011","11470-100208445","11470-79918","7","서**별**양** ** **-**번**",54.83,"서**별**양** **동**7**9**","0410","0006","한*주* *동",202001,20000,"2015",44.32,4,414,0.0497
"1147010300110060017","202105","11470-3147","11470-100231001","7","서**별**양** **동**4**2**",41.13,"서**별**양** **동**2**2**지**","0971","0032","삼*주*",202002,18500,"2018",59.08,2,236,0.05324
"1147010300109110010","202010","11470-21247","11470-132064","18","서**별**양** **동**6**1**지**",28.61,"서**별**양** **동**0**1**지**","0963","0012","청*주*(*동*",202102,18300,"2002",41.14,1,420,0.12057
"1147010200104980029","202008","11470-2383","11470-63787","19","서**별**양** ** **0**0**",21.21,"서**별**양** **동**7**6**","0725","0007","서*주*(*2*1*)",201911,9000,"2011",56.47,2,123,0.13444
"1147010300100720013","202011","11470-20139","11470-100215145","25","서**별**양** **동**4**1**지**",38.11,"서**별**양** ** **8**5**지**","0539","0043","삼*그*빌*(*3*)",201910,15000,"1986",67.78,1,430,0.07156
"1147010300109340013","202012","11470-11334","11470-77265","86","서**별**양** **동**8**3**",42.39,"서**별**양** **동**9**2**","0315","0007","서*베*트*",202001,17000,"1987",70.55,2,269,0.12432
"1147010200105380000","202001","11470-7556","11470-87273","145","서**별**양** ** **4**번**",39.31,"서**별**강** **동**7**8**지**","0500","0007","약*주*",202008,9000,"1990",20.78,2,82,0.14756
"1147010300101430025","202006","11470-19756","11470-100181893","140","서**별**양** **동**5**3**",79.93,"서**별**양** ** **1**2**지**","0955","0050","월*시*빌",202008,28000,"1992",36.41,3,65,0.14654
"1147010200107230006","202002","11470-6762","11470-125563","17","서**별**양** **동**4**1**지**",54.09,"서**별**양** **동**8**1**지**","0930","0004","건*아*라*7*2*1*)",202106,17000,"1987",29.96,1,378,0.05682
"1147010300100730009","202001","11470-100211365","11470-107608","48","서**별**양** **동**3**3**",41.18,"서**별**양** **동**3**5**","0914","0004","태*빌*",202006,22950,"2002",66.18,2,67,0.1495
"1147010200107930006","202103","11470-100201985","11470-100229491","69","서**별**양** **동**2**8**",27.69,"서**별**양** **동**5**9**","0935","0010","주*빌*5*3*2*)",202106,17000,"2020",58.23,4,174,0.11673
"1147010100110020016","202003","11470-15439","11470-131675","52","서**별**양** ** **5**3**",66.22,"서**별**양** **동**2**3**지**","0942","0004","8*주*(*동*",202105,16000,"2003",47.7,2,160,0.08789
"1147010200107400016","202008","11470-9533","11470-74390","3","서**별**양** ** **7**번**",29.44,"서**별**양** ** **1**3**지**","0943","0027","대*이*캐*2*",201910,23000,"2015",29.32,5,303,0.12552
"1147010300109250010","202104","11470-19564","11470-77976","36","서**별**양** **동**1**1**지**",50.28,"서**별**양** **동**1**1**지**","0231","0021","유*아*빌*",202001,22050,"1990",29.43,4,445,0.11606
"1147010200103180169","202002","11470-20699","11470-100183009","10","서**별**양** **동**2**9**",39.05,"서**별**양** ** **3**번**","1003","0181","동*주*나*",202006,13000,"2003",29.42,3,263,0.0391
"1147010200105330015","202006","11470-16130","11470-100207172","56","서**별**양** ** **0**3**",35.31,"서**별**양** **동**0**2**지**","0421","0011","녹*빌*(*동*",202009,14000,"2019",62.25,6,197,0.03016
"1147010200107940009","202002","11470-2380","11470-83052","38","서**별**양** **동**2**6**",63.26,"서**별**강** **동**7**1**","0914","0005","삼*주* *동",201912,9000,"1989",70.14,1,367,0.06178
"1147010300109270010","202101","11470-16075","11470-142451","77","서**별**양** **동**1**9**",40.77,"서**별**양** **동**8**3**","0231","0020","대*파*뷰",202011,18900,"1993",40.88,4,0,0.14182
"1147010300109240008","202006","11470-14003","11470-100234329","27","서**별**양** **동**7**2**지**",49.21,"서**별**양** **동**6**1**지**","0557","0006","대*빌*(*동*",202103,18500,"1988",33.18,4,403,0.06377
"1147010300109260017","202001","11470-17834","11470-87895","94","서**별**양** ** **1**5**",58.44,"서**별**양** ** **-**번**","0972","0008","청*빌*(*3*-*)",202008,28500,"2019",37.75,2,484,0.14345
"1147010200108030015","202002","11470-6466","11470-94107","62","서**별**양** ** **1**4**",38.81,"서**별**양** ** **1**3**지**","0545","0005","대*주*(*동*",202005,19500,"1988",12.8,3,141,0.07008
"1147010200107460009","202004","11470-3933","11470-123198","63","서**별**양** ** **9**3**",62.14,"서**별**양** **동**3**8**","0719","0065","대*파*빌*3*8*2*7*",202011,28000,"2003",37.41,2,142,0.24487
"1147010300102410024","202104","11470-12427","11470-92712","47","서**별**양** ** **9**5**",41.24,"서**별**양** ** **9**8**","0104","0007","광*빌*",202008,20000,"1997",72.68,3,305,0.09585
"1147010300103310057","202011","11470-4091","11470-100218309","43","서**별**양** **동**3**1**지**",46.79,"서**별**양** **동**1**1**","0537","0019","신*아*힐*7*0*2*",202104,19500,"2002",27.47,2,439,0.03173
"1147010300100460007","202004","11470-15539","11470-124271","22","서**별**양** **동**6**4**",36.18,"서**별**양** ** **4**0**지**","0914","0006","도*빌*트*동",202106,15000,"2011",70.56,3,162,0.02169
"1147010200105330015","202105","11470-11362","11470-93298","57","서**별**양** **동**4**2**",50.59,"서**별**양** ** **3**1**","0759","0033","목* *향*파*빌*6*",202101,18500,"2001",58.52,1,0,0.14528
"1147010300100670009","202105","11470-100224662","11470-64316","79","서**별**양** **동**2**-**지**",59.24,"서**별**양** **동**8**9**","0499","0011","드*빌*지",202003,18000,"2002",36.13,4,215,0.04911
"1147010300104420001","202012","11470-11946","11470-123538","35","서**별**양** ** **8**5**지**",49.19,"서**별**양** ** **8**5**","1083","0007","(*5*-*8*",202101,16000,"1987",61.28,2,63,0.0011
"1147010200103150035","202002","11470-16254","11470-77295","21","서**별**양** **동**9**3**",60.265,"서**별**양** **동**2**1**지**","1207","0006","설*주*",202106,24600,"2002",40.73,3,442,0.06298
"1147010200105330015","202012","11470-4354","11470-116495","113","서**별**양** ** **1**5**",37.92,"서**별**양** **동**5**8**","0923","0002","홈*아*션",201909,9500,"1988",57.84,1,467,0.07897
"1147010300101350004","202010","11470-14653","11470-134473","61","서**별**양** **동**8**6**",40.82,"서**별**양** ** **4**번**","0923","0095","세*주* *동",202001,20000,"2017",36.92,1,15,0.11272
"1147010200103240037","202005","11470-100213425","11470-83763","4","서**별**양** ** **5**8**",53.53,"서**별**양** **동**2**1**","0315","0288","라*마*빌",201811,23100,"1996",72.9,5,272,0.05738
"1147010200108030009","202007","11470-21338","11470-100185509","52","서**별**양** **동**1**-**번**",56.88,"서**별**양** ** **1**3**","1002","0002","선*주*",202007,16000,"2000",65.21,4,0,0.07747
"1147010100109520011","202005","11470-7899","11470-86854","35","서**별**양** ** **1**0**지**",59.95,"서**별**강** **동**7**9**","0925","0039","선*하*츠*라",202103,10000,"1988",59.95,3,486,0.14553
"1147010300105090024","202102","11470-100234544","11470-103416","78","서**별**양** **동**3**1**지**",34.99,"서**별**양** ** **5**번**","0740","0003","비*스*우*3*",202008,13000,"2002",54.24,1,386,0.06581
"1147010200102310181","202007","11470-100183107","11470-87990","34","서**별**양** **동**1**5**",51.78,"서**별**양** **동**3**9**","0944","0029","낙*빌*",201909,15500,"2002",58.12,3,0,0.09129
"1147010200103180105","202104","11470-15602","11470-90909","76","서**별**양** **동**1**1**지**",27.47,"서**별**양** ** **3**6**","1044","0015","현*에*타* *5*3*1*",202010,13500,"2002",36.68,4,212,0.24602
"1147010200106150015","202002","11470-4558","11470-71393","39","서**별**양** **동**3**지**",40.5,"서**별**양** **동**6**9**","0525","0010","샬*빌",202002,8000,"2018",52.91,1,279,0.11939
"1147010200100410004","202007","11470-21434","11470-100184552","9","서**별**양** **동**6**1**지**",41.17,"서**별**양** **동**2**4**지**","0231","0009","우*그*맨*(*8*1*)",202009,18000,"1988",39.84,2,83,0.12326
"1147010200107430011","202105","11470-9547","11470-66231","17","서**별**양** ** **8**4**지**",29.77,"서**별**양** ** **8**번**","0875","0007","목*빌*지",201912,10000,"2008",39.5,2,464,0.12687
"1147010200105220002","202102","11470-12898","11470-87254","2","서**별**양** ** **0**6**",50.61,"서**별**양** ** **8**1**지**","0953","0016","금*아*빌",202003,8500,"1987",49.08,2,331,0.03908
"1147010200107250035","202002","11470-100210016","11470-142231","72","서**별**양** ** **0**6**",37.44,"서**별**양** ** **5**7**","0927","0002","벨*스*신*",201909,15000,"2019",65.06,2,366,0.04438
"1147010300109570003","202105","11470-100225668","11470-68823","23","서**별**양** ** **7**2**",37.44,"서**별**양** ** **8**5**지**","0545","0075","산*빌*운",201905,8500,"1991",58.29,3,103,0.07603
"1147010300102250023","202010","11470-19780","11470-87274","5","서**별**양** **동**5**8**",35.72,"서**별**양** **동**4**1**지**","0923","0016","조*팰*스",202106,23000,"2015",44.2,1,464,0.10418
"1147010300100440009","202006","11470-13512","11470-132276","10","서**별**양** **동**8**6**",47.88,"서**별**양** **동**2**1**지**","0428","0006","이*채*5*6*7*",201908,20000,"1988",36.41,1,299,0.05937
"1147010300109540007","202006","11470-21555","11470-67671","28","서**별**양** **동**9**6**",24.85,"서**별**양** ** **9**1**","1014","0016","우*빌*(*동*",202011,18000,"2011",50.8,3,0,0.0454
"1147010300100760009","202003","11470-17242","11470-102914","75","서**별**양** **동**5**7**",28.82,"서**별**양** ** **1**9**","0947","0008","효*그*빌",202007,10000,"1998",67.86,1,339,0.02647
"1147010200107870002","202002","11470-11633","11470-85414","29","서**별**양** ** **0**번**",40.24,"서**별**양** ** **9**3**","0745","0023","새*빌*",202005,14000,"1979",29.63,3,0,0.03246
"1147010200105340012","202006","11470-12316","11470-100182320","6","서**별**양** **동**1**2**",60.12,"서**별**양** **동**1**8**","0042","0002","샤*에*빌*가*)",202006,20500,"2001",62.64,3,230,0.04401
"1147010300100290009","202008","11470-100228448","11470-79491","16","서**별**양** **동**4**7**",58.42,"서**별**양** ** **1**5**","0974","0090","보*리*텔",202008,9000,"2010",61.92,3,277,0.07492
"1147010300109110010","202007","11470-13137","11470-100218893","25","서**별**양** ** **7**번**",60.74,"서**별**양** **동**8**3**","0087","0017","무*빌*(*)",202008,14000,"2002",24.65,3,233,0.06176
"1147010300109670002","202012","11470-11854","11470-79004","139","서**별**양** **동**2**-**번**",43.83,"서**별**양** **동**1**3**","0425","0003","삼*빌*(*8*)",202006,9500,"1993",44.71,4,172,0.04307
"1147010200107140004","202008","11470-7775","11470-63933","31","서**별**양** **동**8**1**",62.71,"서**별**양** **동**2**7**","0545","0028","대*주*(*동*",202008,12000,"1991",40.27,3,221,0.09792
"1147010200106550009","202105","11470-14670","11470-123251","4","서**별**양** ** **0**번**",29.93,"서**별**양** **동**5**6**","0955","0157","남*빌*(*2*-*1*",202006,28000,"1992",60.55,2,73,0.01317
"1147010200103180105","202004","11470-9547","11470-69073","21","서**별**양** ** **8**7**",15.6,"서**별**양** ** **5**1**","0991","0017","성*하*스*",201910,20800,"2002",50.62,4,266,0.10163
"1147010300109440001","202008","11470-19438","11470-123432","74","서**별**양** **동**0**-**지**",39.89,"서**별**양** **동**5**2**지**","0447","0015","상*주*(*2*-*)",202010,18000,"1994",36.67,3,309,0.05328
"1147010300104570011","202004","11470-19767","11470-100225000","6","서**별**양** **동**2**4**",36.26,"서**별**양** ** **4**번**","0544","0043","엠*리*",202003,19000,"2014",40.92,2,199,0.0784
"1147010200103180156","202009","11470-1058","11470-84135","56","서**별**양** ** **1**2**지**",58.66,"서**별**양** **동**5**4**","0444","0013","인*시*빌*",202008,18000,"2016",28.5,4,211,0.12262
"1147010200103180043","202101","11470-12787","11470-79138","16","서**별**양** **동**4**1**지**",37.86,"서**별**양** ** **4**1**","0954","0006","청*빌*-*",202002,19000,"2002",28.42,3,111,0.0887
"1147010300101370008","202002","11470-100227311","11470-100217099","67","서**별**양** **동**8**8**",49.41,"서**별**양** **동**5**9**","0324","0004","효*아*빌",202101,20000,"2017",53.07,2,409,0.1035
"1147010300103310044","202006","11470-12427","11470-100214140","96","서**별**양** ** **-**지**",58.66,"서**별**양** ** **-**지**","0506","0003","삼*빌*(*동*",202008,11500,"1997",46.53,2,304,0.12741
"1147010300109930008","202002","11470-16430","11470-100217294","26","서**별**양** ** **5**번**",30.74,"서**별**양** **동**0**1**지**","0929","0015","금*베*트*",202103,15000,"2002",50.49,3,155,0.05534
"1147010200103180138","202101","11470-14479","11470-100216808","51","서**별**양** **동**3**3**",88.74,"서**별**양** **동**7**1**지**","0974","0015","청*가*빌*",202106,14000,"2020",36.74,4,19,0.14207
"1147010300104580003","202003","11470-14780","11470-85635","35","서**별**양** **동**9**2**지**",45.09,"서**별**양** ** **4**2**","0048","0005","금*주* *3*",202008,21000,"2001",39.97,3,273,0.0617
"1147010200107430026","202102","11470-20817","11470-116081","122","서**별**양** ** **1**6**",47.25,"서**별**양** **동**2**1**","0912","0002","율*주* *동",202103,10000,"1987",37.16,1,0,0.00739
"1147010200107680012","202008","11470-100225700","11470-94152","37","서**별**양** **동**6**1**지**",47.6,"서**별**양** ** **8**4**","0954","0004","궁*빌*(*7*-*)",202002,20000,"1986",33.18,3,250,0.05058
"1147010300109750010","202006","11470-5786","11470-133754","72","서**별**양** **동**7**1**지**",61.97,"서**별**양** **동**9**번**","0029","0006","한*맨*(*)",202006,23700,"2015",41.13,2,315,0.08474
"1147010200107290007","202011","11470-100229468","11470-144522","60","서**별**양** ** **5**7**",40.77,"서**별**양** ** **0**번**","0318","0005","레*나",202104,12000,"2018",36.74,2,303,0.10748
"1147010300109830008","202009","11470-100229188","11470-83298","14","서**별**양** ** **-**2**",60.44,"서**별**양** **동**6**3**","0933","0007","럭*(*동*",202006,9500,"1991",32.37,2,366,0.04337
"1147010300109470018","202008","11470-12087","11470-70809","95","서**별**양** **동**8**5**",60.81,"서**별**양** ** **1**3**","0953","0010","예*랑",202105,17000,"1991",29.65,4,0,0.0845
"1147010200105580000","202007","11470-16462","11470-100200843","13","서**별**양** **동**6**1**",25.81,"서**별**양** **동**3**1**지**","0231","0010","가*하*징",202007,10000,"1995",59.97,3,348,0.11725
"1147010200107440008","202104","11470-19143","11470-100210139","59","서**별**양** ** **1**7**지**",29.97,"서**별**양** ** **8**0**지**","0372","0012","태*빌* *동",201910,16000,"1986",40.76,3,444,0.12351
"1147010300100820007","202104","11470-7235","11470-67259","1","서**별**양** ** **9**8**",36.75,"서**별**강** **동**5**1**지**","0950","0028","태*주* *동",202008,8500,"2002",49.92,2,254,0.11862
"1147010300104400008","202007","11470-100190893","11470-109350","127","서**별**양** **동**3**3**지**",36.6,"서**별**양** ** **8**0**지**","0545","0009","시*빌*",202103,8500,"2018",30.74,2,496,0.05626
"1147010200106250006","202105","11470-19229","11470-100183835","52","서**별**양** **동**4**5**",59.95,"서**별**양** ** **5**9**","0964","0012","미*주* *동",202004,9000,"2007",44.88,1,75,0.1483
"1147010300109520003","202105","11470-16569","11470-103237","24","서**별**양** ** **4**번**",60.28,"서**별**양** ** **1**5**지**","0875","0019","정*그*빌",202103,15000,"2007",54.2,2,26,0.14205
"1147010200104980018","202010","11470-100219168","11470-116368","70","서**별**양** ** **5**번**",51.07,"서**별**양** **동**1**9**","0543","0002","세*빌*C*",202007,16500,"2000",37.01,3,207,0.12401
"1147010200107320010","202002","11470-3602","11470-131574","96","서**별**양** ** **4**9**",40.84,"서**별**양** **동**3**2**지**","0042","0008","신*아*",202103,11000,"1987",43.83,1,456,0.12363
"1147010300104130007","202104","11470-15172","11470-115073","35","서**별**양** ** **8**3**",37.08,"서**별**양** **동**7**1**지**","0963","0208","현*빌*",202002,10000,"1987",39.51,2,450,0.14943
"1147010200107600025","202012","11470-100230169","11470-100219453","21","서**별**양** **동**2**-**지**",40.2,"서**별**양** ** **1**2**","0877","0012","현*파*빌",202106,15000,"1988",41.42,1,324,0.14606
"1147010200107250032","202102","11470-16146","11470-100232737","19","서**별**양** **동**8**6**",52.51,"서**별**양** ** **3**5**","0318","0008","조*팰*스*7*",202002,18500,"1992",49.72,2,159,0.05596
"1147010200103180114","202102","11470-4731","11470-100223837","23","서**별**양** **동**9**6**",64.58,"서**별**양** **동**7**9**","0315","0016","삼*파*빌*3*8*5*)",202006,7000,"1987",43.34,1,353,0.14915
"1147010200106390009","202012","11470-8480","11470-71321","112","서**별**양** **동**2**1**지**",36.3,"서**별**양** **동**0**2**","0932","0005","칭*그*맨*",202007,15000,"2016",57.1,1,450,0.14509
"1147010200107250036","202102","11470-7244","11470-100219612","33","서**별**양** **동**2**-**번**",60.13,"서**별**양** ** **5**5**","0376","0020","그*드*스*(*0*-*1*",202004,9500,"2007",73.75,3,406,0.02485
"1147010300105130009","202004","11470-2481","11470-100211914","34","서**별**양** ** **8**0**",36.72,"서**별**양** **동**5**2**지**","0920","0016","태*주* *나*",202010,24675,"1987",44.19,4,465,0.02512
"1147010300109420016","202005","11470-11835","11470-81640","33","서**별**양** ** **6**0**",41.32,"서**별**양** **동**1**1**지**","0318","0013","금*주*",202001,21000,"1986",43.96,2,431,0.0387
"1147010300109470005","202012","11470-100235848","11470-63821","4","서**별**양** **동**3**번**",42.6,"서**별**양** ** **5**6**","0529","0198","임*마*다*빌*5*9*2*)",201908,19000,"2002",46.8,4,200,0.13274
"1147010300109570001","202102","11470-100214426","11470-100201300","47","서**별**양** ** **9**0**",75.26,"서**별**양** **동**6**7**","0602","0024","다*네*트*(*4*)",202007,21000,"1991",36.27,4,299,0.12372
"1147010100109850005","202007","11470-100220607","11470-132093","120","서**별**양** ** **3**8**",23.26,"서**별**양** **동**5**4**","0760","0057","성*주*",201810,22000,"1986",36.55,4,299,0.08367
"1147010100109560007","202102","11470-7117","11470-100211732","25","서**별**양** ** **8**3**",39.75,"서**별**양** **동**1**-**지**","1050","0184","경*하*츠*라",202001,19000,"2017",13.9,6,245,0.03521
"1147010100109250033","202011","11470-20685","11470-115201","30","서**별**양** **동**3**3**지**",37.22,"서**별**양** ** **3**번**","0498","0006","동*하*빌*9*4*9*",202105,28000,"2013",42.33,4,67,0.05336
"1147010300102030003","202011","11470-100207265","11470-135098","56","서**별**양** ** **4**번**",37.44,"서**별**양** **동**6**2**","0532","0006","타*하*스",202011,17850,"2002",68.09,4,145,0.09407
"1147010200102310156","202004","11470-9910","11470-100200682","20","서**별**양** **동**7**1**지**",43.64,"서**별**양** **동**2**1**지**","0318","0010","효*그*빌",202008,18000,"1994",50.64,2,474,0.11561
"1147010300104570005","202105","11470-100204745","11470-144974","33","서**별**양** ** **1**6**지**",52.46,"서**별**양** **동**7**1**지**","0909","0026","초*스*딩",201907,15000,"2001",48.75,2,345,0.08618
"1147010300101350010","202003","11470-100232048","11470-115858","15","서**별**양** ** **-**번**",131.75,"서**별**양** **동**0**-**번**","0370","0016","동*빌* *동",202002,11000,"1992",35.49,3,412,0.0255
"1147010300109270013","202007","11470-17590","11470-75449","1","서**별**양** ** **9**번**",55.35,"서**별**강** **동**8**9**","0318","0016","호*탑*빌*동",202004,18000,"2004",65.82,2,0,0.0315
"1147010200107250010","202102","11470-100196665","11470-100214532","22","서**별**양** ** **3**1**",37.32,"서**별**강** **동**0**1**지**","0500","0036","우*(*7*-*2*",202007,17000,"2000",37.92,5,378,0.07077
"1147010200101310017","202005","11470-8493","11470-75999","81","서**별**양** **동**4**1**지**",47.31,"서**별**양** ** **0**0**","0974","0004","유*소*베*2*4*1*)",201912,17000,"2014",55.01,3,272,0.04995
"1147010200107400015","202004","11470-18891","11470-100209171","31","서**별**양** ** **4**4**지**",57.09,"서**별**양** **동**1**-**번**","0046","0001","한*주*(*동*",202006,8000,"2016",53.8,2,413,0.09095
"1147010300104190014","202003","11470-16024","11470-83835","5","서**별**양** ** **-**1**",66.05,"서**별**양** **동**2**1**지**","0965","0009","대*파*빌*6*-*)",202005,17000,"1990",36.54,1,499,0.04455
"1147010300101480019","202001","11470-12480","11470-63716","3","서**별**양** ** **5**번**",61.44,"서**별**양** ** **8**5**지**","0099","0232","한*주* *동",201912,19000,"1993",40.76,5,135,0.1452
"1147010100109750022","202006","11470-100204705","11470-79342","10","서**별**양** **동**7**1**지**",48.6,"서**별**양** ** **1**7**","1002","0003","한*람*",202105,17000,"1993",36.2,2,195,0.06041
"1147010200105260014","202002","11470-100216985","11470-133499","26","서**별**양** ** **7**8**",61.68,"서**별**양** ** **7**번**","0943","0013","동*아*힐*동",202010,19500,"1995",43.18,3,166,0.09137
"1147010300109340016","202008","11470-100225828","11470-77746","38","서**별**양** ** **8**8**",36.25,"서**별**양** **동**3**5**","0996","0001","한*빌*5*",202006,16800,"2010",75.84,2,245,0.04002
"1147010300109140007","202002","11470-6162","11470-62266","151","서**별**양** ** **3**1**",51.47,"서**별**양** **동**7**1**지**","0315","0017","건*파*빌*차",202005,24000,"1990",25.15,3,0,0.03368
"1147010300100880013","202105","11470-20263","11470-109113","11","서**별**양** **동**6**1**지**",40.24,"서**별**강** **동**0**-**번**","0919","0025","사*채",202104,27000,"2007",36.12,2,75,0.14428
"1147010200102310246","202011","11470-19215","11470-100214716","68","서**별**양** ** **8**6**",26.95,"서**별**양** **동**1**7**","0505","0009","까*지*",201908,28500,"1987",33.6,5,330,0.06625
"1147010100109910010","202001","11470-7304","11470-100186571","5","서**별**양** **동**3**1**지**",40.2,"서**별**양** **동**4**1**지**","0546","0017","삼*리*빌",201908,17000,"2015",53.72,2,370,0.14008
"1147010200103180070","202102","11470-20655","11470-133075","8","서**별**양** ** **8**6**지**",67.68,"서**별**양** ** **1**2**","0727","0005","중*하*츠*라",202103,9000,"2014",39.97,3,443,0.1418
"1147010300100130021","202004","11470-100227311","11470-65894","73","서**별**양** **동**2**2**지**",59.93,"서**별**양** ** **5**번**","0231","0001","천*다*빌",202105,16000,"2018",59.55,2,402,0.04131
"1147010300109620001","202003","11470-100232048","11470-110021","16","서**별**양** **동**5**2**",52.89,"서**별**양** **동**3**3**지**","0781","0022","(*5*-*6*",202008,33000,"2001",36.15,3,361,0.07603
"1147010100109700007","202101","11470-9567","11470-100218396","15","서**별**양** **동**5**6**",36.18,"서**별**양** **동**8**3**","0324","0015","토*하*스*1*2*1*)",201805,9000,"2002",28.48,4,414,0.04785
"1147010100109070002","202012","11470-12620","11470-100212373","25","서**별**양** **동**0**-**지**",61.2,"서**별**양** ** **8**4**","0770","0003","현*빌*지*",202001,27000,"2002",41.63,2,180,0.03094
"1147010100108920016","202012","11470-9606","11470-100216683","68","서**별**양** ** **4**5**",48.42,"서**별**양** **동**5**6**","0231","0011","명*주*(*동*",202102,18900,"2017",37.59,5,412,0.07343
"1147010300109470017","202003","11470-18165","11470-100218167","4","서**별**양** **동**6**2**",48.72,"서**별**양** **동**6**3**","0725","0082","서*아*빌*B*",202101,8000,"2002",44.35,5,347,0.09937
"1147010200108030004","202004","11470-100218165","11470-141325","31","서**별**양** ** **0**번**",28.92,"서**별**양** **동**4**2**","1039","0007","모*빌",202002,27000,"2017",40.2,1,198,0.05526
"1147010300109550008","202002","11470-100202725","11470-100213549","39","서**별**양** ** **4**0**",52.74,"서**별**양** **동**3**7**","0916","0002","미*빌*D",202007,10000,"1988",46.24,5,0,0.0557
"1147010300104640001","202103","11470-100227848","11470-100225802","11","서**별**양** **동**0**7**",61.27,"서**별**양** ** **8**0**","0734","0020","금*주* *3*",201712,9000,"2021",83.89,6,199,0.06782
"1147010300100090021","202101","11470-14450","11470-100217491","71","서**별**양** **동**6**번**",61.41,"서**별**양** **동**1**-**지**","1198","0227","삼*빌*",201909,11500,"2015",37.92,4,316,0.04681
"1147010300101020002","202008","11470-13788","11470-104128","18","서**별**양** ** **6**번**",34.8,"서**별**양** **동**3**1**지**","1002","0065","(*3*-*6*",202006,13000,"2011",45.69,3,278,0.03032
"1147010200107140017","202012","11470-100183087","11470-100197190","19","서**별**양** **동**2**7**",26.48,"서**별**양** **동**5**1**지**","0355","0009","세*주*(*5*-*)",202103,10000,"2012",59.64,2,375,0.0635
"1147010100109080006","202104","11470-100205165","11470-117243","4","서**별**양** ** **4**번**",41.2,"서**별**양** ** **0**4**","0972","0012","(*4*-*)",201910,14000,"2006",26.97,3,409,0.06785
"1147010200102310083","202004","11470-100217165","11470-63821","16","서**별**양** **동**3**2**지**",37.79,"서**별**양** **동**6**2**","0231","0004","다*빌*트*7*5*5*",202104,16000,"2001",34.32,3,23,0.14522
"1147010300104830013","202006","11470-15772","11470-103743","6","서**별**양** ** **9**번**",29.37,"서**별**양** **동**2**9**","0391","0030","G*S*리*어",202008,9500,"2013",71.41,3,150,0.11443
"1147010100109240027","202008","11470-100183482","11470-93301","76","서**별**양** **동**0**4**",38.88,"서**별**양** **동**3**1**지**","0971","0013","천*나*빌",201908,20000,"2002",29.62,4,479,0.06487
"1147010100108840011","202009","11470-19428","11470-100215990","2","서**별**양** **동**1**-**지**",25.71,"서**별**강** **동**7**6**지**","0766","0017","예*빌",202005,10000,"1988",36.39,6,216,0.04879
"1147010300100800002","202007","11470-18460","11470-100216474","1","서**별**양** ** **1**0**지**",59,"서**별**양** ** **5**2**","0543","0092","시*빌*",202106,20000,"2010",58.62,1,109,0.09981
"1147010100109440019","202006","11470-17410","11470-100218750","11","서**별**양** **동**0**4**",53.86,"서**별**양** ** **7**번**","0231","0005","목*멤*스*2*",202008,10000,"2013",41.2,6,376,0.13993
"1147010300109340015","202010","11470-4419","11470-70077","21","서**별**양** ** **6**0**",49.64,"서**별**양** ** **4**4**","0947","0001","대*A*1*-*5*",201907,25000,"1986",28.44,3,172,0.08023
"1147010300104190014","202005","11470-15557","11470-100226725","59","서**별**양** ** **5**8**",28.63,"서**별**양** **동**8**번**","0537","0010","우*다*대*택",201907,8000,"1990",58.9,4,268,0.14807
"1147010200105350027","202006","11470-100229349","11470-100233089","3","서**별**양** ** **0**0**",29.98,"서**별**양** **동**5**2**","0745","0022","신*빌*(*4*-*0*",202103,20000,"2002",30.56,2,180,0.09934
"1147010100109590008","202002","11470-19270","11470-100232743","24","서**별**양** ** **9**2**",57.28,"서**별**강** **동**1**2**지**","0132","0053","(*6*-*1*",202002,18000,"2016",29.78,4,210,0.10735
"1147010200107650011","202101","11470-18024","11470-100228333","89","서**별**양** ** **8**2**지**",33.41,"서**별**양** **동**2**9**","1066","0005","그*드*리*",202002,19000,"2014",28.91,1,200,0.03868
"1147010200102310203","202007","11470-100204745","11470-89708","87","서**별**양** **동**2**3**지**",52.91,"서**별**양** **동**0**번**","0499","0007","이*채",202009,17000,"2016",27.47,2,191,0.14856
"1147010200105460017","202104","11470-9593","11470-100218631","66","서**별**양** ** **7**1**",61.99,"서**별**양** **동**3**9**","0324","0014","승*빌*",201912,8500,"2003",47.4,1,208,0.03105
"1147010200102310108","202005","11470-100233865","11470-100228234","85","서**별**양** **동**4**1**지**",48.26,"서**별**양** **동**8**2**지**","0813","0027","삼*빌*(*1*-*)",201911,21000,"1994",53.95,4,471,0.12706
"1147010200106010005","202012","11470-15813","11470-102845","90","서**별**양** **동**7**1**지**",47.09,"서**별**양** **동**6**1**지**","0131","0027","청*빌*-*",202007,24000,"2018",67.02,2,278,0.11958
"1147010300109470010","202010","11470-19229","11470-94703","41","서**별**양** ** **5**번**",36.34,"서**별**양** ** **1**1**지**","0318","0002","대*주*(*동*",202005,23000,"1989",26.26,4,339,0.07117
"1147010200106250014","202002","11470-19921","11470-78049","13","서**별**양** **동**2**1**지**",41.94,"서**별**강** **동**7**7**","0911","0170","삼*헤*티*(*2*1*)",202003,22000,"1993",57.42,2,0,0.10488
"1147010300109310004","202103","11470-2976","11470-79883","8","서**별**양** **동**8**1**지**",25.81,"서**별**양** ** **7**6**","0911","0000","목*달*을",202005,9500,"1988",36.55,1,215,0.14302
"1147010300105220005","202005","11470-11191","11470-100218593","4","서**별**양** **동**2**1**지**",41.1,"서**별**양** **동**4**7**","0410","0029","금*베*트*",201907,16500,"1993",52.68,4,179,0.03092
"1147010200105430005","202002","11470-2386","11470-92348","46","서**별**양** **동**4**7**",64.52,"서**별**양** ** **8**6**","0502","0024","무*빌*(*)",202011,9000,"2010",40.92,4,263,0.08529
"1147010200102310075","202010","11470-1057","11470-109416","34","서**별**양** **동**5**1**지**",49.32,"서**별**강** **동**5**6**","0124","0027","소*하*징*8*-*)",201908,18500,"2015",38.44,3,99,0.09022
"1147010200103150013","202002","11470-3162","11470-66244","140","서**별**양** ** **8**1**",50.33,"서**별**양** **동**3**4**","0923","0091","보*주*(*동*",202102,21700,"1986",66.04,2,63,0.06069
"1147010300100450025","202001","11470-7244","11470-65563","9","서**별**양** ** **5**번**",59.98,"서**별**양** ** **1**8**지**","0941","0004","새*빌*(*동*",202007,24600,"1997",59.67,3,282,0.12035
"1147010200103180146","202002","11470-100225763","11470-76025","2","서**별**양** **동**7**9**",59.04,"서**별**양** **동**5**1**지**","0760","0009","주*베*빌*2*1*1*)",202007,9500,"2003",58.77,3,0,0.08557
"1147010200102310171","202006","11470-100233608","11470-106754","15","서**별**양** ** **1**4**지**",40.93,"서**별**양** **동**6**1**","0231","0028","미*주*",202105,9000,"1988",37.11,4,328,0.12886
"1147010300100980004","202002","11470-13616","11470-72078","34","서**별**양** **동**6**4**",43.84,"서**별**양** **동**5**3**","0955","0048","금*연* *",202004,12000,"2003",29.96,3,338,0.08602
"1147010300100620027","202005","11470-12541","11470-100218545","18","서**별**양** **동**1**1**지**",82.42,"서**별**양** ** **8**0**","0553","0006","정*빌*",202102,20800,"2002",59.91,3,435,0.06341
"1147010300104640023","202005","11470-100227048","11470-115362","23","서**별**양** ** **1**0**지**",36.6,"서**별**양** **동**2**1**","0318","0063","대*주* *동",202105,21000,"2016",59.46,4,309,0.05811
"1147010200103180074","202011","11470-100217705","11470-100224658","33","서**별**양** **동**2**7**",36.21,"서**별**양** ** **8**5**지**","0784","0016","대*탑*빌",201908,22000,"1995",29.99,4,405,0.11164
"1147010200103180178","202009","11470-100214506","11470-77128","58","서**별**양** **동**2**2**지**",37.26,"서**별**양** ** **4**","0099","0003","현*주* *동",201911,22000,"2002",48.78,3,367,0.07558
"1147010100109450010","202012","11470-2451","11470-100234380","45","서**별**양** **동**1**6**",60.54,"서**별**양** ** **8**9**지**","0943","0022","라*미*빌",202003,20000,"2016",58.98,4,471,0.05474
"1147010300109820007","202005","11470-100224368","11470-76481","43","서**별**양** **동**5**2**",41.14,"서**별**양** ** **5**0**","0218","0011","토*빌",202006,18500,"2006",36.01,3,189,0.1402
"1147010200106070031","202103","11470-100227169","11470-142252","20","서**별**양** **동**4**1**지**",40.83,"서**별**양** ** **3**1**","0935","0012","서*그*빌*3",202105,20000,"2016",53.37,3,272,0.11175
"1147010300109670010","202006","11470-13034","11470-78884","126","서**별**양** **동**5**1**",34.66,"서**별**양** **동**6**9**","0078","0062","우*빌*",201911,12000,"2002",41.15,5,0,0.11378
"1147010300104420001","202008","11470-4834","11470-100240083","85","서**별**양** **동**2**1**지**",41.21,"서**별**양** **동**2**1**지**","0911","0017","연*넥*트*차",201907,23000,"2018",46.67,1,487,0.06834
"1147010300100130017","202012","11470-18767","11470-100231073","22","서**별**양** ** **2**2**",41.54,"서**별**양** **동**0**-**번**","0935","0019","럭*주* *차",201911,9500,"1989",28.98,2,0,0.0105
"1147010300100610007","202105","11470-7311","11470-143256","27","서**별**양** **동**8**번**",51,"서**별**양** ** **8**2**","0944","0008","미*5*(*동*",202106,23900,"2002",76.65,5,479,0.09158
"1147010100112180003","202002","11470-100217309","11470-125556","1","서**별**양** ** **7**6**",34.43,"서**별**양** ** **8**5**","0920","0003","한*주* *동",201911,26000,"2002",27.36,3,465,0.09676
"1147010300109730010","202101","11470-16954","11470-100241593","93","서**별**양** **동**6**4**",48.868,"서**별**양** **동**0**7**지**","0315","0006","무*개*택",201907,24000,"1987",84.8,1,383,0.08064
"1147010300104390002","202012","11470-100182319","11470-76355","78","서**별**양** **동**1**2**지**",77.19,"서**별**양** **동**2**6**","0935","0005","청*주* *동",202009,9000,"1996",46.08,5,447,0.06023
"1147010300109880006","202102","11470-7133","11470-115488","48","서**별**양** ** **8**번**",38.41,"서**별**양** **동**2**1**","1086","0004","삼*주*나*(*7*-*)",202010,17850,"1993",40.16,2,389,0.06774
"1147010300109130006","202003","11470-100218787","11470-124393","15","서**별**양** ** **7**5**",71.91,"서**별**양** **동**2**1**지**","0502","0007","예*쉐*빌*7*",202007,9000,"2002",72.27,1,0,0.08543
"1147010300109470010","202007","11470-100202805","11470-53111","21","서**별**양** **동**8**1**지**",62.055,"서**별**양** **동**5**1**지**","0315","0005","와*앤*(*7*-*6*",202010,24000,"2002",50.52,6,378,0.1334
"1147010300109110017","202008","11470-21600","11470-84018","2","서**별**양** **동**4**1**지**",37.03,"서**별**양** ** **3**9**","0046","0015","효*빌*에*동",202106,20000,"1988",39.9,5,385,0.14679
"1147010100109670021","202101","11470-3532","11470-131541","15","서**별**양** ** **3**번**",59.605,"서**별**양** **동**8**1**지**","1198","0009","도*빌*트*5*3*",202008,14000,"2016",58.4,1,311,0.11442
"1147010200105450003","202011","11470-20889","11470-131489","85","서**별**양** ** **-**번**",66.04,"서**별**양** ** **8**9**지**","0973","0004","경*아*빌*3*8*2*)",202104,18500,"1997",60.78,2,425,0.10628
"1147010200103150009","202005","11470-4740","11470-69293","10","서**별**양** **동**2**3**",49.77,"서**별**양** ** **0**번**","1005","0009","(*9*-*)",202005,10000,"2003",63.23,3,214,0.01407
"1147010200107410010","202105","11470-11061","11470-123840","128","서**별**양** **동**5**7**",36.5,"서**별**양** **동**7**5**","0094","0074","한*빌*지",201801,24000,"1992",29.33,4,28,0.08554
"1147010200105540002","202001","11470-100230169","11470-81847","152","서**별**양** **동**1**1**지**",40.31,"서**별**양** **동**6**4**지**","0231","0004","해*파*빌*동",202007,13000,"1996",28.98,2,354,0.07451
"1147010100108850022","202008","11470-5969","11470-73345","30","서**별**양** ** **5**7**",36.3,"서**별**양** ** **1**번**","0235","0008","라*프*택*가*",201909,18800,"2017",41.23,2,494,0.01917
"1147010200102310241","202001","11470-100183087","11470-133157","16","서**별**양** ** **0**4**",82.2,"서**별**강** **동**7**1**번**","0555","0047","장*맨*1*차",202106,10000,"1988",49.02,2,159,0.0443
"1147010200103180193","202002","11470-10293","11470-100209619","164","서**별**양** ** **8**8**",79.73,"서**별**양** **동**5**9**","0502","0003","경*빌*비*",201803,7500,"2003",38.6,3,286,0.13807
"1147010200107460006","202008","11470-100226057","11470-80512","46","서**별**양** **동**4**1**지**",65.09,"서**별**양** **동**1**9**","0545","0000","대*파*빌",202004,15000,"2002",40.34,3,0,0.04309
"1147010200105470008","202003","11470-7339","11470-74718","59","서**별**양** **동**2**7**",36.45,"서**별**양** ** **9**6**","0391","0015","동*빌*트",202012,9000,"1993",26.94,3,0,0.03861
"1147010300100280002","202007","11470-100233688","11470-116360","24","서**별**양** **동**0**-**지**",53.78,"서**별**양** ** **0**7**","0945","0008","강*빌*",202105,8000,"1991",28.78,2,147,0.09343
"1147010300105040006","202012","11470-100182720","11470-64147","3","서**별**양** **동**3**3**지**",27.11,"서**별**양** **동**7**6**","0964","0007","한*스*트*우*",202105,10700,"2017",40.5,2,384,0.13423
"1147010300109810006","202003","11470-8688","11470-71112","32","서**별**양** ** **1**6**",60.94,"서**별**양** **동**6**2**","0933","0062","행*파*빌",202106,21300,"2001",53.06,3,296,0.07871
"1147010200107320010","202102","11470-15471","11470-109391","80","서**별**양** **동**6**8**",37.63,"서**별**양** **동**9**2**","0046","0007","정*주*",202010,17850,"2002",59.37,4,0,0.05836
"1147010300109530007","202010","11470-17408","11470-103050","10","서**별**양** **동**3**8**",45.9,"서**별**양** **동**6**1**지**","0231","0021","황*위*빌",202009,12000,"1981",57.43,3,398,0.10255
"1147010200107830020","202005","11470-100209426","11470-94701","32","서**별**양** **동**2**1**지**",56.06,"서**별**양** ** **7**0**","0953","0012","광*주*(*동*",202004,14000,"1992",41.04,3,130,0.13692
"1147010300103310056","202001","11470-7479","11470-63555","130","서**별**양** ** **1**4**지**",58.46,"서**별**양** ** **0**번**","0908","0047","대*이*캐*",201912,22950,"1988",42.93,5,471,0.11596
"1147010200103180130","202008","11470-17319","11470-100216615","100","서**별**양** **동**0**5**",41.13,"서**별**양** **동**3**번**","0128","0003","전*빌*",202008,18900,"2002",46.15,3,272,0.04884
"1147010300109650012","202002","11470-9940","11470-53447","150","서**별**양** **동**1**7**",51.19,"서**별**양** **동**3**1**지**","0958","0007","소*빌*(*5*)",202010,16000,"2001",60.33,3,344,0.06416
"1147010100109200012","202005","11470-100227429","11470-92342","11","서**별**양** **동**4**8**",51.12,"서**별**양** **동**2**1**","0315","0007","라*빌",201909,25500,"2000",63.06,2,473,0.10009
"1147010100109230008","202102","11470-6298","11470-82604","15","서**별**양** ** **-**번**",41.01,"서**별**양** ** **5**2**","0942","0009","주*베*빌",202004,22050,"1988",51.52,2,301,0.04059
"1147010100109590008","202006","11470-13536","11470-89430","21","서**별**양** ** **8**3**",47.15,"서**별**강** **동**2**3**지**","0924","0066","청*빌*-*",202104,21600,"1992",63.06,4,382,0.01362
"1147010200102310155","202004","11470-19225","11470-110242","95","서**별**양** **동**3**1**지**",64.85,"서**별**양** ** **7**번**","0884","0023","삼*빌*(*동*",202106,14800,"2011",59.43,2,469,0.11207
"1147010200106470026","202101","11470-11574","11470-100234549","10","서**별**양** ** **4**0**지**",67.65,"서**별**양** **동**0**1**","0315","0007","엘*드*빌*이*",202004,21000,"1988",29.65,2,169,0.09448
"1147010100109150023","202105","11470-100209087","11470-83628","9","서**별**양** **동**7**1**지**",55.24,"서**별**양** **동**4**번**","0318","0010","송*빌*",202006,17500,"2002",60.62,4,164,0.04692
"1147010200105340029","202103","11470-4069","11470-91305","20","서**별**양** **동**2**3**지**",39.67,"서**별**양** ** **8**6**지**","0231","0001","제*엘*운*2",202106,11500,"1993",41.03,4,382,0.08386
"1147010200105040011","202002","11470-6077","11470-100234263","4","서**별**양** **동**6**2**지**",36.51,"서**별**강** **동**5**9**","0744","0101","신*주* *동",202004,8000,"1988",29.51,2,347,0.06991
"1147010300109260017","202010","11470-12657","11470-100232745","5","서**별**양** **동**4**7**",48.66,"서**별**양** **동**4**1**지**","0766","0003","8*제*주*",202005,19500,"2015",29.92,1,43,0.0517
"1147010300104180007","202011","11470-100229488","11470-89493","73","서**별**양** **동**4**3**",43.93,"서**별**양** ** **1**1**지**","1072","0002","우*다*대*택",202009,23000,"2020",41.36,2,237,0.05899
"1147010300109270013","202101","11470-5306","11470-53048","14","서**별**양** **동**0**8**",36.76,"서**별**양** **동**6**2**지**","0522","0103","녹*주*(*동*",202004,20500,"2011",75.41,1,331,0.09596
"1147010200106410009","202007","11470-5315","11470-107636","18","서**별**양** **동**5**7**",40.1,"서**별**양** **동**0**-**지**","0927","0015","우*빌*(*동*",202011,8000,"2001",36.3,2,0,0.14267
"1147010100109890009","202012","11470-100216016","11470-100227857","8","서**별**양** ** **8**1**",42.88,"서**별**양** ** **3**5**","0525","0015","에*앙*우*(*8*-*)",201910,15000,"1986",29.73,3,118,0.08473
"1147010300109740009","202012","11470-100207522","11470-100218549","1","서**별**양** **동**9**7**",25.48,"서**별**양** **동**7**2**지**","0954","0016","진*하*츠",202011,20000,"2001",57.43,4,324,0.10227
"1147010300104210001","202010","11470-7762","11470-93061","46","서**별**양** ** **8**2**",36.64,"서**별**양** **동**9**1**지**","0499","0000","성*주*",202102,10500,"2002",59.78,1,0,0.0655
"1147010100109070002","202010","11470-19881","11470-132196","24","서**별**양** **동**5**4**",29.02,"서**별**양** ** **1**9**","0964","0015","한*스*트*(*동*",201911,20000,"2001",49.64,3,69,0.1233
"1147010200106250006","202103","11470-8419","11470-108168","34","서**별**양** **동**7**5**",41.14,"서**별**양** **동**7**1**지**","0777","0003","삼*하*츠*",202009,10000,"1997",61.41,1,457,0.14583
"1147010200107430014","202102","11470-100205945","11470-64815","50","서**별**양** **동**1**1**",61.58,"서**별**양** **동**6**2**","0908","0001","슈*하*스*목*",202103,9000,"2000",81.75,2,291,0.09205
"1147010300102030010","202004","11470-100220347","11470-141438","30","서**별**양** **동**2**7**",45.09,"서**별**양** ** **9**번**","0942","0015","미*빌*",202002,22000,"2016",37.34,2,205,0.11261
"1147010300103500000","202002","11470-15819","11470-94530","52","서**별**양** ** **8**번**",36.3,"서**별**양** **동**2**2**지**","0231","0002","남*쉐*빌*동",202002,9000,"1983",36.68,2,495,0.07731
"1147010200105350038","202102","11470-100191896","11470-87268","37","서**별**양** **동**0**2**",19.53,"서**별**양** **동**2**6**","1005","0025","우*하*스*동",202009,24150,"2001",72.06,3,456,0.03076
"1147010100112020003","202105","11470-11908","11470-100241009","17","서**별**양** ** **0**0**",44.96,"서**별**양** **동**5**4**","0744","0008","L*5*운",202004,9000,"2002",48.44,3,361,0.0336
"1147010200107260004","202002","11470-12132","11470-100241238","104","서**별**양** ** **6**5**",41.15,"서**별**양** ** **5**번**","0521","0020","삼*아*빌*(*동*",202005,9000,"2016",36.39,3,460,0.08052
"1147010200103150033","202008","11470-20352","11470-100223860","87","서**별**양** ** **3**7**",36.75,"서**별**강** **동**1**1**지**","0522","0059","무*하*스",202105,15000,"2016",53.32,4,0,0.05981
"1147010200103180244","202001","11470-9664","11470-94496","6","서**별**양** **동**1**3**",62.14,"서**별**양** ** **5**8**","0318","0032","대*빌*",202007,14300,"2007",37.17,2,395,0.14885
"1147010300100420014","202103","11470-8864","11470-133011","11","서**별**양** **동**3**4**",29.56,"서**별**양** **동**3**4**","0546","0031","범*하*빌",201908,16500,"2016",44.88,5,15,0.14598
"1147010300100760012","202005","11470-11121","11470-103122","12","서**별**양** **동**8**번**",51.76,"서**별**양** ** **1**2**","0955","0012","삼*파*빌",202007,18000,"2017",49.51,3,340,0.06071
"1147010100110240011","202010","11470-20638","11470-115980","57","서**별**양** **동**5**1**지**",59.97,"서**별**양** **동**7**5**","1073","0015","로*하*스",202010,21000,"2019",54.15,2,447,0.03374
"1147010100109560010","202005","11470-12140","11470-100206099","8","서**별**양** **동**8**1**지**",25.9,"서**별**양** ** **5**6**","0924","0014","녹*주*(*동*",201712,9000,"2018",61.2,4,427,0.03356
"1147010200105330015","202105","11470-10891","11470-132092","9","서**별**양** ** **0**번**",60.48,"서**별**강** **동**7**9**","0998","0130","산*빌*운",202009,16000,"2016",29.9,1,356,0.06973
"1147010300109550004","202005","11470-16705","11470-134493","7","서**별**양** **동**7**1**지**",48.06,"서**별**양** ** **6**0**","0923","0017","무*빌*(*)",201909,20500,"2002",37.41,5,363,0.02463
"1147010200102310052","202008","11470-12316","11470-109114","23","서**별**양** **동**4**4**",36.43,"서**별**양** **동**5**2**지**","0231","0021","서*주*(*2*1*)",202005,8500,"2010",43.26,1,78,0.11239
"1147010300109730020","202011","11470-100198545","11470-102949","10","서**별**양** **동**7**1**지**",29.66,"서**별**양** **동**3**2**","0553","0019","레*나*3*-*3*",201908,22000,"1986",43.18,2,444,0.11119
"1147010300104600005","202102","11470-2719","11470-101183","46","서**별**양** ** **1**3**",36.66,"서**별**강** **동**0**-**번**","0231","0009","더*래* *동",202004,24000,"2012",81.36,1,355,0.08538
"1147010300109650006","202101","11470-100224268","11470-124689","3","서**별**양** **동**5**1**지**",27.96,"서**별**양** **동**1**1**","1002","0001","신*캐*",202006,24500,"1994",58.56,5,486,0.05722
"1147010200107970007","202006","11470-100218285","11470-85729","26","서**별**양** **동**2**1**지**",59.91,"서**별**양** **동**6**2**지**","0231","0007","가*하*징",202007,22000,"1989",52.8,3,495,0.06187
"1147010300100440027","202012","11470-20274","11470-100216765","17","서**별**양** **동**1**5**",29.9,"서**별**양** **동**2**4**지**","0218","0017","목*빌*",202009,20000,"2003",29.99,2,455,0.05431
"1147010100109500009","202001","11470-100217361","11470-87373","53","서**별**양** ** **8**5**지**",34.25,"서**별**강** **동**7**8**지**","1192","0241","유*(*동*",202002,24000,"2016",29.92,3,474,0.09434
"1147010300104680004","202009","11470-100232728","11470-100222915","77","서**별**양** ** **5**5**",44.67,"서**별**양** ** **1**3**","0519","0111","백*빌*",202003,25000,"1987",36.41,4,235,0.0741
"1147010200107940009","202105","11470-1058","11470-103947","69","서**별**양** ** **8**4**지**",36.6,"서**별**강** **동**1**지**","0931","0075","레*나",202010,19500,"1993",47.16,5,369,0.10134
"1147010100109230028","202004","11470-14062","11470-74864","155","서**별**양** ** **1**0**지**",36.255,"서**별**양** **동**1**8**","0923","0031","월*팰*스",201910,18000,"1987",40.5,2,114,0.06914
"1147010100109970012","202012","11470-11937","11470-70109","40","서**별**양** ** **5**번**",55.03,"서**별**양** **동**4**8**","0075","0014","보*타*",202009,13000,"2018",26.28,1,132,0.09481
"1147010200103180053","202003","11470-14876","11470-62935","1","서**별**양** **동**0**2**지**",43.18,"서**별**강** **동**7**8**","0911","0024","효*(*0*-*번*)",202003,18000,"2016",56.88,3,382,0.09374
"1147010200105340029","202001","11470-17888","11470-90441","46","서**별**양** ** **0**2**",59.91,"서**별**양** ** **1**3**","0964","0023","미*빌*",201912,13000,"2002",41.11,3,0,0.10857
"1147010200102310075","202101","11470-7734","11470-77220","14","서**별**양** **동**0**1**지**",39.93,"서**별**강** **동**0**-**번**","0324","0013","성*주*",202004,15000,"1997",26.92,3,489,0.06687
"1147010100112060004","202101","11470-7461","11470-67365","27","서**별**양** ** **1**5**",36.3,"서**별**양** **동**0**5**","0088","0005","럭*(*동*",202002,10000,"2016",36.74,1,30,0.09065
"1147010200103150009","202007","11470-4857","11470-90296","8","서**별**양** **동**6**1**지**",79.74,"서**별**양** ** **0**번**","0954","0034","정*빌*",202003,17000,"2003",29.33,4,401,0.04609
"1147010300109730003","202003","11470-14863","11470-107884","53","서**별**양** ** **5**번**",49.68,"서**별**양** ** **7**3**","0743","0005","서*플*렌*3*3",201909,17300,"1987",40.84,3,445,0.0846
"1147010100109560007","202010","11470-10655","11470-69747","70","서**별**양** **동**1**1**지**",50.4,"서**별**양** **동**7**9**","0516","0199","드*빌*차",202008,15000,"1998",30.3,3,433,0.10134
"1147010200103180143","202001","11470-8724","11470-100227936","75","서**별**양** ** **8**8**",59.9,"서**별**양** ** **8**3**","0315","0020","씨*하*(*1*1*)",202105,11000,"2001",76.21,6,468,0.12462
"1147010200106070037","202104","11470-100223542","11470-92408","1","서**별**양** ** **8**번**",62.23,"서**별**강** **동**6**3**지**","0981","0007","서*빌*",202004,20000,"2002",41.13,2,422,0.09186
"1147010300109350002","202004","11470-15198","11470-74376","17","서**별**양** **동**6**1**지**",53.17,"서**별**양** **동**2**3**지**","0454","0036","대*빌*(*동*",202007,26500,"1988",40.03,2,149,0.04856
"1147010300100850018","202002","11470-12176","11470-86091","8","서**별**양** **동**4**7**",43.76,"서**별**양** ** **2**5**","0875","0001","동*하*츠*라",201910,9000,"2002",37.92,2,411,0.12044
"1147010300109160003","202009","11470-16024","11470-73852","83","서**별**양** ** **3**번**",35.79,"서**별**강** **동**0**1**지**","0760","0270","레*나",201909,18000,"2013",41.76,6,153,0.11715
"1147010200103180092","202009","11470-100228448","11470-89587","6","서**별**양** ** **3**1**",48.12,"서**별**양** ** **8**번**","0091","0229","대*주*",201807,18000,"2002",26.86,6,378,0.09826
"1147010200102310211","202005","11470-4450","11470-117031","70","서**별**양** ** **2**번**",53.17,"서**별**양** **동**9**1**지**","0482","0010","영*빌*",201907,19000,"2009",36.69,3,492,0.14937
"1147010300109730011","202102","11470-16954","11470-100230037","7","서**별**양** ** **-**번**",40.83,"서**별**양** **동**6**번**","0935","0002","목*르*빌",201908,29800,"1997",36.06,3,0,0.07798
"1147010200103180250","202006","11470-100223683","11470-100225517","13","서**별**양** **동**7**번**",41.14,"서**별**양** **동**5**7**","0725","0005","무*빌*(*)",201807,14500,"2002",73.52,6,462,0.06691
"1147010200105440000","202002","11470-100198524","11470-75137","56","서**별**양** **동**4**1**지**",59.8,"서**별**양** **동**4**1**지**","0789","0012","에*-*워",202103,18000,"2002",29.63,2,84,0.11243
"1147010300109520004","202102","11470-18027","11470-100192338","4","서**별**양** ** **5**1**",113.52,"서**별**양** **동**0**2**지**","0233","0011","8*4*1*",202005,18000,"1991",37.26,4,127,0.11407
"1147010200103180251","202005","11470-100186027","11470-109306","57","서**별**양** **동**3**2**",62.49,"서**별**양** **동**2**2**","0877","0003","주*베*빌",202011,9000,"2016",59.45,3,382,0.08273
"1147010200107590002","202105","11470-3658","11470-100225755","11","서**별**양** **동**8**1**지**",53.28,"서**별**양** ** **1**6**지**","0923","0018","명*쉐*빌*1*1*-*4*",201911,18900,"1992",36.96,1,417,0.1102
"1147010200102310161","202105","11470-8483","11470-67464","114","서**별**양** ** **4**8**",29.34,"서**별**양** **동**1**1**지**","0964","0015","와*앤*",202102,16000,"2012",29.79,1,300,0.06869
"1147010300109710007","202011","11470-16496","11470-100220703","79","서**별**양** **동**5**8**",55.5,"서**별**강** **동**2**8**","0643","0013","효*빌*(*1*-*7*)",202104,22500,"1988",56.8,2,342,0.13703
"1147010200103180186","202103","11470-18027","11470-108325","35","서**별**양** **동**2**1**지**",35.82,"서**별**양** **동**4**1**지**","0934","0007","이*캐*3",202004,13000,"1982",47.73,3,100,0.05679
"1147010300100920015","202009","11470-9801","11470-100220677","11","서**별**양** **동**6**1**",43.16,"서**별**양** ** **5**번**","0516","0015","다*네*트*(*0*-*6*",202009,10000,"1986",48.57,1,167,0.10623
"1147010200102310083","202002","11470-100214506","11470-102212","128","서**별**양** **동**3**1**지**",76.05,"서**별**양** **동**4**1**지**","0504","0002","모*빌*8*5*1*)",202005,20000,"1989",63.81,1,288,0.05461
"1147010100109200004","202009","11470-8427","11470-69115","122","서**별**양** **동**4**1**지**",24.22,"서**별**양** **동**1**1**지**","0231","0049","동*팰*스*4*9*2*)",202008,21000,"2002",40.17,3,410,0.07711
"1147010200102310173","202011","11470-100190132","11470-108518","12","서**별**양** ** **4**5**",43.26,"서**별**양** ** **1**0**지**","0042","0074","수*빌* *동",202009,23900,"1990",29.95,3,156,0.05001
"1147010200105060007","202104","11470-100183416","11470-92610","79","서**별**양** ** **4**0**",46.32,"서**별**양** **동**7**1**지**","0130","0020","대*주*",202102,22300,"1998",28.5,3,370,0.09895
"1147010200104980005","202002","11470-100211485","11470-142810","4","서**별**양** ** **6**번**",61.48,"서**별**양** ** **8**번**","0468","0010","금*주*(*4*-*)",202004,15000,"2002",41.16,2,499,0.0867
"1147010200107830020","202101","11470-6282","11470-136047","24","서**별**양** **동**7**6**",51.98,"서**별**양** ** **1**4**지**","0231","0002","오*지*(*1*-*3*)",202105,20000,"2007",29.79,1,183,0.11931
"1147010200105530018","202001","11470-100184547","11470-94456","36","서**별**양** ** **5**5**",59.95,"서**별**양** **동**9**1**지**","0505","0000","정*주*",202007,8000,"1996",27.77,1,193,0.13666
"1147010300101400008","202102","11470-15626","11470-59649","15","서**별**양** **동**2**1**지**",41.17,"서**별**양** ** **4**1**","0088","0017","휴*하*빌",202007,8500,"2002",60.73,3,496,0.13618
"1147010300109670012","202008","11470-100222947","11470-66835","64","서**별**양** ** **4**0**지**",38.16,"서**별**양** **동**3**7**","0947","0010","서*주* *동",201907,18000,"2017",63.84,6,413,0.04255
"1147010200106410002","202103","11470-5239","11470-75329","52","서**별**양** **동**0**2**",39.22,"서**별**양** **동**8**1**지**","0876","0034","오*빌",202008,25000,"2001",58.12,2,219,0.04291
"1147010300102390014","202008","11470-11085","11470-77140","14","서**별**양** **동**1**2**지**",49.8,"서**별**양** ** **-**번**","1000","0011","금*빌*A*",202104,22000,"1993",61.38,3,338,0.12021
"1147010200107250033","202010","11470-12424","11470-100189115","23","서**별**양** ** **9**번**",24.79,"서**별**양** ** **7**0**","0726","0117","효*스*이*",201911,18000,"2003",59.25,3,133,0.09972
"1147010200107900005","202008","11470-6593","11470-100187761","138","서**별**양** **동**7**3**",52.56,"서**별**양** ** **8**번**","0044","0009","라*프*택*가*",202010,9000,"1989",41.56,3,379,0.02505
"1147010100108890019","202009","11470-14028","11470-73733","18","서**별**양** ** **3**2**",53.19,"서**별**양** **동**2**1**지**","1005","0025","해*름*운",202007,11000,"1987",28.42,3,239,0.09151
"1147010300100680004","202103","11470-100218120","11470-78715","22","서**별**양** **동**3**2**지**",40.77,"서**별**양** **동**3**9**","0955","0029","정*빌*",202005,12000,"2007",48.4,4,223,0.06864
"1147010200106550009","202004","11470-12370","11470-74976","6","서**별**양** ** **5**번**",47.72,"서**별**양** **동**5**9**","0318","0005","이*빌",202104,18000,"1988",35.51,6,255,0.13651
"1147010300101040019","202003","11470-100209805","11470-59676","50","서**별**양** ** **8**5**",41.6,"서**별**양** ** **4**3**","0455","0002","세*빌* *동",202001,17000,"1987",36.6,5,394,0.09518
"1147010300101080001","202003","11470-21561","11470-94651","9","서**별**양** **동**9**2**",50.4,"서**별**양** ** **7**번**","0451","0032","목*파*뷰",201911,25000,"2001",57.66,3,420,0.13016
"1147010300109120012","202012","11470-9832","11470-53042","18","서**별**양** **동**8**8**",41,"서**별**양** ** **5**7**","0527","0007","골*빌*(*동*",202101,20000,"2016",36.63,4,232,0.04863
"1147010100109250033","202012","11470-10649","11470-87256","136","서**별**양** **동**5**5**",39.75,"서**별**양** **동**3**9**","0537","0005","빈*우*",201911,34500,"1988",40.8,2,216,0.12847
"1147010200105570000","202102","11470-100215765","11470-79948","4","서**별**양** ** **4**2**",57.87,"서**별**양** ** **1**4**","0318","0017","현*가*스*",202010,22600,"2011",33.57,4,290,0.14838
"1147010200107130011","202105","11470-9606","11470-90836","88","서**별**양** ** **5**5**",80.21,"서**별**양** ** **8**4**지**","0778","0007","대*아*타*가*",202002,20000,"1991",36.07,3,0,0.13079
"1147010300102410020","202009","11470-7339","11470-69599","20","서**별**양** **동**1**0**",29.88,"서**별**양** ** **0**3**","0315","0008","녹*주*(*동*",202101,17500,"2016",41.11,3,159,0.01612
"1147010200107170001","202007","11470-12612","11470-84290","87","서**별**양** ** **6**1**",36.55,"서**별**양** **동**9**6**","0516","0025","금*파*빌",201912,21000,"2002",59.64,3,60,0.06818
"1147010100101890001","202003","11470-12273","11470-117805","8","서**별**양** ** **6**7**",37.29,"서**별**양** ** **1**번**","0318","0205","쌍*베*트*",202010,19950,"2007",61.47,3,343,0.02517
"1147010300101070003","202105","11470-100223867","11470-88308","26","서**별**양** **동**5**8**",37.01,"서**별**양** **동**7**2**지**","0041","0006","대*",202010,23000,"2015",29.91,3,272,0.08796
"1147010200105460029","202009","11470-16237","11470-62658","159","서**별**양** ** **9**번**",23.76,"서**별**양** **동**3**8**","0060","0021","(*3*-*)",202106,13000,"2002",35.28,1,362,0.01196
"1147010200105340012","202012","11470-4557","11470-100228472","95","서**별**양** ** **8**3**지**",41.19,"서**별**양** **동**8**5**","0946","0017","미*빌*",201912,10000,"1987",59.92,2,298,0.11772
"1147010200107400004","202007","11470-17721","11470-79196","14","서**별**양** ** **8**9**지**",29.02,"서**별**양** **동**6**7**","0231","0028","우*그*맨*-*",202106,25000,"1986",63.09,5,282,0.08517
"1147010300103310033","202002","11470-15831","11470-66231","103","서**별**양** ** **1**번**",41.24,"서**별**양** **동**2**3**","0558","0016","월*팰*스",201909,10000,"2016",27.86,3,260,0.05101
"1147010300102330034","201912","11470-12627","11470-100212484","5","서**별**양** **동**5**1**",36.2,"서**별**양** **동**7**1**지**","0920","0016","D*S*코*",202007,14000,"1998",51.42,5,398,0.02677
"1147010300109240009","202010","11470-6157","11470-78815","1","서**별**양** ** **9**5**",41.04,"서**별**양** **동**7**4**","0934","0006","다*빌*트*9*5*5*",202105,8000,"1988",37.49,5,419,0.11245
"1147010300109640014","202012","11470-11083","11470-115938","15","서**별**양** **동**3**1**지**",47.59,"서**별**양** **동**6**9**","0537","0016","경*빌*비*",202006,20000,"2014",58.29,3,237,0.03652
"1147010300104560028","202103","11470-5868","11470-100227563","54","서**별**양** **동**0**3**지**",41.21,"서**별**양** **동**6**2**","0318","0019","삼*빌*(*1*-*)",202103,8500,"1999",38.52,2,379,0.10486
"1147010200102310059","202001","11470-100214685","11470-124713","17","서**별**양** **동**4**1**지**",44.88,"서**별**양** **동**8**7**","0962","0000","삼*빌*",202104,30000,"1994",63.23,3,217,0.03564
"1147010300109510007","202011","11470-100223657","11470-75921","28","서**별**양** **동**9**8**",37.17,"서**별**양** ** **4**3**","0078","0013","모*하*스",202106,28500,"2001",59.97,1,0,0.05871
"1147010100108880031","202003","11470-12161","11470-76454","23","서**별**양** ** **3**1**",58.62,"서**별**양** **동**6**1**지**","0966","0002","산*빌*운",201907,14000,"1986",77.19,4,0,0.05373
"1147010200105330020","202105","11470-16778","11470-78083","5","서**별**양** **동**7**4**",59.065,"서**별**양** **동**6**2**지**","0974","0010","동*주* *동",202106,17100,"2002",36.51,2,0,0.10147
"1147010300109630005","202008","11470-100216385","11470-94106","4","서**별**양** **동**7**1**지**",29.89,"서**별**양** **동**2**-**지**","0998","0021","한*주* *동",202012,22000,"1988",28.74,4,483,0.01758
"1147010100109630003","202102","11470-100218827","11470-75503","17","서**별**양** **동**3**2**지**",41.01,"서**별**양** **동**5**9**","0504","0006","선*빌",202012,12000,"1994",41.73,3,312,0.09662
"1147010100109180014","202004","11470-6467","11470-100216750","97","서**별**양** **동**9**7**",60.1,"서**별**양** **동**4**8**","0965","0005","명*아*빌*동",202009,19500,"2012",47.25,2,11,0.03885
"1147010200107430001","202001","11470-10458","11470-101345","21","서**별**양** **동**0**-**번**",30.96,"서**별**양** ** **3**5**","0041","0006","D*프*임*4*-*8*",202012,21000,"1989",53.37,5,242,0.07009
"1147010300100200035","202003","11470-100216354","11470-100190140","13","서**별**양** ** **9**5**",16.66,"서**별**양** **동**0**5**","0774","0014","녹*주*(*동*",202104,10000,"2003",78.69,2,334,0.07747
"1147010300105160002","202102","11470-16817","11470-116005","25","서**별**양** ** **6**0**",64.71,"서**별**양** ** **8**1**지**","0231","0245","아*펠*체",202008,12500,"2002",47.33,4,427,0.0116
"1147010200103240177","202101","11470-100223467","11470-100222283","5","서**별**양** **동**2**7**",40.83,"서**별**양** **동**5**1**지**","0499","0001","청*빌*A",201912,7000,"2011",43.83,3,0,0.07139
"1147010300109350007","202005","11470-16255","11470-100199607","64","서**별**양** **동**6**7**",43.32,"서**별**양** **동**7**1**지**","0108","0011","삼*하*츠*동",202005,16000,"2012",57.46,4,0,0.06509
"1147010200102310202","202001","11470-20016","11470-123160","25","서**별**양** ** **6**1**",66.08,"서**별**양** **동**5**9**","0042","0174","오*드*빌",202102,22000,"2003",28.13,3,354,0.08085
"1147010100109190015","202009","11470-11517","11470-102830","60","서**별**양** **동**3**2**지**",54.36,"서**별**양** **동**6**9**","1042","0173","동*주*",202010,20000,"1988",36.74,1,61,0.11895
"1147010300109210007","202104","11470-4994","11470-82457","13","서**별**양** ** **6**0**",41.97,"서**별**양** ** **8**6**","0815","0005","동*주* *동",202010,8500,"1988",28.99,4,393,0.12245
"1147010200107430002","202012","11470-100229488","11470-81831","154","서**별**양** **동**0**-**지**",47.52,"서**별**양** ** **-**번**","0555","0087","청*빌*(*3*-*)",201908,22800,"2017",36.51,1,334,0.08784
"1147010200103180053","202102","11470-16347","11470-79512","68","서**별**양** ** **8**번**",29.3,"서**별**양** **동**2**2**","0941","0003","빌*엔",201912,10000,"2003",73.64,3,251,0.05417
"1147010200103180175","202012","11470-2371","11470-100211989","43","서**별**양** **동**3**2**지**",47.98,"서**별**강** **동**1**1**","0974","0007","상*주*(*2*-*)",201912,14000,"2016",37.44,3,122,0.24437
"1147010200100410051","202010","11470-11685","11470-100208217","150","서**별**양** **동**2**9**",58.86,"서**별**양** **동**1**4**지**","0925","0011","금*석*라*동",201910,20000,"2017",24.65,2,451,0.08428
"1147010300101480028","202004","11470-6772","11470-109416","8","서**별**양** **동**4**4**",55.32,"서**별**양** **동**2**9**","0220","0002","동*씨*빌*동",202103,14000,"2016",37.16,3,219,0.11678
"1147010200103240095","202006","11470-10660","11470-100223872","15","서**별**양** **동**0**8**",51.45,"서**별**양** **동**9**1**지**","0918","0001","삼*파*빌*3*5*3*)",202102,11000,"2009",50.33,1,461,0.08203
"1147010200102310065","202002","11470-12892","11470-123534","21","서**별**양** **동**6**7**",42.71,"서**별**양** ** **0**8**","0994","0200","현*가*스*",202010,23000,"2002",30.3,2,456,0.06958
"1147010300109570002","202011","11470-14591","11470-78725","31","서**별**양** **동**3**1**지**",48.6,"서**별**양** **동**8**7**","0143","0016","럭*주* *차",202012,17500,"2001",58.59,7,0,0.00267
"1147010200107240012","202104","11470-2975","11470-102810","120","서**별**양** **동**7**2**지**",36.49,"서**별**양** **동**2**3**","0434","0038","이*주*(*동*",202007,15500,"2002",40.47,4,336,0.06157
"1147010200101310108","202103","11470-12932","11470-115206","74","서**별**양** **동**7**1**지**",28.21,"서**별**양** **동**7**1**지**","0884","0018","라*프*A*)",202009,10500,"2011",53.65,1,294,0.0366
"1147010100109460020","201912","11470-10209","11470-100218607","69","서**별**양** **동**0**번**",24.85,"서**별**양** **동**4**2**","0725","0035","대*아*빌*",202002,16000,"1993",51.01,3,298,0.06753
"1147010100109190003","202102","11470-5087","11470-64704","18","서**별**양** ** **1**2**",29.81,"서**별**양** ** **8**5**","0553","0002","용*하*츠*라",202007,14500,"2014",42.7,3,215,0.0522
"1147010200100410050","202105","11470-5539","11470-73419","41","서**별**양** **동**9**4**",34.14,"서**별**강** **동**2**1**지**","0717","0014","대*주*(*동*",201911,22000,"2002",28.945,1,0,0.1179
"1147010200102310171","202006","11470-19472","11470-89755","96","서**별**양** ** **4**2**지**",40.17,"서**별**양** ** **8**1**","0231","0151","승*빌*",201910,7500,"1986",52.78,3,357,0.11955
"1147010300109730018","202105","11470-9227","11470-133424","146","서**별**양** ** **1**번**",29.98,"서**별**양** **동**5**7**","0954","0014","목*하*츠*라*동",202102,10000,"2017",30.24,2,179,0.219
"1147010200105550017","202002","11470-4254","11470-125263","23","서**별**양** **동**4**2**지**",52.48,"서**별**양** **동**4**9**","0464","0015","더*슬*",202103,18700,"2016",39.41,2,325,0.08931
"1147010100110040005","202002","11470-7501","11470-86976","36","서**별**양** **동**7**2**",49.22,"서**별**양** ** **8**번**","0131","0012","대*빌*",202006,7500,"2011",37.92,2,225,0.03666
"1147010200107340008","202003","11470-18365","11470-103970","47","서**별**양** **동**8**3**",50.22,"서**별**양** ** **1**5**","0964","0009","(*0*0*1*)",201911,14000,"2007",59.98,4,389,0.03529
"1147010200107190029","202103","11470-8830","11470-100224114","73","서**별**양** ** **8**1**지**",57.06,"서**별**양** **동**2**-**지**","0856","0029","가*아*리*",201911,13000,"1995",65.42,4,265,0.13105
"1147010100109660009","202003","11470-2373","11470-108729","55","서**별**양** ** **1**0**지**",43.98,"서**별**양** **동**4**1**","1066","0016","해*빌*",201907,9000,"2016",29.87,5,157,0.12224
"1147010300109140008","202008","11470-6655","11470-66766","1","서**별**양** **동**4**1**지**",52.08,"서**별**양** **동**5**1**","0952","0002","드*팰*스",202103,6500,"2018",26.25,3,378,0.10849
"1147010300109250025","202001","11470-100209447","11470-81610","16","서**별**양** ** **5**번**",53.22,"서**별**양** **동**6**2**","0131","0011","밀*니*맨*",201908,8000,"1988",60.59,4,287,0.08794
"1147010300101300034","202007","11470-13208","11470-133547","37","서**별**양** **동**3**1**지**",37.26,"서**별**양** ** **1**1**","0780","0015","올*루*",202104,26000,"2015",60.265,4,485,0.11042
"1147010200105240010","202104","11470-100182146","11470-90038","47","서**별**양** **동**1**5**",64.66,"서**별**양** ** **0**번**","0468","0039","늘*량",202105,9000,"2002",75.6,2,437,0.05655
"1147010200103240168","202001","11470-3874","11470-100209884","31","서**별**양** ** **5**5**",53.61,"서**별**양** **동**0**-**번**","0218","0086","한*빌*",202104,17000,"2002",36.94,4,359,0.05573
"1147010100109700019","202103","11470-8060","11470-65995","154","서**별**양** **동**9**8**",61.9,"서**별**양** **동**5**9**","0604","0011","대*주*",202101,9500,"2002",37.16,2,403,0.10671
"1147010200101310037","202003","11470-14403","11470-117472","30","서**별**양** ** **5**번**",43.83,"서**별**양** **동**1**1**","0499","0012","금*빌*A*",202103,15000,"2003",61.26,5,365,0.11556
"1147010200105430005","202006","11470-5907","11470-117125","69","서**별**양** ** **-**번**",37.92,"서**별**양** **동**2**1**지**","0960","0005","효*그*빌*",202010,9000,"1988",22.42,3,78,0.1176
"1147010200107340004","202105","11470-17112","11470-116498","8","서**별**양** ** **4**4**",56.23,"서**별**양** **동**5**4**","0565","0007","삼*빌*A*",202103,26000,"2017",69.54,2,225,0.02496
"1147010300101360016","202105","11470-12132","11470-100201332","9","서**별**양** **동**4**1**지**",62.64,"서**별**양** ** **5**1**","0720","0003","백*빌*",202105,18000,"1987",44.46,2,356,0.11589
"1147010100108940007","202103","11470-15769","11470-65892","68","서**별**양** **동**3**3**지**",57.06,"서**별**양** **동**7**2**지**","0122","0006","신*주*",202007,21000,"2017",44.19,4,0,0.09349
"1147010200105340042","202012","11470-8340","11470-100216949","58","서**별**양** **동**7**1**지**",59.67,"서**별**양** ** **1**5**지**","0733","0017","하*D",202010,16000,"2002",37.01,5,484,0.16571
"1147010300109520005","202002","11470-8203","11470-132783","50","서**별**양** **동**0**7**",45.72,"서**별**양** ** **0**번**","0965","0013","다*빌*트*9*5*5*",202002,19000,"2016",52.65,2,382,0.06228
"1147010200103180028","202009","11470-15380","11470-52960","32","서**별**양** **동**2**2**지**",28.74,"서**별**양** **동**1**1**지**","0946","0019","삼*쉐*빌*2*1*2*6*",202011,8000,"1991",49.23,2,0,0.02613
"1147010200103240100","202006","11470-100183248","11470-63255","24","서**별**양** **동**0**6**",50.34,"서**별**양** ** **4**3**","0850","0001","기*아*빌",202007,17000,"2010",40.55,1,158,0.07043
"1147010300104830012","202012","11470-21587","11470-131474","16","서**별**양** **동**6**9**",25.96,"서**별**양** **동**3**4**","0525","0004","상*아*빌*8*2*2*)",201911,12500,"1987",54.26,2,55,0.06865
"1147010300104600001","202101","11470-7625","11470-117599","128","서**별**양** ** **9**9**",61.41,"서**별**양** **동**0**9**","0966","0006","다*타*팰*스",202008,19000,"2001",59.08,3,78,0.11915
"1147010300109730003","202001","11470-15300","11470-101382","8","서**별**양** **동**4**1**",68.07,"서**별**양** ** **1**3**","0972","0014","정*빌*",202002,19000,"2012",42.42,3,0,0.13006
"1147010200103180149","202007","11470-17346","11470-117042","10","서**별**양** **동**7**3**",36.69,"서**별**강** **동**2**1**지**","0789","0002","성*주*",202005,8500,"2007",53.25,2,235,0.01258
"1147010100110230008","202011","11470-100207645","11470-80192","139","서**별**양** **동**8**8**",51.78,"서**별**양** ** **5**번**","0774","0067","명*아*빌",202010,17850,"2016",49.19,2,87,0.03536
"1147010300109250010","202006","11470-100229325","11470-88106","4","서**별**양** ** **4**1**",39.86,"서**별**양** **동**8**8**","0318","0033","정*울*",201911,12000,"2002",31.78,2,116,0.08227
"1147010300104130015","202002","11470-10675","11470-84043","2","서**별**양** **동**6**1**지**",37.36,"서**별**양** **동**2**-**번**","0924","0029","J*빌*4*7*5*",201910,15000,"2012",59.94,5,299,0.13871
"1147010300100160006","202009","11470-6612","11470-64147","5","서**별**양** **동**1**2**",28.53,"서**별**양** **동**2**2**지**","0602","0007","대*주*(*동*",202009,21000,"2003",36.75,2,409,0.10871
"1147010200107600002","202004","11470-5711","11470-103757","10","서**별**양** **동**0**번**",35.82,"서**별**양** **동**1**-**지**","0461","0028","평*(*동*",202009,21000,"1998",55.09,2,350,0.14329
"1147010200107780019","202101","11470-12125","11470-100229253","34","서**별**양** **동**6**2**지**",37.41,"서**별**양** ** **3**1**","0921","0019","목*빌*",202101,16300,"1994",44.88,5,0,0.05849
"1147010300109570008","202001","11470-15250","11470-66115","117","서**별**양** **동**7**7**",52.84,"서**별**양** **동**6**6**","0231","0002","한*아*빌*",201908,22000,"1988",40.05,3,62,0.14607
"1147010100109400019","202006","11470-5975","11470-100198414","30","서**별**양** ** **8**8**",36.43,"서**별**양** ** **1**3**","0546","0007","금*5* *",202006,11000,"2001",26.91,4,363,0.04951
"1147010200102310241","202101","11470-10445","11470-70109","149","서**별**양** **동**8**9**",62.39,"서**별**양** **동**8**번**","0553","0004","남*쉐*빌",202106,24000,"2001",59.24,1,46,0.06079
"1147010300100490017","202102","11470-21324","11470-94425","32","서**별**양** **동**4**3**",27.5,"서**별**강** **동**8**6**","0315","0011","남*베*트*",202009,15750,"1990",42.9,2,0,0.1391
"1147010100109450036","202006","11470-100217405","11470-100228309","5","서**별**양** **동**8**1**지**",27.98,"서**별**양** **동**9**5**","0498","0006","포*스*",201903,23000,"2018",67.02,5,415,0.08514
"1147010300109250004","201912","11470-100220561","11470-76257","3","서**별**양** **동**4**3**지**",47.71,"서**별**양** ** **4**3**","0778","0013","홍*그*이*빌*",202105,17000,"2011",36.75,3,491,0.13835
"1147010300109260022","202008","11470-100218579","11470-92810","69","서**별**양** **동**2**3**지**",59.84,"서**별**양** **동**6**2**지**","0440","0004","미*팰*스",202005,20000,"2002",45.07,3,432,0.08554
"1147010200104980006","202104","11470-12161","11470-142250","28","서**별**양** **동**7**1**지**",61.63,"서**별**양** ** **1**1**","0926","0009","이*빌",202003,23500,"1989",50.08,1,87,0.08836
"1147010300102420035","202004","11470-21429","11470-77718","11","서**별**양** **동**5**1**지**",36.19,"서**별**양** ** **8**3**","0933","0009","영*아*빌*",202001,9000,"2007",29.84,3,165,0.03054
"1147010100109910012","202004","11470-3511","11470-100227325","27","서**별**양** **동**7**1**지**",44.22,"서**별**양** ** **7**0**","0076","0008","미*빌*D",202006,11000,"2016",40.77,4,354,0.14362
"1147010100108900006","202102","11470-4304","11470-66191","17","서**별**양** **동**5**8**",64.2,"서**별**양** ** **1**4**","0964","0004","샤*인*리*(*2*-*7*",202004,16000,"1988",34.82,7,479,0.04136
"1147010200105280023","202104","11470-100182024","11470-102922","53","서**별**양** **동**6**2**",27.79,"서**별**양** **동**0**-**번**","0920","0010","예*쉐*빌*9*9*4*(*9*)",201910,22500,"1990",46.08,3,473,0.04641
"1147010300109630007","202005","11470-17029","11470-89732","10","서**별**양** **동**2**1**",36.49,"서**별**양** ** **1**2**","0973","0091","금*연* *",202001,18000,"2006",44.88,1,127,0.05243
"1147010100109660005","202001","11470-16485","11470-87552","3","서**별**양** ** **4**8**",21.76,"서**별**양** **동**6**1**지**","0935","0002","첼*하*스",202003,11000,"2018",37.41,4,175,0.06716
"1147010300100490024","202011","11470-100219527","11470-115740","97","서**별**양** **동**1**1**지**",72.82,"서**별**양** ** **1**6**","0915","0009","(*9*-*)",202008,15600,"1997",48.76,1,296,0.0306
"1147010100109160004","202004","11470-9757","11470-100193354","3","서**별**양** ** **6**번**",43.34,"서**별**양** **동**2**-**지**","0042","0015","미*팰*스",202006,21500,"2012",60.64,1,433,0.04604
"1147010200102310072","202002","11470-100217295","11470-100211550","5","서**별**양** **동**2**2**지**",41.17,"서**별**양** ** **5**8**","0372","0001","럭*그*빌",202012,17000,"2002",60.64,3,489,0.12062
"1147010200105280024","202012","11470-100191393","11470-63933","7","서**별**양** ** **9**번**",47.52,"서**별**양** ** **6**4**","0318","0031","해*트*움",201910,16000,"2003",27.3,3,344,0.12181
"1147010100109790007","202011","11470-3175","11470-125563","65","서**별**양** ** **7**1**",29.3,"서**별**양** ** **5**번**","0233","0001","장*주* *동",202010,18000,"2003",52.87,1,440,0.1001
"1147010200106110017","202006","11470-11308","11470-100197480","20","서**별**양** **동**2**3**지**",43.32,"서**별**양** **동**7**1**지**","0965","0014","대*파*빌*3*8*2*7*",201910,8000,"2004",46.44,2,0,0.0764
"1147010200100420016","202102","11470-100217775","11470-132996","34","서**별**양** **동**2**1**지**",47.4,"서**별**양** ** **1**번**","0875","0060","명*아*빌",202101,8000,"2002",59.92,3,331,0.00049
"1147010300109570016","202101","11470-100209986","11470-115863","39","서**별**양** **동**1**-**번**",36.36,"서**별**양** ** **0**번**","0370","0001","라*빌*",201708,18700,"2003",24.24,4,446,0.08234
"1147010200103240046","202006","11470-17335","11470-84606","47","서**별**양** **동**6**7**",43.38,"서**별**양** ** **7**번**","0806","0011","삼*(*8*1*)",202004,28000,"1988",40.05,3,410,0.1159
"1147010100108820014","202006","11470-100216385","11470-143228","10","서**별**양** ** **8**2**지**",59.24,"서**별**양** **동**6**1**지**","0573","0034","주*베*빌*1*2*",202007,8000,"1992",64.38,2,368,0.08678
"1147010100108730008","202004","11470-8770","11470-100217348","105","서**별**양** **동**0**2**지**",41.21,"서**별**양** **동**9**1**지**","0745","0036","금*주*",202002,9000,"1992",36.36,4,239,0.06527
"1147010200105360011","202006","11470-100217097","11470-71396","155","서**별**양** **동**6**7**",45.99,"서**별**양** **동**2**1**지**","0964","0011","현*파*빌*6*2*",202007,19000,"2015",79.03,5,337,0.02822
"1147010200103180318","202003","11470-100218707","11470-80965","20","서**별**양** ** **1**번**",37.32,"서**별**양** **동**6**6**","1198","0009","효*주*(*0*2*1*)",202008,15000,"1992",29.96,2,445,0.05703
"1147010100109630003","202002","11470-100183248","11470-100212893","10","서**별**양** ** **5**3**",47.59,"서**별**양** ** **4**","0091","0002","세*주*(*2*-*)",202010,21300,"1982",61.2,2,185,0.09299
"1147010300109730012","202010","11470-3658","11470-100240492","7","서**별**양** **동**6**9**",41.23,"서**별**양** ** **1**4**지**","0537","0023","삼*(*5*-*)",202101,15000,"1989",57.92,2,59,0.11213
"1147010200103180177","202008","11470-9036","11470-100211238","113","서**별**양** **동**5**2**",23.23,"서**별**양** **동**2**1**지**","0439","0007","우*빌*(*동*",201910,24000,"1982",81.75,4,460,0.13713
"1147010200106270003","202006","11470-100203066","11470-86474","70","서**별**양** **동**3**2**",41.21,"서**별**양** ** **1**5**지**","0947","0251","동*2*(*동*",202103,11200,"1991",42.42,5,285,0.12291
"1147010300105190021","202011","11470-15066","11470-79173","33","서**별**양** **동**2**3**지**",70.02,"서**별**양** ** **7**8**","0231","0007","녹*빌*(*동*",202102,10000,"2001",47.24,1,108,0.0434
"1147010200105580003","202102","11470-6729","11470-87902","55","서**별**양** ** **1**6**",60.72,"서**별**강** **동**6**1**지**","0122","0079","삼*하*츠*동",202105,13000,"1986",41.64,4,0,0.13011
"1147010200107450027","202105","11470-16347","11470-63931","53","서**별**양** ** **3**3**",46.65,"서**별**양** **동**0**6**","0996","0005","경*주*4*",202004,18000,"1994",41.21,2,333,0.1035
"1147010200105050008","202007","11470-3929","11470-124479","61","서**별**양** **동**1**1**지**",47.1,"서**별**양** ** **8**0**지**","0925","0003","고*아*빌*9*-*)",202104,18000,"1986",28.27,3,435,0.10812
"1147010200105530030","202007","11470-9593","11470-100218658","19","서**별**양** **동**0**1**지**",37.78,"서**별**양** ** **1**4**지**","0029","0030","타*아*빌",202007,9000,"2002",60.72,2,0,0.0717
"1147010300109440001","202007","11470-4946","11470-102224","140","서**별**양** ** **-**1**",32.34,"서**별**양** ** **-**지**","0533","0005","금*주*",202101,13500,"2003",28.38,4,390,0.10974
