"PNU코드(PNU)","기준년월(KEYMONTH)","표제부_키코드(PKCODE1)","전유부_키코드(PKCODE2)","대상지주소(ADDRESS)","자치구코드(SREG)","법정동코드(SEUB)","대지구분(DAEJI)","본번(BUNJI1)","부번(BUNJI2)","건물이름(BLDNAME)","건물(동)이름(DONGNAME)","호_이름(HONAME)","건축연도(BLDCONYEAR)","본건_사례수(PRED_BON_CNT)","주변건_사례수(PRED_SARE_CNT)","면적대비_전세시세(DEPO_AREA_PRED)","예측_전세시세(DEPO_PRED)"
"1153010900102810007","202105","11305-13083","11410-70002","서**별**은** **동**1**2**지**","11215","10700","1","13","43","","","301","2015",3,41,914.98,21788
"1123010800101030150","202012","11590-21381","11620-117005","서**별**구** ** **3**1**","11545","10300","1","66","7","","","301","2015",0,9,1052.54,42380
"1147010200105540002","202009","11500-100181744","11290-80418","서**별**마** **산**1**1**번**","11140","10700","1","49","8","","","401호","2020",0,5,603.79,17569
"1150010900106060045","202011","11470-100235488","11215-100233544","서**별**양** ** **7**2**","11440","12900","1","90","109","아* *2*3","","203호","1979",1,18,282.23,15769
"1168010500101240011","202001","11500-1747","11290-117521","서**별**동** **동**0**-**번**","11710","10800","1","245","31","아*떼*","","4층401호","2020",1,38,642.49,24657
"1150010600107170023","202004","11650-100237754","11710-100242469","서**별**은** **동**3**1**","11710","10800","1","72","26","","102동","302","2002",0,29,236.75,8480
"1165010100104560025","202008","11320-100209034","11140-100224030","서**별**강** **산**6**-**번**","11560","10800","1","472","32","","나동","401","1991",1,9,506.39,16141
"1174010700104640013","202007","11440-27601","11680-100264179","서**별**강** **동**7**지**","11380","10700","1","152","62","대*스*이*빌","","301","2010",1,75,280.2,21943
"1130510300105270061","202005","11530-6181","11380-66947","서**별**서** **동**0**2**","11620","11800","1","337","11","","","403","2002",0,6,533.23,28311
"1117012300100080015","202008","11290-100219712","11530-59834","서**별**성** **동**-**8**","11590","10900","1","48","201","","","402","2019",4,5,247.1,19113
"1130510300102690037","202010","11350-13852","11215-100215905","서**별**마** **동**4**1**지**","11260","10600","1","563","18","","","801","2016",3,16,310.3,30918
"1162010200100980395","202105","11380-100256938","11710-157539","서**별**영**구**림**8**-**지**","11290","12400","1","26","0","창* *원*힐*리*5*","","402호","2020",0,28,570.83,13475
"1130510300101300145","202003","11200-19779","11260-100215788","서**별**서** **동**5**-**지**","11170","13100","1","632","18","복*연*주*","용민스위트빌","202","2004",6,8,494.55,22787
"1154510300110050000","202001","11350-100212069","11680-63711","서**별**도** **동**3**1**번**","11620","11400","1","272","1","그*이*빌","에이동","202","2012",0,4,298.08,19696
"1171011400100170020","202006","11545-100227039","11350-70115","서**별**서** **동**5**-**지**","11590","10600","1","39","11","","","102","1994",2,15,473.98,17814
"1162010100116880079","202006","11290-100237834","11170-100182714","서**별**성** **동**8**1**번**","11140","10300","1","82","18","한*아*린","토미하우스","301","1991",0,68,679.4,24120
"1153010900101410000","202011","11320-100210334","11620-92456","서**별**금** **동**3**1**번**","11380","10800","1","413","21","베*트*1","나동","302","2001",5,26,725.5,19399
"1154510200102980010","202101","11110-22701","11470-100214369","서**별**광** **동**0**3**지**","11590","10800","1","854","32","","","402","1997",6,17,220.19,20342
"1165010200102990000","202001","11740-100230313","11530-97022","서**별**용** **로** **6**","11710","10700","1","443","5","","","501","1998",2,128,578.6,16087
"1171010600100160001","202104","11710-100447819","11710-94357","서**별**광** **동**0**4**","11650","10600","1","869","17","","","301","1996",3,20,390.7,7779
"1171010400101100009","202105","11500-1741","11470-100218633","서**별**구** **동**3**1**지**","11650","10300","1","550","6","신*하*츠*","101동","301","2017",5,119,295.64,19037
"1156012800102570000","202009","11380-100268025","11680-90433","서**별**강** **동**3**2**지**","11710","10300","1","300","0","엘*하*스","","502호","2016",2,12,866.89,12157
"1171010600100450012","202103","11650-6857","11380-61109","서**별**동**구**농**1**-**번**","11230","10300","1","6","0","","","204","1996",14,40,433.19,15470
"1129011700101440000","202009","11260-100194954","11500-174095","서**별**강** ** **0**1**","11305","10800","1","548","3","","1동","B동601호","2002",5,29,525.55,10184
"1141011100101360034","202102","11470-18049","11350-100215932","서**별**강** **동**9**1**1**","11560","10200","1","734","0","","","102호","1996",8,7,292.01,21925
"1132010700106070030","202004","11620-22207","11140-100221122","서**별**용** **동** **1**번**","11380","10100","1","213","109","연*주*","","삼층302호","1994",5,48,506.82,11909
"1138010700100880025","202007","11545-3536","11305-58361","서**별**용** **동**-**3**","11290","10900","1","515","13","","","1층2","1986",0,1,295.12,16475
"1141011600102260000","202007","11620-100218920","11290-100235776","서**별**강** **동**6**8**지**","11500","11800","1","651","0","","","301","2003",1,262,802.7,29118
"1126010400102400121","202010","11305-100228652","11500-116714","서**별**중** **동**9**2**지**","11500","10400","1","54","23","","용수빌라","403","2015",1,7,413.48,18013
"1121510500107740001","202003","11470-100181864","11380-64316","서**별**금** **동**8**2**","11200","10100","1","930","42","대*쉐*빌","","304","1995",0,9,432.62,16195
"1168010100107660001","202104","11260-100214581","11140-68439","서**별**은** **동**1**지**","11710","10600","1","593","6","형*쉐*빌","101동","304","2019",0,8,301.99,27747
"1171010400101390024","202005","11290-39801","11380-60930","서**별**서** **동**7**1**지**","11530","10300","1","221","28","","105동","301호","2002",2,39,654.36,17106
"1171010500101650010","202001","11500-20060","11710-76294","서**별**성** **동**2**9**지**","11410","10500","1","405","15","","2동","201","1977",0,23,366.92,31493
"1130510100103140022","202012","11470-100228248","11500-125270","서**별**관** **동**0**3**지**","11650","10600","1","292","88","","","3층 302","1989",0,26,294.41,11376
"1147010200107340031","202001","11680-100260390","11410-100194319","서**별**구** **동**2**번**","11500","13100","1","148","120","","","3-5호","2015",30,13,830.85,109698
"1129013300102660047","202008","11380-100226401","11500-100225354","서**별**양** **동**2**1**지**","11680","10600","1","27","1","이*아* *화","","402","2003",28,7,260.01,26038
"1165010100109320003","202103","11500-100328560","11470-100208940","서**별**강** **동**9**2**2**","11680","10800","1","68","2","","","401호","2010",0,6,262.92,25473
"1130510100107912835","202008","11500-100337629","11620-100269780","서**별**강** **동**4**8**지**","11290","11200","1","159","4","로*나*","","203","2013",2,34,283.52,21585
"1126010100100910014","202004","11380-100273814","11500-72934","서**별**광** **동**3**3**지**","11710","10200","1","1608","20","","다","304","1990",21,58,482.69,9279
"1150010900102720053","202006","11590-26253","11440-108928","서**별**중** **동**3**4**지**","11260","10800","1","647","27","미*내*리*","","401","2003",1,49,435.4,24770
"1126010100103710125","202012","11500-100237023","11500-138910","서**별**도** ** **3**6**","11170","10400","1","410","13","","가동","403","2001",1,25,435.07,10626
"1121510500100160009","202007","11380-33104","11380-67744","서**별**구** ** **1**번**","11710","10700","1","962","12","","","401","2001",0,257,254.94,11413
"1168010800102300021","202105","11410-25869","11530-49124","서**별**도** **동**3**1**","11215","13200","1","429","15","","","202호","2010",1,15,243.62,31612
"1174010500103550004","202005","11320-16823","11680-189125","서**별**성** **동**4**2**","11530","10600","1","91","15","메*하*","","3층302호","2012",3,9,644.91,18622
"1171010600101130002","202006","11710-100454706","11230-100261518","서**별**송** **동**1**1**","11680","10500","1","266","14","","","401호","2003",0,33,708.94,13244
"1165010100110210002","202008","11740-100203212","11590-100240599","서**별**강** **동**8**3**","11620","10700","1","144","10","","","101","1989",0,7,384.72,21309
"1174010900100360006","202102","11620-100229441","11440-79425","서**별**영**구**길**1**-**번**","11530","10100","1","1131","18","청*빌*","","201","2018",0,3,406.93,15898
"1150010300103620066","202011","11410-100190082","11380-47315","서**별**중** **동**0**7**지**","11500","11100","1","391","102","대*리*빌","","101호","2002",0,70,354.01,20704
"1126010100100900001","202008","11545-100213113","11350-100192182","서**별**강** **동**6**1**지**","11380","10600","1","207","4","","B동","201","2003",1,62,967.07,12109
"1171011100101450022","202010","11650-100246004","11500-118100","서**별**은** **동**4**1**번**","11500","10300","1","341","16","대*아*빌*","","3층301호","2015",0,42,456.44,36305
"1147010300100190011","202010","11380-100293454","11530-100223754","서**별**강** **동**8**7**번**","11170","10600","1","280","10","드*2*팰*스","","102호","2011",0,17,543.43,27709
"1129013300108000002","202105","11380-100221464","11380-100203684","서**별**강** **동**8**5**지**","11530","10700","1","358","53","","","101호","2004",5,104,533.95,4814
"1171010700101160003","202011","11380-100263774","11470-103457","서**별**관** **동**8**3**지**","11170","10800","1","1709","106","장*베*트*","","501","1996",18,186,368.43,26483
"1174010900102280001","202101","11380-16548","11380-100255068","서**별**강** **동**7**지**","11500","10200","1","215","11","","","501호","2001",0,14,680.96,28081
"1159010900106870013","202105","11545-17350","11470-100197850","서**별**동**구**경**4**2**번**","11290","10500","1","13","2","에* *션","","201호","2008",0,13,289.21,21709
"1120010300102950000","202101","11650-7179","11590-100235130","서**별**동** **동**1**6**","11410","10300","1","4","0","","","803호","2019",3,34,443.9,9784
"1138010800100290034","202002","11620-10616","11290-100241523","서**별**서**구**가** **0**번**","11710","10200","1","618","7","리*하*빌*가*","","103호","2008",4,10,536.02,14028
"1153010700103500015","202008","11320-100207359","11650-94524","서**별**도** **동**9**1**지**","11650","10300","1","253","19","반*빌","","202","2015",8,10,293.61,14659
"1171010400100420004","202004","11560-100227539","11530-100240335","서**별**송** **동**1**1**","11500","10100","1","384","13","운*하*츠","1동","401호","2000",2,8,347.2,21339
"1138010800100810029","202103","11380-11142","11215-30182","서**별**구** **동**-**지**","11530","10800","1","86","18","","","401","1985",4,33,290.58,15708
"1171010800100080013","202007","11305-30631","11620-100240019","서**별**은** **동**9**1**지**","11440","16200","1","521","1","신*빌*","102동","101","2016",0,40,508.6,24227
"1138010500100030037","202009","11710-17593","11305-100219590","서**별**서** **동**5**-**번**","11500","12200","1","224","9","","","501","2003",0,55,413.06,21585
"1147010300104390023","202005","11710-100450294","11350-138595","서**별**송** **동**9**번**","11410","10300","1","724","1","","성일아트빌","902","2001",11,10,507.13,9605
"1165010100105300103","202101","11500-100296952","11440-100185213","서**별**송** **동**0**1**지**","11590","10900","1","338","64","","","402호","2014",1,1,1225.63,12518
"1159010200102030016","202002","11305-100205362","11680-100211294","서**별**은** **동**4**4**지**","11170","10200","1","23","6","","","401","1998",0,12,740.12,8528
"1132010800105760032","202105","11215-15825","11320-100184796","서**별**송** **동**7**0**","11590","11400","1","237","40","삼*맨*","","삼층402호","2010",1,10,467.37,28934
"1150010600107050010","202005","11305-13260","11380-77006","서**별**동**구**농**6**-**번**","11350","10100","1","436","62","가*","","501","2004",25,17,694.31,19317
"1162010200105970058","202002","11650-100222234","11410-100183000","서**별**도** **동**9**3**지**","11680","11500","1","237","262","스*이*빌","","401","1991",14,22,545.45,32451
"1150010800106730001","202006","11305-17587","11710-149309","서**별**강** **동**2**3**","11380","10200","1","292","15","준*르*","주건축물제1동","502호","2007",0,71,311.14,21493
"1150010900106470016","202101","11710-100515534","11740-100241187","서**별**관** **동**0**2**지**","11260","10300","1","873","0","","","105호","2013",0,5,430.15,22950
"1111018400101850008","202103","11440-27074","11170-50804","서**별**은** **동**-**번**","11260","10300","1","661","239","","","302","1979",10,12,286.95,15583
"1121510300102500043","202007","11305-28132","11380-100229926","서**별**마** **동**-**7**","11320","10600","1","834","8","","가동","2층202호","2006",0,11,379.68,17849
"1165010200100180012","202006","11545-100258722","11320-100194467","서**별**양** **동**8**9**","11410","10100","1","502","138","에*하*스","","301호","1996",7,19,360.52,14780
"1159010800100050002","201912","11680-100249609","11410-100201208","서**별**동** **동**7**1**","11380","10200","1","475","16","","","301호","2014",2,42,370.52,18585
"1174010500103510007","202104","11260-100219841","11650-22549","서**별**강** **동**5**4**번**","11470","10100","1","223","69","한* *스*클*스","A동","101호","2019",4,222,285.52,23701
"1132010600106850060","202105","11740-100291206","11500-100304417","서**별**강** **동**2**9**지**","11215","10500","1","227","8","T*e*H*m* *","","404","2019",3,9,521.48,34478
"1138010700100850054","202009","11560-100228310","11110-54257","서**별**종** **동**1**4**번**","11305","10900","1","655","222","창*빌*","","201","2001",0,15,424.34,9807
"1141011100100070001","202001","11410-9989","11230-100240457","서**별**도** **동**1**7**지**","11710","10100","1","319","31","예*팰*스*9*차","","203","2012",7,48,554.12,16087
"1174010500101250000","202003","11620-25097","11350-100194683","서**별**금** **동**9**1**지**","11305","10300","1","10","59","세*그*타*8*","보람빌라","301호","2003",1,10,656.29,10490
"1135010200104290031","202004","11110-28622","11380-100263038","서**별**송** **동**4**2**지**","11380","10300","1","530","12","아*모*빌*트*","101동","3층302호","2012",2,31,448.61,16509
"1126010300103270089","202008","11620-26534","11680-100209896","서**별**마** **동**1**2**지**","11740","10200","1","475","22","엘*스*","플로체","3층301호","2002",0,12,309.27,26751
"1174010800104280014","202104","11305-18069","11440-100212994","서**별**관** **동**9**1**번**","11710","10500","1","725","356","하*블*힐*","","302","2003",1,23,253.44,33516
"1150010300103920034","202003","11215-8840","11380-105280","서**별**중** ** **1**7**","11470","10200","1","481","18","클*우*5*","더채움하우스","401","2002",14,24,395.73,12609
"1132010500104940005","202003","11680-21338","11320-47280","서**별**송** **동**5**4**","11305","10100","1","498","9","","나동","403","1994",0,30,510.6,20487
"1138010300104450098","202008","11470-100197918","11500-100280784","서**별**마** **동**2**1**지**","11710","10200","1","31","16","","","301","2016",0,10,356.45,31248
"1144012300104590015","202012","11620-100238629","11530-54851","서**별**관** **동**0**-**번**","11740","10300","1","73","20","S*하*츠","","1층101호","2020",0,24,317.63,27436
"1126010100101350024","202004","11215-100231647","11290-100238519","서**별**강** **동**3**2**지**","11620","10200","1","513","29","","가동","1층202호","2003",1,2,306.4,16161
"1138010900102370299","202003","11230-8659","11620-87391","서**별**서**구**제**3**-**번**","11740","10800","1","494","0","","","301","2002",0,158,518.58,25472
"1111016800101920002","202004","11305-100212281","11260-100206281","서**별**서**구**은**2**-**번**","11650","10500","1","330","16","우*빌","A동","202","2005",0,9,457.23,23285
"1171010700100060007","202008","11215-100231207","11710-92268","서**별**서** **동**6**3**","11380","10300","1","385","0","","","103호","2013",6,66,530.74,8943
"1156013300110720039","202102","11440-21359","11350-100194800","서**별**종** **동**7**5**","11380","10600","1","1193","14","","","501","2019",0,7,584.85,17818
"1162010200101100063","202004","11500-100241652","11410-45039","서**별**영**구**림**1**-**지**","11380","10200","1","88","73","","104동","302","2018",2,18,380.12,20316
"1159010200102790169","202101","11470-100218909","11440-100260788","서**별**관** **동**4**4**","11440","10100","1","5","20","이*팰*스","화인빌라","402","2012",1,5,488.45,9201
"1121510500106660006","202105","11350-100199131","11470-69315","서**별**중** ** **-**지**","11680","12300","1","420","12","명*타*","팰리스타운B동","201호","1985",4,8,299.4,13666
"1171010500102120001","202105","11350-4303","11440-100183460","서**별**마** **동**0**2**","11500","10300","1","154","2","방*빌*","","402","2015",2,57,410.75,18902
"1132010500101370048","202105","11590-100208216","11380-70213","서**별**마** **동**6**1**","11590","10300","1","164","89","","","401","1985",1,0,337.07,17506
"1171011100101320002","202011","11680-100260890","11260-100238183","서**별**동** **동**9**4**지**","11620","18100","1","221","168","","","A401","1994",0,18,337.34,14436
"1144012600102570000","202012","11710-100237750","11500-165625","서**별**중**신** **3**6**","11170","10600","1","32","98","영*빌*5*","","1층1호","2001",4,4,605.93,22682
"1144010900100100075","202006","11305-28525","11410-85712","서**별**성** **동** **5**","11590","12000","1","164","9","","제이시빌","401","2018",26,29,214.71,19554
"1171010700100410012","202008","11260-21745","11230-100250939","서**별**종** **동**6**3**지**","11530","10200","1","214","14","뜨*네","","701호","2002",8,39,309.08,24966
"1126010100105500001","202002","11305-13543","11500-171944","서**별**종** **동**2**3**지**","11380","10100","1","1052","15","도*동*세*주*","","402","2002",4,23,739.31,29697
"1121510100101500228","202005","11710-100485860","11410-89051","서**별**강** **동**0**3**번**","11110","11800","1","21","2","","푸르메하우스A동","302호","1991",1,15,676.11,26337
"1120011500103010084","202005","11440-32199","11590-91212","서**별**중** **동**3**7**지**","11305","10500","1","331","55","라*빌","101동","201","2017",0,7,306.96,28194
"1150010800106540002","202002","11110-14631","11200-76598","서**별**서**구**가** **3**번**","11500","10400","1","31","16","방*동*세*주*","","202","1993",7,37,197.4,19760
"1171010600100150006","202007","11230-24681","11170-50677","서**별**광** **동**2**2**지**","11740","11800","1","881","319","래*앙*차","","102","2006",12,11,420.8,14178
"1138010200100290064","202012","11500-100315852","11530-100262176","서**별**광** **동**5**5**번**","11350","10400","1","587","34","","","502","2002",4,4,307.55,23380
"1153010600100490017","202010","11740-100244724","11350-109337","서**별**관** **동**1**7**지**","11440","10100","1","60","9","신*빌*","","301","2017",3,71,723.31,10997
"1111010500100210001","202104","11500-100251992","11710-100241267","서**별**송** **동**1**4**지**","11680","10200","1","597","75","블*힐","","103호","1986",2,26,331.78,13237
"1144010700104100002","202003","11320-100202380","11710-100480376","서**별**관** **동**0**7**지**","11230","12400","1","46","8","","","401","2018",1,22,269.21,20183
"1138010100103200010","202001","11545-100231031","11680-100225331","서**별**노** **동**4**5**","11215","10700","1","124","28","","","201호","2013",0,15,287.17,15782
"1171010400100100006","202101","11545-6156","11500-100282273","서**별**구** **동**-**지**","11740","10100","1","596","16","","","302","2020",1,47,316.06,22585
"1132010500104220133","202009","11215-14467","11710-146410","서**별**강** **동**6**4**지**","11380","10500","1","103","9","벨*지*","","303","1991",2,5,299.24,11348
"1171011100101720017","202009","11710-100464122","11380-97829","서**별**은** **동**9**7**","11380","10200","1","449","30","로*팰*스","","208","2001",0,30,336.35,10852
"1162010200115760004","202012","11680-18931","11740-100248984","서**별**양** **동**0**-**번**","11740","10200","1","449","5","하*담*휴","","102","2002",0,5,364.15,25483
"1150010200105260030","202010","11710-100552382","11710-140413","서**별**성** **동**3**4**번**","11740","10600","1","290","1","","홍성팰리스","103호","2018",0,11,402.53,28751
"1147010100112120009","202003","11320-4822","11545-68758","서**별**동** **방**3**-**1**","11650","12400","1","287","15","","스톤빌리지(101동)","502","2000",1,14,297.29,18791
"1156011800101410075","202009","11470-100224065","11560-100202419","서**별**송** **동**5**6**","11380","10600","1","29","4","","A동","402","2004",1,25,398.39,22494
"1147010300100760012","202009","11380-28699","11290-100251977","서**별**강** **동**8**1**지**","11380","10400","1","55","17","","","501","2013",1,4,360.6,18666
"1132010700106280010","202008","11740-100204391","11710-101817","서**별**동** **동**1**2**번**","11500","10100","1","233","21","","아데라움","402","2016",2,38,718.8,25066
"1168010600109160042","202101","11215-100227847","11230-100239395","서**별**강** **동**0**1**지**","11380","10500","1","79","6","일*하*스","","402","2014",6,17,219.18,15968
"1130510100102580601","202008","11440-100261063","11740-100218330","서**별**은** **동**5**3**","11305","10200","1","233","9","현*유*빌","","302호","1994",0,51,304.4,29452
"1162010300110540024","202105","11650-100192191","11260-100249305","서**별**강** ** **9**번**","11500","10300","1","528","68","","세인트캐슬A동","401","1983",1,27,360.61,85866
"1126010300102080016","202012","11740-100264722","11320-100196068","서**별**동**구**안**3**-**번**","11530","10300","1","182","17","","","501","2002",3,7,249.61,18571
"1174010900102890043","202104","11470-100225763","11500-77652","서**별**강** **동**9**1**지**","11230","10500","1","689","0","","101동","302호","2016",10,15,604.43,17380
"1135010200104110003","202008","11740-100251227","11740-100210076","서**별**영**구**평**가**1**1**","11530","10200","1","56","476","","","301","2002",6,27,308.16,24575
"1129011400100010000","202008","11380-19008","11545-100204453","서**별**강** **동**0**4**","11530","10100","1","445","27","서*하*츠","","204","2014",4,79,414.37,33056
"1171010700101710012","202008","11110-100217225","11650-53843","서**별**강** **동**5**8**","11440","12300","1","164","159","고*빌","","304","1989",2,33,360.03,18281
"1130510300103940050","202102","11305-18236","11500-100302935","서**별**구** ** **0**1**","11650","11000","1","804","0","","","201b","1990",0,14,719.33,25116
"1147010200107710008","202105","11305-28771","11740-100223481","서**별**중** **동**2**3**지**","11410","10700","1","564","36","","","402","1998",0,33,363.01,17937
"1138010700107440011","202011","11680-100222929","11215-100211947","서**별**강** **동**0**3**지**","11440","10200","1","242","4","대*타*","","303호","2004",2,8,776.97,23130
"1171010700101750022","202103","11710-15434","11380-110855","서**별**양** ** **9**번**","11170","10400","1","554","21","","","304","2018",8,11,596.91,15188
"1130510100102580266","202104","11470-100208145","11320-50615","서**별**은** **동**0**2**지**","11380","11100","1","193","53","","","2층202호","2015",1,13,293.58,9813
"1126010400102470097","202005","11470-17769","11680-100209561","서**별**금** **동**6**2**지**","11710","10600","1","716","80","드*펠*스","","301호","2001",0,13,769.98,30051
"1162010200101070017","202102","11710-14783","11680-100260456","서**별**마** **동**4**3**","11710","10800","1","1664","1339","그*씨*방*","나동","202호","2017",3,22,224.4,17081
"1150010300109700021","202009","11440-100209207","11680-145305","서**별**구** ** **4**번**","11590","11200","1","804","11","","","1층101호","2013",2,31,296.72,39945
"1154510200108890023","202002","11530-100232404","11380-100277608","서**별**구** **동**7**4**","11215","10900","1","5","2","중*포*스*","","401호","2003",0,45,424.7,10876
"1144011100102550007","202011","11410-10088","11215-100224440","서**별**금** **동**3**1**지**","11710","10900","1","508","32","","","502호","2015",7,12,316.51,30701
"1156010300100940126","202103","11380-100227904","11350-100191261","서**별**용** **동**-**5**","11320","10700","1","643","49","","다청림","501","2002",1,39,1088.74,16398
"1150010600106990034","202011","11710-100447819","11440-100184230","서**별**송** **동**6**4**","11590","10300","1","916","56","상*첼*2","102동","301호","2009",1,27,369.22,15443
"1150010200105210037","202010","11110-1980","11545-51842","서**별**구** **동**6**8**","11545","10100","1","10","419","S*파*리*","나동","302호","1997",0,13,538.22,27408
"1171010400101120007","202101","11740-8108","11560-100235215","서**별**서**구**가** **3**6**","11500","10500","1","188","3","다*대*택","","203호","2001",1,12,282.83,18262
"1154510200110520004","202008","11740-100224489","11710-101144","서**별**은** **동**8**5**","11560","10900","1","71","176","","","201","2013",4,5,548.4,9153
"1150010300109950019","202010","11710-20739","11215-100227541","서**별**강** **동**6**5**","11290","10300","1","485","29","","","703","1991",1,60,288.58,15475
"1165010700100760007","202103","11500-13471","11620-80714","서**별**강** **동**9**2**지**","11215","10200","1","4","16","현*빌*","","201호","1998",0,27,874.23,23355
"1126010300103130012","202102","11380-100198804","11500-100211150","서**별**송** **동**5**1**지**","11500","10200","1","1159","44","플*스*","","402호","1996",0,36,202.95,28709
"1144012500100810130","202003","11680-4374","11740-116698","서**별**강** **동**2**4**지**","11620","10900","1","8","1","","","201","2016",10,23,302.35,13021
"1130510300104860139","202101","11305-100184962","11260-100215110","서**별**양** **동**3**2**지**","11620","11400","1","392","19","월*빌","","2층202호","2003",0,141,416.83,13897
"1162010200114150003","202001","11680-8996","11440-100218816","서**별**강** **동**1**6**","11590","13300","1","5","6","올*브*이*C*","금강파크빌","402","2002",0,18,744.08,8451
"1111018600101360001","202104","11590-100226205","11680-178041","서**별**구** **동**6**4**지**","11380","10300","1","261","24","","","2호","2011",10,17,333.23,12184
"1154510200109930032","202101","11740-15950","11260-32602","서**별**중** ** **7**4**지**","11590","10400","1","455","120","임*빌*트","","3층304호","2016",0,44,236.23,26874
"1130510100100030634","202102","11410-100223362","11305-100202297","서**별**동**구**기**1**-**8**","11530","10300","1","117","19","","한나래빌","501","2015",8,98,442.36,12811
"1154510200103780256","202001","11290-21789","11620-100222311","서**별**관** **동**0**2**지**","11200","10100","1","286","4","힐*쉐*하*스","","303","2017",0,20,354.02,21433
"1126010300103090030","202002","11380-100254537","11380-100258028","서**별**서**구**은**3**-**번**","11710","10500","1","343","29","","","204","2016",9,25,325.04,9548
"1147010300104560002","202008","11545-100196816","11215-100233542","서**별**송** **동**1**1**지**","11260","10200","1","305","111","뜨*빌*빌*","우진해오름","502","2016",4,66,589.63,15571
"1130510100107914143","202003","11710-100241146","11500-116136","서**별**도** **동**5**1**지**","11620","10300","1","476","200","","A동","305호","2002",2,2,308.96,18021
"1129012000101760004","202008","11290-100193370","11440-90086","서**별**마** **동**1**1**","11380","10700","1","310","30","","","203","2009",0,18,318.12,25821
"1159010300104840000","202010","11320-100219735","11500-100249195","서**별**강** **동**7**3**","11410","10600","1","487","34","은*빌","가","302","2019",0,37,335.07,23662
"1159010100102050042","202012","11500-6634","11470-93271","서**별**송** **동**5**8**","11560","10400","1","1411","28","","","202","2019",16,131,260.39,14447
"1174010700104790013","202007","11170-19961","11560-115730","서**별**은** **동**0**번**","11215","10500","1","441","29","헤*티*","주건축물제1동","503","2008",0,38,389,21159
"1174010600104490000","202105","11650-100184150","11500-100305621","서**별**용** **동**9**3**지**","11710","10400","1","1376","104","금*리*빌","인터넷맨션","301","2016",1,54,395.17,20498
"1154510200110060185","202104","11170-100203445","11290-119473","서**별**금** **동**0**-**번**","11380","11300","1","953","28","","","301호","2021",2,31,693.48,24858
"1126010200101280023","202001","11530-100248913","11740-79466","서**별**강** **동**3**1**","11560","10100","1","466","2","","2","2층2호","1991",0,45,314.85,18799
"1126010200101040066","202010","11500-4532","11560-100233662","서**별**강** **동**9**3**","11440","10700","1","78","19","은*쉐*빌","B동","503","2017",5,107,598.76,15473
"1156011600102340002","202012","11260-100192508","11530-137585","서**별**강** **동**6**3**지**","11710","10500","1","66","14","","","402","1991",2,18,457.57,18556
"1141011900100030084","202006","11260-100231997","11500-166345","서**별**성** **동**2**4**지**","11140","10900","1","188","1","","","201","2003",0,7,599.17,19620
"1130510300104860269","202008","11200-11235","11710-78860","서**별**중**신** **7**0**","11305","10300","1","201","13","한*코*연*","","203호","2012",0,7,870.97,23930
"1165010200103830000","202006","11710-100237297","11650-100264087","서**별**강** **동**8**4**지**","11545","10800","1","140","1","자*하*스","","501","2015",0,5,1298.9,19185
"1171010800101380015","202103","11320-4756","11305-77985","서**별**동** **동**0**4**지**","11410","11800","1","1035","60","어*휴","2동","301","1994",0,16,460.99,13368
"1171011100100550017","202012","11380-100280234","11710-100538665","서**별**성** **동** **4**","11710","10200","1","166","3","","","103호","1990",4,30,753.07,11132
"1120011100112650022","202012","11530-7484","11545-58325","서**별**양** **동**9**2**지**","11650","13300","1","421","66","","","201호","2021",0,57,450.01,21752
"1162010100116880036","202001","11545-8751","11590-100244841","서**별**용** **원**1**-**번**","11290","10200","1","785","3","거*리*시","","502호","2019",2,4,760.49,17004
"1174010900100340004","202008","11410-1463","11545-100245785","서**별**광** **동**0**4**지**","11410","18400","1","559","9","드*빌","","201","2001",3,249,269.02,21469
"1154510300110040000","202011","11260-13205","11170-83349","서**별**구** **동**5**1**지**","11380","10300","1","534","18","민*통*빌","","3층301호","2006",3,20,655.92,14842
"1156013300108620010","202103","11410-10432","11500-146566","서**별**동** **동**9**9**지**","11380","10300","1","74","39","","","3층301호","2009",5,37,462.78,23757
"1150010300101050198","202008","11560-29194","11710-58892","서**별**구** ** **2**6**","11290","10200","1","121","42","팰*스*운","","211","1992",4,43,310.3,20542
"1156013200101580020","202012","11620-9629","11260-68935","서**별**은** **동**6**5**","11710","10700","1","851","34","","","303","1986",1,2,582.66,30127
"1150010600107030004","202004","11590-11006","11590-108779","서**별**동** **동**1**4**지**","11470","10200","1","805","11","","","303","2016",15,114,383.29,20708
"1130510100102580601","202005","11230-28483","11590-100234858","서**별**송** **동**-**지**","11710","12300","1","166","213","가*아*리*","","401","2002",0,18,343.85,9980
"1138010400104010012","202006","11230-15991","11380-64193","서**별**동** **동**0**2**","11710","10500","1","548","0","수* *웰*스*이*","","101호","2014",7,4,365.08,13749
"1168010500101000015","202007","11740-100288282","11305-77634","서**별**송** **동**6**번**","11470","10500","1","1006","34","킹*에*뉴*","","301","2009",5,7,438.07,22390
"1159010900106900006","202003","11305-28837","11380-47161","서**별**종** **3**1**7**","11740","10700","1","546","3","","","202","2021",3,12,685.94,12443
"1132010700106630006","202007","11470-8889","11500-100279669","서**별**중**신** **5**번**","11110","10200","1","156","47","삼*빌*","다우스카이빌","501","2002",3,13,677.36,20211
"1147010200107190001","202009","11260-100203794","11710-100538024","서**별**중** **동**9**1**","11530","13800","1","337","8","예*빌","","404호","2017",5,21,499.93,42155
"1153010900102800005","202103","11590-22544","11470-88998","서**별**강** **동**3**2**지**","11650","10100","1","103","75","행*아*빌","A동","301","2020",3,57,715.06,17710
"1150010300100240110","202104","11380-36689","11380-68403","서**별**강** **동**9**4**","11620","10300","1","279","2","","101동","501","1998",4,57,398.81,18481
"1138010400102430031","202105","11680-19095","11740-60854","서**별**강** **동**5**5**","11545","10100","1","421","6","뉴*인*","","403호","2012",2,20,431.61,13493
"1171011400102020021","202001","11680-13703","11545-100228126","서**별**관** **동**7**-**지**","11380","17100","1","12","39","","","302","1993",5,88,621.74,12849
"1154510200109800006","202010","11215-27364","11380-115592","서**별**관** **동**1**3**번**","11620","10200","1","29","37","","","2층202호","2002",0,16,289.44,18100
"1162010100108960005","202007","11590-24336","11230-100226685","서**별**강** **동**1**1**지**","11680","10800","1","256","3","","","101","1989",0,10,645.01,40195
"1138010500103090047","202004","11620-23647","11545-70858","서**별**성** **동**9**1**지**","11290","10500","1","346","3","해*빌*","102동","302","1985",2,5,200.49,18791
"1171010700101680008","202003","11530-100242381","11620-125023","서**별**서** **동**9**2**지**","11290","10300","1","123","176","","","501","2004",2,36,675.97,19646
"1138010700101220034","202005","11215-100231247","11545-42233","서**별**강** **동**1**3**지**","11170","13600","1","143","20","조*휴*슬","가동","2층203호","1996",6,8,264.99,25236
"1174010800104090005","202007","11545-100214337","11530-100212660","서**별**광** **동**1**1**지**","11260","12400","1","976","0","","","201","1991",0,65,729.64,12042
"1132010700105820074","202002","11380-100230485","11440-100185757","서**별**강** **동**7**1**","11710","10700","1","5","52","남*아*빌","천일타운B동","401","2014",1,12,1095.24,20023
"1171010500100540020","202001","11710-23268","11710-100473443","서**별**강** ** **2**번**","11530","10300","1","70","41","성*뜨*채","","101","2020",2,136,592.69,19503
"1114016200101650039","202009","11710-100464122","11200-91148","서**별**마** **동**7**1**지**","11590","10200","1","43","39","","","201","1990",1,23,524.57,11509
"1174010900101670002","202103","11110-16760","11320-100196451","서**별**노** **동**2**","11545","10200","1","389","22","","1","501","2012",1,30,484.62,12113
"1121510100101470206","202011","11560-3175","11380-115807","서**별**강** **동**9**1**지**","11620","10200","1","51","31","","","301호","2011",0,12,519.45,18419
"1159010300104020001","202103","11620-34451","11260-100230050","서**별**서** **동**4**1**번**","11380","12500","1","1","223","드*빌","","401호","2002",0,22,350.04,19636
"1114016200103040199","202103","11710-17403","11740-95769","서**별**성** **동** **-**번**","11380","10300","1","360","7","도*빌*","","304호","2004",0,10,798.87,23483
"1174010700104930029","202101","11440-100245111","11380-54681","서**별**강** **동**9**1**8**","11680","12000","1","925","166","대*동*세*주*","8동","201","1994",2,11,755.06,18382
"1168010300111700001","202011","11440-100197691","11260-100217422","서**별**서** **동**7**번**","11260","10900","1","314","14","제*스*빌","","202호","2004",7,87,310.59,12675
"1117010200100050948","202003","11545-10016","11650-92402","서**별**송** **동**3**2**","11500","10100","1","956","120","금*아*빌","","201","1995",0,1,519.05,28575
"1141012000103240029","202002","11740-100229469","11140-67860","서**별**동** **동**9**2**지**","11590","10400","1","626","7","","씨동","303","2007",2,58,528.26,19504
"1153010200107400016","202105","11500-100206450","11380-100209470","서**별**양** ** **4**","11320","10700","1","387","6","","","201호","2012",1,33,260.97,14417
"1144012500100810080","202105","11380-11709","11680-180690","서**별**종** **동**7**번**","11140","10300","1","272","7","라*빌*","","제314호","2016",0,5,282.67,25574
"1129011100102170000","202012","11320-8328","11440-103203","서**별**성** **동** **2**번**","11380","13300","1","963","29","다*대*택","문성빌라","402","1995",40,21,333.86,20425
"1120011500102990174","202103","11740-4394","11500-84367","서**별**양** ** **4**0**","11410","10200","1","865","301","","A동","402","1993",0,46,462.29,18279
"1135010300102380020","202004","11710-14715","11470-125374","서**별**강** **동**1**-**지**","11620","11800","1","81","4","아*나*리*2*","","102","2002",2,10,469.06,18593
"1126010300101580049","202002","11320-100205383","11620-100224462","서**별**강** **동**-**1**","11740","10100","1","321","3","삼*하*츠*","","301호","2007",5,13,693.46,31045
"1154510200102340016","202105","11680-13758","11440-100522","서**별**은** **동**2**5**지**","11545","10500","1","610","412","","","501","1996",0,11,856.72,21278
"1147010300109470001","202006","11470-100223542","11590-53655","서**별**중** **동**8**1**지**","11305","10100","1","649","14","","","201","1989",0,6,260.68,20501
"1171010600101050000","202005","11305-14209","11620-100196807","서**별**용** **원**6**번**","11500","10600","1","608","107","","A동","504호","2002",7,19,333.35,15330
"1150010300109060010","202003","11440-100275383","11380-90550","서**별**중** ** **4**","11230","10500","1","57","27",".","","602","2013",4,11,321.89,13241
"1130510200104170059","202102","11305-100182404","11710-65415","서**별**서** **동**8**3**지**","11470","10500","1","253","4","","102동","303","2012",1,7,302.71,10749
"1138010200100980043","202101","11140-21874","11545-100224461","서**별**강** **동**1**1**지**","11500","10100","1","427","2","","","502","2014",30,37,423.52,12162
"1159010200102440239","202103","11680-13826","11620-100204352","서**별**은** **동**6**2**지**","11170","10300","1","270","5","썬*우*","주건축물제1동","201","2001",0,15,509.62,17640
"1174010500101440000","202003","11530-19831","11680-203518","서**별**강** **동**4**9**지**","11650","10800","1","279","14","대*풀*우*","","202호","2014",5,7,284.94,18941
"1129013600100900285","202009","11560-35437","11260-100223936","서**별**성** **동**0**1**번**","11590","10200","1","36","0","","","202","2002",8,263,418.18,25483
"1159010300103230002","202004","11470-100181904","11650-26633","서**별**노** **동**4**6**지**","11500","10800","1","263","1","소*리*상*","","302호","1980",0,61,550.82,19245
"1147010300105340013","202103","11470-13109","11470-100227220","서**별**송** **동**3**1**지**","11500","10100","1","678","0","G* *A*L*R*","A동","201","2007",0,17,237.49,23870
"1132010500101030036","202008","11320-13610","11470-74375","서**별**구** ** **0**1**지**","11215","10100","1","394","11","","","302","2014",0,21,381.11,9390
"1174010700104450031","202010","11320-100203256","11305-100201088","서**별**동** **동**2**1**","11260","10300","1","401","71","","","301호","2013",1,11,831.67,15872
"1174010700104770041","202104","11290-39429","11680-100240729","서**별**동** **1**3**-**지**","11260","10400","1","226","28","성*하*츠*","","303","2017",0,1,397.08,23923
"1162010100115950020","202002","11620-30519","11710-100527377","서**별**동** **동**8**1**지**","11740","10100","1","419","16","","","301호","2003",1,22,430.38,27629
"1121510100100980005","202010","11215-100221598","11290-123001","서**별**금** **동**0**-**번**","11470","10500","1","13","24","","","301호","1995",0,9,324.66,15902
"1171010300102210001","202009","11380-37294","11305-41201","서**별**마** **동**2**1**지**","11380","11100","1","74","10","S*U*I*상*1*","","401","2010",1,35,442.79,35688
"1171010600100980000","202009","11680-100301823","11290-100262217","서**별**양** ** **8**6**지**","11320","10500","1","556","5","","","204","2013",0,31,514.47,19928
"1121510500102250044","202007","11260-100246330","11305-100196723","서**별**송** **동**6**7**","11440","10700","1","1496","0","에*빌*1*차","주건축물제1동","202","1995",6,7,358.58,23462
"1130510300104350042","202006","11380-100244445","11470-100982","서**별**성** **동** **7**0**","11560","10500","1","236","12","강*리*스*운","","302","1990",0,16,283.72,17337
"1154510200109440000","202010","11380-33263","11215-100246445","서**별**강** **동**6**4**지**","11680","10600","1","494","1","중*빌*차","","302","2016",2,6,675.81,27861
"1117010900100010014","202102","11440-24340","11350-152318","서**별**강** **동**0**-**번**","11410","10500","1","149","230","우*하*스","","502","2002",1,17,381.42,22690
"1123010700108710000","202101","11560-100244777","11290-49362","서**별**서** **동**1**1**지**","11215","10100","1","36","378","",".","201","1994",1,24,433.25,15318
"1165010700100500015","202103","11500-100307112","11410-88027","서**별**마** **동**2**2**지**","11260","10200","1","298","19","","부영아트빌","602","2016",5,6,268.47,16106
"1174010900103630014","202003","11470-100222307","11215-73287","서**별**금** **동**9**4**지**","11140","10300","1","105","121","대*아*빌","","501","1996",41,5,615.35,17184
"1156010500101670001","202102","11260-13236","11290-100223407","서**별**금** **동**5**1**지**","11290","10300","1","300","38","","","303","1996",1,13,814.79,22898
"1130510200101480455","202012","11305-100202281","11110-33791","서**별**강** **동**1**8**지**","11470","10300","1","200","46","","","202","1980",3,81,606.88,22535
"1126010400101260052","202105","11170-100202525","11410-100190292","서**별**마** **동**-**번**","11620","10500","1","73","7","","","402","2002",2,53,308.45,29969
"1144012300104190023","202007","11680-100216529","11380-100265509","서**별**동** **동**7**4**번**","11410","10100","1","559","16","성*스*팰*스","비동","702","1993",2,29,220.78,13698
"1150010300100500036","202010","11380-100196173","11710-100517865","서**별**구** **동**5**1**지**","11740","10800","1","419","4","","","1층101호","1988",2,12,304.86,18062
"1159010200102640175","202102","11380-100256578","11740-100185464","서**별**강** **동**0**-**지**","11440","13100","1","39","3","","","104호","1986",5,28,291,15662
"1135010500104070035","202010","11110-24857","11545-71307","서**별**강** **동**9**0**","11500","10600","1","1507","58","한*팰*스","","602","2003",0,4,537.79,15592
"1150010300100560061","202004","11320-4797","11710-100481929","서**별**송** **동**2**7**","11680","10200","1","575","2","","","302","2017",0,28,313.74,17167
"1114016200104320398","202104","11320-100193074","11590-56900","서**별**관** **동**0**2**번**","11590","10300","1","564","6","그* *우*","","202호","2013",0,4,566.19,18209
"1144012200104260011","202009","11740-13651","11260-57959","서**별**구** **동**5**8**","11740","13300","1","136","114","해*루","","2층2호","2008",274,31,279.75,30672
"1138010700100960006","202001","11200-24311","11410-95025","서**별**성** **동**3**3**지**","11380","13200","1","227","43","삼*베*트*","","102","2000",1,1,585.76,28185
"1111010900100790001","202103","11440-100265584","11110-69531","서**별**관** **동**0**9**","11260","10300","1","330","8","","","403","2012",1,33,669.6,13998
"1171010700101750024","202012","11650-100260714","11545-49222","서**별**구** **동**3**번**","11305","10500","1","285","35","골*빌","","301호","2016",1,7,636.9,11033
"1126010100106050002","202009","11380-36985","11350-196839","서**별**강** **동**1**9**","11230","10100","1","4","13","","B동","401호","2012",2,8,490.76,14954
"1126010100101570062","202005","11545-17771","11500-89625","서**별**은** **동**2**4**지**","11260","10700","1","173","134","성*쉐*빌","가동","202호","2019",0,39,448.03,13316
"1150010300103460163","202007","11260-100194354","11710-100473148","서**별**강** **동**9**1**","11590","10200","1","315","0","","","102호","2002",3,90,324.37,24877
"1147010300101570037","202008","11710-11963","11470-84609","서**별**마** **동**1**2**지**","11500","10400","1","342","27","","","401","2010",0,6,243.06,21619
"1126010400102450024","202008","11380-21787","11320-100215026","서**별**서**구**은**3**-**번**","11110","10100","1","83","1","제*제*캐*","","201","2013",12,3,583.39,16894
"1144012600102430000","202001","11500-28394","11440-100198437","서**별**은** **동**4**3**지**","11710","10900","1","40","62","","","301","2016",0,5,720.23,23040
"1162010100108880001","202001","11470-5152","11545-100212424","서**별**서**구**가** **3**지**","11500","10200","1","385","53","마*그*필","","303","2015",1,6,474.38,17531
"1171010600100910005","202006","11320-8431","11380-100274576","서**별**광** **동**8**3**지**","11500","10300","1","123","16","성*스*팰*스","","302","2021",11,10,380.81,18091
"1159010500101980061","202010","11680-100234789","11440-112685","서**별**서** **동**3**2**지**","11440","10300","1","557","30","","","401","2018",0,13,233.88,38062
"1121510500106800075","202005","11380-36820","11530-39824","서**별**은** **동**3**1**","11215","10300","1","347","32","","","308호","2016",9,44,724.61,20499
"1150010300108330018","202006","11410-100194131","11470-100234658","서**별**은** **동**7**번**","11215","10200","1","410","5","명*빌*지","현영빌라3차","102호","1992",2,36,320.94,13279
"1141011800101910219","202012","11530-3617","11320-100199048","서**별**광** **동**8**1**지**","11410","11500","1","311","47","","","301","2003",2,14,299.85,17418
"1150010200103650172","202006","11680-19842","11590-51276","서**별**송** **동**7**8**","11620","12000","1","419","3","선*하*츠","나동","601","2018",5,16,994.21,12323
"1126010100100100002","202005","11320-100211615","11260-100209570","서**별**성** **동** **9**","11380","10500","1","516","0","프*임*슬","","303","2014",0,91,581.62,16165
"1174010800103960015","202104","11650-13670","11620-100265389","서**별**성** **동**7**2**","11440","10900","1","715","12","스*이*","","501","1993",0,14,429.81,23186
"1165010100100120002","202007","11710-7753","11320-100199193","서**별**강** **동**9**2**지**","11590","10400","1","44","8","","","401","1995",4,42,708.18,10358
"1150010300103520022","202007","11710-19323","11710-98656","서**별**강** **동**3**5**지**","11590","10300","1","300","214","진*하*빌","","304","1992",0,8,327.31,23781
"1132010600106880022","202010","11305-100211921","11530-105747","서**별**동** **동**4**1**번**","11215","10200","1","683","16","","","502","2001",2,48,257.2,33703
"1168010800102700025","202101","11380-100265085","11410-95230","서**별**종** **동**2**4**지**","11305","11900","1","494","0","힐*하*스","","301","1997",10,48,446.29,13475
"1171010400100100004","202006","11710-100179507","11590-100240525","서**별**중** **동**0**2**지**","11470","10300","1","774","17","인*넥*빌*차","","201","2003",4,19,299.04,69294
"1130510200104580054","202003","11620-7165","11680-60958","서**별**용** **로** **-**지**","11680","10200","1","198","127","반*빌*","","403","2019",0,28,410.05,31564
"1141011800100090213","202008","11590-16810","11410-70458","서**별**도** **동**3**4**지**","11305","10700","1","583","397","","","1층101호","2004",1,45,609.81,13137
"1153010800100580001","202101","11320-100214764","11305-100222481","서**별**광** **동**0**6**지**","11620","10200","1","673","60","","한백리츠빌","302","2018",0,149,352.12,15254
"1130510300107030024","202001","11320-100194207","11410-90822","서**별**마** **동**2**2**","11710","10200","1","447","95","제*플*스","","401","2003",0,21,837.37,30717
"1114016200104150017","202007","11380-5886","11530-38632","서**별**구** **동**3**6**지**","11500","10100","1","224","1","주*그*빌","","302호","2014",0,4,558.38,14913
"1129011500102990003","202005","11440-100262886","11710-100506050","서**별**양** ** **8**0**지**","11710","10600","1","347","11","성*하*츠","","302","2002",0,5,558.48,22999
"1150010300103690067","202104","11500-100224215","11470-100216679","서**별**강** **동**5**3**지**","11170","10300","1","1502","7","신*리*스*","","302","1989",1,11,357.69,20737
"1126010400102470051","202005","11530-100187204","11530-57934","서**별**용** **동**-**지**","11410","11500","1","37","26","화*빌*","","301호","1991",1,11,911.26,30250
"1156011600100090001","202004","11590-100228425","11620-100218862","서**별**광** **동**4**2**","11380","10300","1","341","40","아*톤*라*에*동*","","302","1996",7,19,379.8,22002
"1121510500107740011","202101","11500-5049","11620-86902","서**별**동**구**안**1**-**번**","11545","10300","1","902","6","","","701","2020",4,24,659.97,16596
"1168010800102220008","202001","11470-12096","11620-107061","서**별**송** **동**2**8**","11710","11900","1","321","50","","","203","2001",1,26,324.27,22187
"1120010800101930100","202008","11590-100181425","11380-55376","서**별**마** **동**1**지**","11500","10300","1","242","25","","","1층 나","2003",0,16,264.47,20240
"1171010800100480004","202105","11470-6515","11470-100184534","서**별**강** **동**7**지**","11500","11700","1","5","0","","6동","402","2017",0,54,355.96,23149
"1130510300104510058","202003","11530-3608","11650-100249633","서**별**동** **동**3**1**","11380","10600","1","29","15","","","1층202","2002",0,18,791.03,23147
"1159010200102790149","202009","11710-6341","11410-90758","서**별**강** **동**4**1**","11650","10100","1","391","99","그*빌","104동","201","2008",0,9,750.78,18156
"1121510100102420028","202001","11590-10831","11620-100261874","서**별**구** ** **4**7**","11410","10100","1","1037","23","","","204호","1992",0,47,649.41,21129
"1123010400101030025","202005","11590-100249050","11410-100212310","서**별**영**구**산**1**-**1**","11260","10300","1","597","17","","C동","301","2016",12,17,256.53,24578
"1150010300108810016","202103","11260-13194","11545-100255894","서**별**관** **동**8**7**지**","11470","11300","1","147","7","","","201호","2012",3,55,283.86,18621
"1132010500102970008","202011","11380-21856","11110-53610","서**별**강** **동**9**1**","11380","10800","1","88","94","","","3층301","2006",0,22,293.27,24698
"1174010900101370013","202006","11650-17406","11305-100220849","서**별**강** **동**7**1**","11260","10300","1","595","38","계*하*빌","","201호","1992",1,34,740.39,6829
"1144012300105190000","202001","11500-12262","11440-89410","서**별**은** **동**0**1**번**","11440","11500","1","10","1","","3동","302","1996",5,6,562.36,22719
"1171010500102230011","202001","11500-11941","11200-65401","서**별**광** **동**9**3**지**","11305","12700","1","26","80","남*쉐*빌*동","","303호","2016",2,6,679.16,23580
"1168010100107500006","202009","11110-19047","11500-167694","서**별**동**구**안**3**-**지**","11470","10800","1","100","10","","","202","1993",1,32,249.87,22908
"1120011100113220001","202105","11530-15220","11710-100241934","서**별**용** **동**4**3**지**","11215","10500","1","286","5","","","401호","2001",1,23,294.31,27319
"1150010300101050099","202004","11410-100194570","11380-100222665","서**별**송** **동**2**2**지**","11500","10200","1","735","260","","","301","2010",0,3,1099.48,18280
"1126010100105770001","202004","11545-16913","11680-100182045","서**별**관** **동**1**4**지**","11530","10800","1","103","9","","정광","301","2011",3,7,225.33,47849
"1126010500104230028","202003","11215-14400","11530-63339","서**별**강** **동**3**4**지**","11740","10400","1","300","3","","","101호","1995",7,18,1008.72,21035
"1121510900103520007","202006","11500-100258467","11560-100197459","서**별**도** **동**2**1**번**","11545","17500","1","105","15","상*빌*1","104","501","1993",6,10,498.75,23621
"1171011200101120008","202004","11440-31999","11710-100455272","서**별**양** **동**1**5**","11410","10600","1","156","23","e*환*세*","","1층104호","2003",0,15,672.23,17698
"1168010100107040020","202007","11440-29593","11305-80303","서**별**금** **동**7**2**번**","11500","11100","1","128","21","마*M*운*1*1","","201","2014",2,8,471.9,15326
"1138010200101760025","202008","11410-100201201","11290-107557","서**별**송** **동**1**지**","11305","10100","1","312","47","효*주*","경남그린하우스","201호","1997",0,52,287.08,28887
"1165010100104650002","202008","11380-32966","11410-100208504","서**별**강** **동**7**8**","11305","10900","1","9","0","해*치*","","202호","2011",0,4,661.51,17667
"1121510900103560018","202002","11530-8830","11170-65274","서**별**강** **동**3**번**","11380","10300","1","500","1981","","2동","502","1993",1,12,251.67,24081
"1159010200103610012","202005","11320-100216194","11560-100225701","서**별**용** **동**4**1**번**","11530","11800","1","366","33","주*해*빌","","203","2002",1,28,246.21,19726
"1171011400103600013","202012","11170-23296","11500-100199587","서**별**광** **동**2**4**","11305","10700","1","1041","141","부*끄*","108동","302","2016",0,9,866.29,23357
"1174010800104570021","202101","11740-100244464","11440-87151","서**별**성** **동**0**1**","11680","10400","1","477","12","","","1층102","1986",0,3,501.36,7157
"1121510100102530028","202011","11230-100214533","11380-57033","서**별**서** **동**3**9**","11440","10300","1","252","75","","가동","2층1호","2009",19,27,568.01,22671
"1126010200101270042","202103","11410-21887","11530-105781","서**별**강** **동**3**3**지**","11380","10500","1","176","10","연*주*","","501호","2008",2,9,600.9,20373
"1141011900103390010","202012","11350-100217668","11590-68702","서**별**중** **동**2**4**지**","11440","10100","1","442","46","","","501","1988",0,20,559.11,11998
"1130510300100010032","202012","11440-22610","11215-100227733","서**별**종** **동**1**번**","11710","10200","1","45","39","","","202","2002",3,5,499.41,18791
"1147010300105430010","202008","11740-100204026","11410-88423","서**별**영**구**림**7**-**번**","11545","10500","1","2","8","","","602","1986",1,123,303.97,20428
"1153010700102880013","202008","11530-3396","11440-86472","서**별**동**구**기**1**8**8**","11680","10100","1","148","1","써*트*","","401","2003",0,21,312.14,30330
"1168011800104560012","202009","11320-100195644","11710-100497041","서**별**광** **동**9**3**","11620","10200","1","4427","468","","","304호","1996",0,23,780.84,17025
"1168010500100360016","202103","11305-29526","11470-85723","서**별**서** **동**2**3**","11440","10700","1","767","15","","영펠리스","3층302호","2003",1,25,582.47,10746
"1130510100107911487","202101","11680-4297","11470-69617","서**별**강** **동**9**1**지**","11230","10200","1","434","134","대*빌*6*","","201","2018",0,55,258.51,14115
"1138011000101840012","202012","11530-14734","11470-73599","서**별**강** **동**5**2**지**","11500","11100","1","108","133","","102동","405","2011",0,17,589.67,18202
"1171011100101460000","202012","11710-20023","11710-100229597","서**별**강** **동**6**8**지**","11170","10100","1","2","1","","","101호","2014",12,29,239.75,31079
"1159010200102100246","202006","11560-100229396","11560-114773","서**별**영**구**길**1**-**지**","11380","13200","1","508","3","","","103","2014",3,0,396.1,27139
"1121510100102430031","202003","11290-44074","11410-74067","서**별**구** **동**5**2**","11470","10300","1","696","142","백*빌*","","2층201호","2001",1,39,544.27,24898
"1153011200100050004","202009","11560-100206158","11710-100480045","서**별**중** **동**1**-**지**","11560","10200","1","118","1","노*리*","","301","2005",0,7,785.56,12639
"1126010200103110000","202004","11590-16810","11440-122482","서**별**중** **동**5**5**지**","11320","10300","1","168","7","밀*니*","","이층201호","2002",1,26,779.46,24288
"1165010700101070104","202009","11530-20865","11590-58123","서**별**마** **동**2**7**지**","11500","13300","1","710","24","","","302","2017",20,33,170.38,17331
"1147010300109430004","202105","11740-21922","11740-100241779","서**별**구** **동**3**2**지**","11680","10200","1","177","4","","B동","502호","2001",4,65,465.39,23555
"1168010100107740045","202009","11680-17488","11350-95446","서**별**양** **동**1**3**","11320","10300","1","1","25","","","603","2020",2,3,329.95,16531
"1154510300109060022","202010","11470-9874","11200-39338","서**별**금** **동**0**1**","11740","10700","1","366","24","세*에*그*","","401","2011",0,48,276.53,26492
"1138010300104800233","202005","11710-100227753","11620-100248604","서**별**성** **동**0**1**번**","11215","10100","1","1087","211","","","501호","2002",21,10,772.29,23040
"1144012500102570003","202005","11680-100212208","11680-60854","서**별**서**구**가** **0**번**","11305","10700","1","417","9","","","202","1991",0,73,885.25,23982
"1138010300100130023","202101","11530-24192","11320-100183577","서**별**영**구**길**9**1**번**","11650","13900","1","715","16","양*동*3*0*5","제A동","402","1994",0,37,299.47,18704
"1153010900101690005","202010","11380-29441","11320-100189717","서**별**영**구**산**가**8**4**지**","11380","10500","1","170","31","","나단지2동","1층2호","2012",0,13,551.46,14264
"1154510300109110020","202104","11710-20074","11650-53874","서**별**도** **동**7**지**","11230","10200","1","270","67","","","301호","1990",1,0,294.71,9354
"1120010900100010169","202001","11440-100253984","11260-52976","서**별**강** **동**3**1**","11545","10200","1","178","30","","","201호","2011",2,35,428.99,14325
"1117013100107320003","202009","11530-10670","11170-40737","서**별**강** **동**0**-**번**","11500","10300","1","33","2","","","A202","2018",1,102,311.18,24021
"1138010500100270024","202011","11620-21467","11290-77223","서**별**용** **동**2**1**","11650","10200","1","193","1","","","101호","2010",16,47,675.73,23402
"1123010300102740016","202001","11320-100198443","11620-93199","서**별**중** **동**5**2**지**","11530","10800","1","494","5","","","302","2002",0,7,399.8,22336
"1141011600104180000","202002","11710-17609","11710-137953","서**별**영**구**길**1**-**번**","11410","10800","1","164","34","조*아*빌","","204","1988",10,5,657.23,21747
"1150010300103410050","202005","11620-11690","11680-100293104","서**별**강** **동**7**1**지**","11305","10600","1","45","195","","공항빌리지","301","2002",0,34,572.55,23334
"1138010700107500009","202105","11200-100202713","11500-100300777","서**별**구** **동**0**5**지**","11290","12500","1","592","56","","노브1","502호","2012",0,28,509.61,17585
"1147010200105230044","202005","11500-15552","11440-100223018","서**별**동**구**두**3**1**번**","11380","10100","1","742","111","","2동","603","2002",8,44,530.1,17111
"1132010600106280017","202005","11200-7453","11530-134960","서**별**관** **동**4**2**지**","11680","10300","1","113","27","","","302호","1991",1,20,716.87,7834
"1123010900102860165","202006","11290-100219332","11350-69416","서**별**송** **동**-**지**","11710","10900","1","420","3","목*빌* *동","B동","삼층301호","2001",1,22,300.63,20528
"1150010300100510044","202004","11500-100286136","11710-65091","서**별**구** **동**9**1**","11530","10600","1","927","68","","","202호","2018",0,24,528.42,11827
"1171010800100650010","202006","11260-13404","11530-51787","서**별**강** **동**3**4**지**","11380","10100","1","502","16","","","402","2017",2,117,283.59,16964
"1174010800105250006","202102","11320-13438","11305-38367","서**별**도** **동**3**4**지**","11305","10900","1","248","2","","","502호","2001",0,13,462.99,12686
"1130510300102520097","202007","11320-4174","11440-99912","서**별**동** **동**9**7**지**","11500","10900","1","325","56","청*파*빌","","303","2000",0,27,224.35,12156
"1135010300103660012","202012","11680-10388","11470-100197540","서**별**중** **동**2**5**지**","11380","10500","1","552","8","맥*푸*빌","","501","2003",0,43,439.21,27883
"1126010300103300022","202006","11305-28201","11680-102147","서**별**중** **동**0**1**번**","11170","10500","1","120","2","","","301","2008",4,37,316.2,25300
"1156013000100200000","202103","11620-100225517","11620-56824","서**별**강** **동**3**3**","11620","10200","1","238","32","성*빌*지","","515","2013",1,13,283.13,20080
"1153010700102710011","202101","11260-100229186","11545-100235200","서**별**관** **동**1**지**","11680","10300","1","569","0","봉*빌*","C동","502호","2003",0,18,330,15887
"1153011000100450032","202002","11590-23633","11590-56754","서**별**금** **동**8**8**","11470","10500","1","1082","12","대*아*빌","","301","2015",0,35,445.9,25025
"1111017000100160004","202104","11305-100209201","11380-100232323","서**별**서** **동**5**2**지**","11710","10200","1","187","19","이*셀","","401","2003",18,28,245.6,19809
"1126010300102930008","202004","11500-100295692","11305-80758","서**별**중** **동**6**번**","11110","10300","1","71","5","녹*빌*","","201","2014",0,9,572.09,17423
"1159010200103660012","202104","11215-15861","11620-77107","서**별**금** **동**3**1**지**","11650","10900","1","346","140","","","301호","2016",5,5,272.55,19211
"1162010200102200021","202012","11500-22109","11320-100210696","서**별**양** **동**1**1**지**","11215","10600","1","206","12","","","205","2001",2,20,295.45,15652
"1126010200102760005","202103","11305-28849","11305-41591","서**별**광** **동**9**1**지**","11500","10700","1","1","8","빌*앤","","301","1994",2,79,472.08,17179
"1147010200102310148","202009","11260-100224016","11710-138496","서**별**서**구**신**1**번**","11380","10500","1","929","28","","B동","4층402호","2001",0,23,383.81,16618
"1174010700104450013","202009","11260-100216514","11680-120746","서**별**광** **동**3**2**지**","11560","10900","1","206","11","명*현*시*(*,*동*","","403","1986",0,41,323.74,41957
"1150010300100240330","202012","11320-13579","11170-100218986","서**별**광** **동**1**1**지**","11350","12400","1","270","4","한*아*빌","","202호","2012",2,0,280.83,11516
"1121510100101620026","202004","11500-100277612","11380-60789","서**별**양** **동**2**1**지**","11590","11300","1","421","82","","","201호","2002",8,34,814.22,20572
"1141011900102820001","202004","11260-100249310","11290-100181349","서**별**서** **동**5**1**지**","11740","10800","1","533","2","청*크*빌*","","302","1990",0,64,266.65,10961
"1129013300101640062","202104","11530-3707","11320-100221977","서**별**도** ** **2**8**","11650","10900","1","463","70","","","나동3층301호","2016",1,2,581.9,21815
"1171010700100750002","202101","11560-29684","11620-71913","서**별**송** **동**6**번**","11380","10100","1","54","4","한*뉴*타","","1층1","2012",1,55,933.63,17218
"1171010300102690005","202006","11560-100260228","11410-88666","서**별**강** **동**3**3**","11470","10300","1","172","7","스*이* *0*동","","502호","1998",9,7,622.08,17049
"1174010800103850028","202006","11215-100257930","11305-100222804","서**별**강** **동**4**8**","11380","11900","1","276","6","에*스*","","503","2003",2,17,845.2,19961
"1162010200105240008","202103","11410-100205716","11560-122392","서**별**은** **동**7**4**","11290","12000","1","5","32","해*채","","401호","2015",13,140,522.16,18664
"1154510300100030100","202104","11680-100210395","11650-91923","서**별**은** **동**0**1**지**","11440","10100","1","1166","3","","대원아트빌","201","2013",1,14,645.16,23541
"1120010600101900063","202003","11320-100202601","11590-51620","서**별**동** **동**1**1**지**","11560","10300","1","541","1","","A동","302","2020",2,18,342.17,23334
"1132010600106590037","202103","11260-100212566","11680-100249854","서**별**송** **동**0**번**","11500","10900","1","343","13","","","501","1993",0,5,694.38,25670
"1159010200103040011","202003","11305-30764","11380-61374","서**별**강** **동**9**1**지**","11500","10700","1","319","98","","나동","202","2018",0,85,284.88,35352
"1126010100101560036","202105","11215-100229627","11560-115537","서**별**강** **동**0**5**지**","11380","11400","1","97","11","","","502","2003",0,66,293.35,22192
"1168011400106380006","202011","11230-28378","11260-100220278","서**별**강** **동**5**3**지**","11410","11100","1","24","16","","","301","2013",0,12,463.31,15495
"1153010200105510123","202002","11500-7181","11710-100539805","서**별**동** **동**1**지**","11320","10300","1","190","7","","","301호","2013",2,13,679.95,18573
"1130510300105360000","202009","11620-100274388","11230-100225255","서**별**중** **동**3**9**","11590","12900","1","439","50","","","이층302호","2013",0,2,573.64,15422
"1129013300102660516","202008","11290-5542","11620-84216","서**별**마** **동**8**6**","11305","10800","1","986","28","임*폴*리*","","202","1996",5,17,454.21,17906
"1138010200100750022","202008","11470-100197896","11500-148308","서**별**은** **동**0**3**지**","11590","10100","1","385","117","대*아*빌","정진빌라","1605","2013",17,3,292.42,26802
"1141011700104370019","202011","11410-25731","11320-76245","서**별**은** **동**5**5**","11350","10600","1","107","16","","","402","2004",0,35,534.99,26435
"1132010800106030028","202104","11650-13946","11500-100263397","서**별**은** **동**-**지**","11215","10300","1","362","19","","","301","1997",1,16,759.76,29408
"1168010800100520002","202005","11620-100242993","11560-100263350","서**별**광** ** **0**5**","11320","10100","1","34","37","지*하*스","","301","1997",17,5,218.45,27042
"1138010700101190010","202002","11215-20798","11380-83766","서**별**마** **동**9**9**","11215","10200","1","169","51","위* *엠","","601호","2003",0,10,517.55,12110
"1130510300103580003","202101","11530-19676","11740-100248651","서**별**강** **동**5**3**번**","11170","10100","1","56","9","","","302","1996",6,4,546.65,25053
"1150010100102670007","202011","11440-100233974","11500-100233304","서**별**송** **동**8**3**","11740","10300","1","772","12","그*스*이*","","202호","2013",0,9,648.82,144245
"1129013500100810042","202006","11710-100451918","11740-77181","서**별**강** **동**4**1**지**","11410","17400","1","153","41","","","1층101호","2015",4,54,293.94,20704
"1141012000103260019","202008","11545-100254942","11620-123083","서**별**광** ** **9**","11290","10600","1","93","311","승*휠*운","104동","제302호","2002",11,19,262.9,18934
"1144012500100360003","202003","11305-100219194","11260-100232607","서**별**강** **동**7**9**","11260","11200","1","19","48","풍*캐*","","101호","2016",0,6,340.13,25766
"1159010200100330008","202101","11590-21459","11500-100283678","서**별**동** **진**2**-**번**","11470","10400","1","524","2","","","1층2","2012",0,11,571.19,16255
"1147010200103240094","202105","11320-13596","11590-55196","서**별**구** ** **4**번**","11710","12000","1","491","28","","","503호","2002",26,5,283.01,21654
"1121510500102210016","202105","11590-100205933","11710-81579","서**별**관** **동**8**8**지**","11110","10600","1","245","36","가*쉐*빌","","504","2013",0,5,256.1,19477
"1174010500104100008","202012","11320-4810","11680-99593","서**별**서** **동**9**9**","11650","10400","1","462","26","","","203호","2008",1,24,1303.13,14912
"1159010400100490026","202006","11110-24902","11140-70465","서**별**강** ** **8**4**지**","11680","10900","1","227","0","","","203","2013",0,21,788.43,16281
"1168010300112560003","202103","11230-35337","11710-84837","서**별**서**구**가** **1**9**","11545","10300","1","150","804","","","302","2011",1,44,617.2,30283
"1144012300104310015","202101","11590-100211676","11440-105049","서**별**강** **동**4**1**지**","11740","10900","1","135","0","차*스*이*","제기파크빌1","206호","2018",4,11,309.63,7035
"1138010700106010024","202001","11710-4030","11680-92566","서**별**도** **동**0**지**","11350","10900","1","19","3","","","4층401호","2008",0,89,299.84,13944
"1121510300102070009","202004","11740-6174","11560-100242363","서**별**영**구**길**3**-**번**","11530","10300","1","227","13","리*힐","","401","2001",2,1,918.32,14805
"1129010200101060026","202004","11170-6354","11380-100214390","서**별**은** **동**7**5**","11215","10300","1","543","12","","","202","2018",21,17,390.51,10342
"1130510300102220034","202101","11680-14807","11260-75389","서**별**성** **동** **2**번**","11620","11400","1","670","14","디*스*라* *동","굿모닝빌1동","401호","2020",4,13,219.94,13812
"1129013600102310000","202009","11710-100493564","11320-100181536","서**별**강** **동**1**-**지**","11680","10100","1","301","389","휴*슬","","603","2016",0,14,386.57,25698
"1126010500101370001","202010","11380-28671","11740-100244434","서**별**강** **동**3**6**","11380","11700","1","603","0","성*주*","","301호","2002",3,3,568.7,18766
"1135010500101690480","202005","11350-100202591","11305-43765","서**별**송** **동**2**5**","11230","10500","1","434","34","","늘봄맨션","1층2호","2020",0,80,340.71,26333
"1171010800100210003","202005","11530-23339","11740-100218868","서**별**은** **동**8**8**","11170","10600","1","534","304","","","403호","1986",0,16,557.52,14247
"1111010900101140002","202103","11590-100206156","11215-100240451","서**별**강** **동**5**1**지**","11110","10200","1","21","105","중*빌*트","","402","2017",3,20,403.23,20175
"1153010700103260008","202005","11620-27992","11560-122376","서**별**강** **동**5**2**","11440","10500","1","233","10","태*맨*","","301","2008",0,7,545.05,20195
"1130510100104500046","202005","11680-15890","11440-100184525","서**별**서**구**가** **7**번**","11410","18300","1","741","31","유*빌*지* *차","굿모닝빌","501","2002",8,19,570.4,16759
"1156010300100280109","202011","11530-5404","11620-100220099","서**별**금** **동**9**2**","11440","10600","1","169","0","탑*리*","","201","2008",1,16,746.23,10033
"1147010300104470009","202003","11260-100236778","11440-99918","서**별**강** **동**7**3**지**","11530","10200","1","293","5","","","303","2001",12,6,300.81,18125
"1174010900103970419","202105","11440-29637","11470-74501","서**별**동** **동**0**2**번**","11440","12000","1","137","18","미*빌*","","601","2017",4,99,589.07,9032
"1168010800100390007","202009","11440-100237934","11530-77601","서**별**도** **동**6**1**","11230","10200","1","130","33","영*하*징","","이층나호","2005",2,11,422.41,11516
"1162010100101000572","202003","11380-100223916","11260-35585","서**별**도** ** **6**7**","11215","10400","1","791","25","","","304","2002",2,7,202.01,27102
"1174010700104900030","202010","11650-10276","11710-100467313","서**별**강** **동**0**1**지**","11530","10200","1","561","57","선*시*빌","시온그랜드빌B","302","2000",0,0,255.27,5513
"1121510100100620046","202004","11410-100193416","11545-69386","서**별**중** **동**1**3**지**","11680","10900","1","942","179","","","501호","1991",2,7,483.66,22250
"1111016900100050045","202005","11470-100208801","11410-100192400","서**별**중** **동**9**1**","11500","10200","1","320","1","몽*빌*4","","501호","2001",0,27,396.12,33970
"1126010300102900024","202011","11410-17096","11410-84726","서**별**마** **동**4**3**","11530","10700","1","8","0","하*빌*차","","401","2000",0,6,314.4,22690
"1144012200103560004","202005","11290-11850","11290-100236216","서**별**관** **동**4**1**번**","11380","10300","1","351","30","카*리*빌","","101","2008",2,50,208.56,15582
"1165010100108570025","202103","11350-100208192","11380-48718","서**별**송** **동**5**1**지**","11590","10300","1","612","7","태*주*","","1층1호","2016",13,10,564.64,29198
"1141011600100900046","202005","11380-100299634","11530-100231503","서**별**구** **동**4**6**지**","11710","13900","1","172","28","","","502","2013",2,29,574.96,11331
"1138010600100500015","202102","11590-13262","11260-37759","서**별**강** **동**9**4**지**","11440","10800","1","42","1","","","402호","2017",0,29,286.75,17540
"1138010300104340002","202012","11620-100190389","11710-64194","서**별**도** **동**6**4**","11500","11800","1","22","13","더* *","신호빌5차","101","2015",2,7,329.42,23917
"1132010700104480051","202010","11290-100242510","11470-100215137","서**별**성** **동**2**3**지**","11740","10100","1","944","35","다*빌*지","","502","1993",0,46,301.35,30650
"1126010400102400076","202101","11500-100224201","11380-108030","서**별**동**구**두**3**6**번**","11710","12000","1","296","48","","","402호","2002",33,18,208.49,27125
"1150010300111000005","202002","11530-100243996","11740-100246400","서**별**강** **동**6**6**지**","11590","16200","1","337","316","진*아*란*","","302","2014",0,10,294.88,23034
"1150010300101050087","202007","11110-19447","11650-100281442","서**별**강** **동**1**-**번**","11740","10300","1","610","37","","B동","401","2013",3,56,1071.4,17260
"1132010500105330046","202003","11680-100222061","11200-33626","서**별**서**구**아** **6**번**","11680","10800","1","484","557","프*임*","","402","2015",0,16,285.45,29705
"1126010600103930001","202103","11530-7085","11170-55793","서**별**송** **동**1**2**","11215","10200","1","1480","16","웰*치*크","","301호","2002",2,0,284.87,25388
"1159010800100440093","202005","11530-19067","11590-100186272","서**별**송** **동**3**1**지**","11215","10700","1","435","6","비*아*빌","","302","1993",15,34,400.08,10224
"1144012400102540020","202010","11380-100221180","11530-100229922","서**별**강** **동**5**4**번**","11470","10100","1","122","5","","104동","3층5호","2002",20,12,756.99,18766
"1144012500100270000","202006","11680-10932","11500-100252990","서**별**동**구**안**4**-**지**","11410","10500","1","674","13","한*S*래*","","403","1986",16,15,767.7,29283
"1168010500100320005","202006","11500-100209450","11410-100226180","서**별**송** **동**1**4**","11440","13900","1","149","19","목*빌*","7동","202","2012",2,28,773.47,22037
"1150010300104700021","202104","11500-100257712","11320-31722","서**별**송** **동**6**5**","11380","10100","1","42","9","","B동","401","2013",0,23,351.65,25383
"1144011500102620004","202011","11530-8630","11710-82584","서**별**은** **동**0**7**","11230","10700","1","273","20","황*빌*","","403","1998",6,33,667.02,20527
"1117011900100050095","202102","11740-14007","11500-100220843","서**별**마** **동**6**3**","11440","10500","1","423","17","에*엠*크*","B동","901","2011",0,60,246.88,28353
"1154510200110720051","202001","11500-23975","11110-77769","서**별**송** **동**5**1**","11650","10600","1","244","44","","","201","1990",0,7,441.31,13713
"1132010600103140023","202009","11470-9604","11410-100239307","서**별**광** **동**8**1**지**","11230","10300","1","159","1","","","102호","2016",1,162,316.2,30535
"1159010800100200025","202005","11740-100201116","11305-42649","서**별**관** **동**1**1**번**","11500","10300","1","1116","14","조*빌","나동","502호","1994",14,8,585.97,17501
"1159010700103050008","202104","11530-7196","11680-169014","서**별**구** **동**5**8**지**","11650","17400","1","734","93","","","401","1994",15,30,255.27,18928
"1121510300102150001","202003","11380-19048","11590-96925","서**별**동**구**안**4**-**번**","11215","10300","1","169","6","가*빌","나동","203","1989",0,54,649.85,14912
"1130510100102580662","202011","11290-10042","11320-100192560","서**별**동** **방**3**-**지**","11500","10300","1","109","43","투*베*트*","101동","105","1997",3,47,651.73,18967
"1130510100103200020","202104","11260-100246330","11545-100260713","서**별**서** **동**5**1**지**","11470","10200","1","221","44","","","301","2002",7,20,306.01,18003
"1153010700103300019","202009","11215-8769","11710-109977","서**별**마** **산**1**8**","11215","10100","1","456","135","","","302","1991",1,7,324.36,28775
"1168010100106950031","202005","11215-100182602","11215-100243188","서**별**용** **동**8**6**지**","11650","10500","1","14","0","대*빌*","","201","2001",42,18,255.9,25469
"1147010200101310117","202003","11680-100272294","11260-100212967","서**별**구** **동**1**2**","11680","10100","1","327","183","","","104","2018",3,7,480.2,16102
"1141011900102770019","202105","11710-13935","11620-98577","서**별**강** ** **4**번**","11380","10100","1","18","9","","","101","1981",0,11,291.41,23818
"1126010600104550004","202104","11710-17149","11710-100479100","서**별**강** **동**3**번**","11680","10500","1","3","10","","","502","1996",7,9,519.48,18182
"1159010800103840002","202010","11680-100217709","11200-62925","서**별**양** **동**2**-**지**","11710","10300","1","706","14","","","1층101호","1987",1,79,313.52,19194
"1171011300100140005","202102","11590-100219702","11620-76482","서**별**관** **동**4**4**지**","11170","11400","1","467","9","수*렉*빌","","301호","1998",0,8,606.64,13508
"1153010900102130021","202001","11620-11342","11500-92643","서**별**양** **동**8**6**","11305","10200","1","134","30","한*빌*","","1층201호","1992",0,13,730.93,22997
"1159010900103640200","202009","11590-100181463","11470-116885","서**별**성** **동**0**1**번**","11680","10200","1","360","4","","","3층302호","2002",3,35,280.83,25283
"1171011100101150018","202004","11500-11986","11230-100232558","서**별**송** **동**0**1**","11740","10400","1","232","2","해*하*스*가*","","301","2005",4,15,390.43,10689
"1138010600100830023","202006","11170-11539","11110-51142","서**별**송** **동**8**번**","11305","10300","1","204","61","","","201","2005",12,28,447.24,14151
"1162010300110650022","202005","11560-100224698","11440-100181645","서**별**중** ** **6**2**","11260","10900","1","326","58","이*엠","그린힐","403호","2002",0,59,613.03,45453
"1171010400101360021","202102","11650-7080","11215-28627","서**별**노** **동**8**1**지**","11740","10600","1","445","36","유*빌*지","","1층102","2002",4,9,778.92,21070
"1154510300108270058","202105","11380-100307154","11680-122825","서**별**중** **동**1**2**지**","11500","11800","1","25","2","하*쉐*빌","","401","1993",2,23,399.72,14896
"1130510300105190006","202102","11710-12687","11530-88496","서**별**양** **동**8**6**","11350","18300","1","720","31","","","201","2017",0,4,1153.32,12921
"1147010300109230005","202006","11380-100248977","11215-70589","서**별**강** **동**2**6**","11200","10500","1","181","39","에* *d*n","","301","2019",3,28,800.88,13570
"1150010300100240604","202105","11680-7261","11140-40397","서**별**동**구**안**3**-**지**","11620","10700","1","157","1990","","","401","2002",4,13,338.67,20483
"1138010700101950025","202002","11680-12857","11380-46031","서**별**강** **동**9**번**","11470","10200","1","285","40","다*하*스","102동","701","1995",0,7,370.83,36635
"1162010100106350467","202008","11410-100194455","11320-45814","서**별**강** **동**0**1**지**","11500","12200","1","258","283","화*빌*지","","302호","2004",1,8,417.43,11275
"1168010100106900010","202010","11260-100227990","11380-64453","서**별**강** **동**8**2**지**","11290","10700","1","122","9","진*위*빌","가동","302","2017",0,15,248.39,19314
"1159010200102790518","202101","11305-17828","11590-64022","서**별**도** **동**8**3**지**","11740","10700","1","36","229","월*파*뷰","","301호","2013",0,5,852.23,22669
"1123010600102980005","202009","11500-19957","11500-100264369","서**별**강** **동**4**1**지**","11215","10600","1","409","163","석*빌*지","하늘아트빌","101","2016",0,285,490.43,23637
"1129011900103190001","202005","11260-100206514","11680-75441","서**별**양** **동**1**-**번**","11500","13800","1","477","457","","","202","2012",6,17,1147.8,15014
"1138010800100520066","202006","11290-44247","11440-100216886","서**별**마** **동**5**1**지**","11305","10700","1","105","82","","가동","101","2013",0,11,314.57,17166
"1126010100100010035","202105","11545-8802","11230-80337","서**별**광** **동**1**3**","11680","10300","1","116","3","","","1층102호","1985",0,2,413.46,17026
"1156010700100400001","202007","11260-17241","11710-100520765","서**별**강** **동**0**-**번**","11710","13500","1","92","12","","103동","502","2014",17,43,588.83,23917
"1111017100100840001","202008","11380-100238446","11710-100492820","서**별**강** **동**8**2**지**","11710","11800","1","159","6","스*이*코*B","타워빌","2층201호","2016",0,21,578.45,13798
"1171010700100160025","202104","11500-10391","11620-100222427","서**별**동** **방**4**-**번**","11290","12100","1","241","5","","나동","202호","2010",3,4,445.79,19730
"1147010100101280044","202002","11530-100225145","11710-148480","서**별**광** **동**5**0**","11215","10800","1","148","45","신*리*","","307호","2003",2,17,287.13,13104
"1174010800105550010","202003","11710-100236437","11380-100190770","서**별**은** **동**4**1**지**","11410","10100","1","19","12","","","102","1987",0,36,869.18,31202
"1168010100106870018","202006","11710-14182","11440-98896","서**별**은** **동**-**9**","11545","17400","1","88","50","","","203호","2003",19,35,491.44,37361
"1153010200107150005","202105","11590-100216805","11305-41579","서**별**은** **동**2**4**지**","11500","11000","1","530","176","","","202","2012",2,60,423.5,31175
"1138010800100730025","202102","11500-100257712","11620-83239","서**별**마** **동**2**2**지**","11470","10200","1","230","18","","송림주택","502","2017",1,0,623.43,16973
"1144012400105610070","202102","11170-6002","11560-130462","서**별**강** **동**2**4**지**","11410","10700","1","840","10","","","203","2018",0,63,528.84,15374
"1150010300109550007","202008","11230-100210443","11110-44599","서**별**강** **동**1**-**지**","11545","10100","1","229","23","파*리*","","105호","2012",0,20,243.56,12845
"1141011900100030093","202009","11260-100196846","11410-41281","서**별**광** **동**7**1**지**","11440","10300","1","662","51","행*쉐*빌","","301","2002",2,18,292.89,12619
"1129011300100670000","202005","11410-1435","11290-63720","서**별**동**구**농**1**-**번**","11620","11800","1","85","23","아*리*","","202","2001",0,29,377.48,20531
"1129012700102320001","202011","11290-100264213","11320-102115","서**별**강** **동**4**3**","11710","10900","1","45","35","","102동","201호","2014",5,77,438.13,24754
"1162010200116630026","202103","11320-16637","11410-89339","서**별**강** **동**1**1**지**","11215","10200","1","235","7","","","502","2014",20,13,346.95,10462
"1126010400102380025","202006","11350-100198011","11620-122914","서**별**동** **동**7**5**번**","11440","13300","1","394","22","","","401","2016",1,9,486.74,8769
"1162010200105980004","202003","11500-11815","11710-100228217","서**별**강** **산**6**-**번**","11710","11100","1","840","91","진*리*스","","202","2021",14,126,257.28,22169
"1129013700100240034","202011","11380-100229306","11305-100195011","서**별**강** **동**4**1**","11620","10500","1","149","4","3*4*5*세*주*","","202","2002",0,7,847.4,12476
"1174010900102190001","202012","11380-100301314","11290-100222197","서**별**광** **동**4**4**지**","11305","10400","1","1","0","신*빌*","1동","501","2018",5,211,518.15,30566
"1165010100104370009","202103","11440-100210532","11500-100249633","서**별**강** **동**4**2**","11380","10100","1","180","17","","","204","1976",7,7,378.11,18505
"1168010600109050014","202003","11350-9249","11290-121838","서**별**도** **동**4**번**","11590","10300","1","98","79","","","1층102호","1994",1,4,598.79,26737
"1159010600101020023","202102","11470-100220585","11380-100192755","서**별**마** **동**7**7**","11305","10700","1","367","64","호*빌*지","101동","302","2017",1,84,270.18,17693
"1147010300101350010","202002","11410-2165","11530-100214683","서**별**강** **동**5**8**지**","11620","10700","1","223","4","더*우*(*H* *O*S*)","","202","2004",0,45,261.85,15475
"1130510100104500015","202009","11710-8220","11410-45143","서**별**관** **동**4**1**번**","11380","10600","1","13","4","삼*빌*","","703","1992",0,7,755.43,27578
"1165010100108570001","202008","11380-100304494","11530-100217240","서**별**강** **동**9**2**","11470","11700","1","355","19","논*빌","","302","2002",4,26,434.46,21649
"1150010900101320010","202009","11710-8833","11710-100522748","서**별**종** **동**3**2**지**","11590","10400","1","256","6","소*노*레*","나동","2층201호","2019",5,4,348.63,40103
"1150010300111200002","202002","11350-15342","11620-100207103","서**별**영**구**길**2**0**","11380","10800","1","136","14","행*빌","","102호","2016",18,7,849.56,17475
"1126010500105130029","202003","11710-100239648","11110-72867","서**별**송** **동**1**","11290","10200","1","27","28","링*2*3","","201","2013",0,61,397.14,24287
"1138010800100260015","202009","11500-100273652","11380-100273000","서**별**서**구**천**5**-**지**","11380","10300","1","218","27","반*v*l*a*e","101동","206","1993",2,36,874.3,30259
"1165010100108260001","202001","11470-11889","11170-44069","서**별**금** **동**1**1**","11230","10200","1","347","4","R*U*","","302","2020",0,42,305.9,23602
"1126010300103300042","202103","11260-100215661","11410-32083","서**별**강** **동**5**3**지**","11500","10400","1","318","3","경*빌*","","302","1989",0,13,229.65,37777
"1141011800104140021","202006","11290-100251269","11200-55375","서**별**마** **동**8**1**지**","11380","10300","1","122","9","안*재","","501","2012",0,21,508.98,10980
"1153010700103130006","202010","11470-100197126","11650-55182","서**별**송** **동**8**번**","11215","10100","1","28","305","","","203호","2000",4,12,1652.78,8883
"1138010800100220009","202105","11215-10117","11560-100224420","서**별**강** **동**9**4**","11380","12300","1","470","7","라*하*츠*라","","302호","1994",0,17,347.98,14535
"1154510200101940013","202101","11500-100184471","11590-100236206","서**별**구** **동**1**1**지**","11170","10300","1","1518","274","대*파*빌","A동","202","1996",1,53,299.88,13928
"1162010200106100121","202003","11140-21692","11710-149410","서**별**은** **동**3**5**","11740","10100","1","268","4","역*동*자*의*","","302","2018",3,7,560.59,20204
"1130510200101480309","202102","11350-100188993","11320-102388","서**별**관** **동**9**9**","11740","10600","1","526","83","","","402호","2003",11,33,484.87,21370
"1126010400101210084","202008","11590-100208496","11305-73838","서**별**중** **동**7**8**지**","11545","10800","1","297","10","차*빌","","202","1980",0,8,236.23,22985
"1111018600102350014","202008","11710-23874","11620-102201","서**별**송** **동**7**지**","11545","11100","1","1592","115","","","2층202호","1983",7,24,308.12,12706
"1165010100105410152","202006","11500-26766","11590-58859","서**별**강** **동**5**4**지**","11470","10200","1","578","3","베*트*","제3동","505","2016",2,4,241.99,24894
"1154510200109570002","202008","11710-16948","11320-100206968","서**별**용** **원**1**-**번**","11350","10900","1","86","30","정*아*빌","삼보월드빌","501호","2017",0,6,316.55,20866
"1150010300104300010","202009","11200-4293","11380-106510","서**별**광** **동**1**번**","11440","10700","1","178","43","체*빌","101동","302","1987",17,11,336.75,24357
"1141012000100050193","202003","11320-4723","11710-100234747","서**별**광** **동**4**4**지**","11260","12100","1","256","17","아*스*","","501","2015",22,4,504.99,34987
