"PNU코드(PNU)","기준년월(KEYMONTH)","표제부_키코드(PKCODE1)","전유부_키코드(PKCODE2)","주소(ADDRESS)","자치구코드(SREG)","법정동코드(SEUB)","대지구분(DAEJI)","본번(BUNJI1)","부번(BUNJI2)","건물이름(BLDNAME)","건물(동)이름(DONGNAME)","지상지하구분(FLOORTYPE)","층_번호(FLOORNUMBER)","호_이름(HONAME)","건물골조(GUJONAME)","지붕구조(ROOFNAME)","전용면적(JYAREA)","공용면적(GYAREA)","전세시세유무(HAVE_SISE1)","월세시세유무(HAVE_SISE2)"
"1165010200102470006","202103","11740-3077","11500-79891","서**별**서** **동**5**5**","11620","10100","1","0019","0059","이*주*","",20,1,"301","철근콘크리트구조","(철근)콘크리트",60.66,32.09,1,1
"1138011000102210005","202005","11500-22841","11410-66206","서**별**성** **동** **0**","11260","11100","1","0046","0023","","",20,4,"501","철근콘크리트구조","(철근)콘크리트",37.88,8.84,1,1
"1162010100106490052","202006","11380-100271094","11740-100200857","서**별**강** **동**7**8**","11260","11800","1","0460","0014","","",20,1,"203","철근콘크리트구조","(철근)콘크리트",14.04,8.14,1,1
"1154510300109430025","202105","11560-100203019","11440-100210680","서**별**관** **동**3**2**","11350","10900","1","0410","0032","","",20,5,"101","철근콘크리트구조","(철근)콘크리트",17.07,,1,1
"1121510100102420016","202003","11380-100253899","11290-100235343","서**별**노** **동**3**1**","11620","10500","1","0460","0065","미*벨","",20,1,"401","철근콘크리트구조","(철근)콘크리트",27.98,8.13,1,1
"1147010200101310007","202009","11305-13794","11500-100216675","서**별**은** **동**7**","11545","11200","1","0038","0015","일*연*주*","",20,3,"402","철근콘크리트구조","(철근)콘크리트",24.82,5.24,1,1
"1111018600102350014","202006","11440-26933","11710-113617","서**별**강** **동**1**","11590","10500","1","0410","0009","","",20,-1,"104","철근콘크리트구조","(철근)콘크리트",19.09,5.16,1,1
"1162010200106290037","202002","11500-6818","11260-33905","서**별**은** **동**9**6**","11320","10800","1","1177","0020","베*트*","",20,5,"501","철근콘크리트구조","(철근)콘크리트",61.26,6.66,1,1
"1121510100101240013","202012","11380-36694","11440-79016","서**별**서**구**가** **5**4**","11545","10100","1","0421","0052","유*3*","",10,2,"304","철근콘크리트구조","(철근)콘크리트",54.16,4.44,1,0
"1147010200103150035","202104","11440-100274883","11680-109559","서**별**금** **동**0**","11500","10200","1","1710","0035","","",20,5,"501","철근콘크리트구조","(철근)콘크리트",87.36,4.68,1,1
"1129013600100900122","202101","11170-13184","11470-100199250","서**별**금** **동**3**1**","11545","10300","1","1046","0111","","",20,3,"303","철근콘크리트구조","(철근)콘크리트",40.14,12.89,0,0
"1138010800100260034","202104","11440-16450","11320-100197347","서**별**성** **동**9**","11545","11200","1","0277","2703","성*하*츠","",20,4,"101","철근콘크리트구조","(철근)콘크리트",36.11,6.302,1,1
"1171010100103210019","202004","11590-1696","11320-100200862","서**별**도** **동**1**2**","11590","10600","1","0322","0033","","",20,2,"402","철근콘크리트구조","(철근)콘크리트",34.8,6.42,1,1
"1150010300100460112","202009","11380-100246556","11680-100207072","서**별**은** **동**7**1**","11215","10100","1","0092","0004","다*캐*","",20,2,"301","철근콘크리트구조","(철근)콘크리트",27.04,10.28,1,0
"1168010800100800009","202001","11380-100247897","11470-69620","서**별**동**구**안**4**-**","11590","10700","1","0008","0031","대*샤*빌","",20,1,"103","철근콘크리트구조","(철근)콘크리트",84.63,4.29,1,1
"1150010300110870037","202005","11740-100280402","11260-100235553","서**별**서** **동**6**-**","11230","12300","1","0196","0011","","",20,2,"502","철근콘크리트구조","(철근)콘크리트",54.92,,0,1
"1171010400101220004","202003","11350-13967","11500-100314590","서**별**마** **동**7**2**","11380","12500","1","0699","0013","행*삶*","",20,2,"301","철근콘크리트구조","(철근)콘크리트",28.93,23.86,1,0
"1150010300104000079","202105","11440-12135","11620-129314","서**별**은** **동**4**5**","11620","10100","1","0084","0008","","",20,3,"102","철근콘크리트구조","(철근)콘크리트",28.11,16.33,1,1
"1130510100100030010","202102","11200-19645","11680-55653","서**별**강** **동**1**-**","11470","10300","1","0114","0014","","",20,3,"301","철근콘크리트구조","(철근)콘크리트",33.6,19.86,1,0
"1144012300103990012","202101","11620-100209584","11680-204690","서**별**구** **동**0**4**","11620","10800","1","0015","0002","서* *하*스","",20,3,"204","벽돌구조","(철근)콘크리트",21.93,9.61,1,1
"1171010800101050017","202002","11260-100231614","11320-100217544","서**별**마** **동**3**4**","11680","16600","1","0381","0023","","1동",20,2,"403","철근콘크리트구조","(철근)콘크리트",50.35,25.5,1,1
"1111018100102100065","202008","11590-100234667","11260-59799","서**별**영**구**길**2**-**","11380","11000","1","0340","0002","","",20,5,"503","철근콘크리트구조","(철근)콘크리트",13.82,,0,0
"1120010400101050000","202006","11500-5280","11710-155223","서**별**은** **동**9**5**","11590","10300","1","0628","0018","경*천*아*움","",20,3,"102","철근콘크리트구조","(철근)콘크리트",52.77,5.73,1,1
"1121510300100660076","202102","11500-100250002","11470-100227217","서**별**송** **동**7**1**","11470","12500","1","0896","0025","자*하*스","",20,4,"302","철근콘크리트구조","(철근)콘크리트",59.97,5.64,1,1
"1150010300100560418","202010","11305-28927","11260-52327","서**별**서**구**가** **9**4**","11215","10100","1","0609","0007","우*하*스","",20,2,"201","철근콘크리트구조","(철근)콘크리트",24.84,20.929,1,0
"1132010800106230078","202001","11740-17007","11500-176344","서**별**강** **동**1**4**","11440","10900","1","1487","0003","","B동",20,2,"B1","철근콘크리트구조","(철근)콘크리트",51.68,4.6,1,1
"1121510100101690011","202001","11170-21494","11500-174887","서**별**서**구**은**4**-**","11260","10800","1","0494","0034","금* *위*홈","",20,2,"201","벽돌구조","(철근)콘크리트",54.13,8.78,1,1
"1144012300104250019","202011","11620-100207684","11470-131537","서**별**은** **동**8**1**","11500","10500","1","0285","0102","","",20,3,"502","철근콘크리트구조","(철근)콘크리트",46.68,7.88,1,0
"1120010900100650000","202010","11650-100231314","11380-97518","서**별**송** **동**2**1**","11680","10100","1","0432","0003","자*하*스","",20,4,"103","철근콘크리트구조","(철근)콘크리트",84.95,12.129,1,1
"1141011700100860011","202009","11380-100245605","11710-137974","서**별**관** **동**6**2**","11530","10100","1","0024","0023","토*하*스","",20,4,"203","철근콘크리트구조","(철근)콘크리트",29.47,25.33,1,0
"1130510300104770004","202010","11260-25013","11380-100233607","서**별**은** **동**1**2**","11260","10300","1","0185","0038","","",20,4,"402","철근콘크리트구조","(철근)콘크리트",51.12,3.63,1,1
"1165010200102720011","202001","11110-20849","11440-99580","서**별**강** **동**7**6**","11620","10300","1","0495","0072","청*평*하*맨*","",20,3,"201","철근콘크리트구조","(철근)콘크리트",74.65,8.29,1,1
"1147010100109970002","202004","11260-100225088","11470-74467","서**별**송** **동**5**5**","11290","10200","1","0193","0001","와*엔*","",20,3,"402","철근콘크리트구조","(철근)콘크리트",33.12,12.75,0,1
"1171010700101800018","202008","11380-100195873","11530-100252740","서**별**강** **동**1**2**","11320","12300","1","0105","0022","대*예*지","",20,-1,"201","철근콘크리트구조","(철근)콘크리트",45.58,17.31,1,1
"1117011900100050164","202001","11290-100264991","11440-113228","서**별**송** **동**7**","11680","10300","1","0265","0004","신*빌","",20,1,"301","벽돌구조","(철근)콘크리트",41.54,67.95,1,1
"1123010400101240043","202104","11110-25958","11410-100196600","서**별**동** **동**0**1**","11740","12200","1","0439","0009","","나동",20,2,"401","철근콘크리트구조","(철근)콘크리트",19.76,44.63,1,0
"1150010200106480011","202009","11215-14422","11680-123678","서**별**은** **동**1**1**","11560","10400","1","0221","0028","","",20,3,"301","철근콘크리트구조","(철근)콘크리트",14.01,5.94,1,1
"1138010700100810088","202007","11710-100533022","11380-54606","서**별**성** **동**-**9**","11320","10100","1","0366","0030","","",20,4,"302","철근콘크리트구조","(철근)콘크리트",47.17,4.76,0,1
"1162010200100880020","202102","11230-5902","11500-100247760","서**별**송** **동**0**","11230","10800","1","0392","0001","","",20,9,"104","철근콘크리트구조","(철근)콘크리트",54.46,24.05,1,1
"1150010300109210005","202011","11590-26102","11590-100189443","서**별**강** **동**1**2**","11590","10700","1","0395","0011","","102동",20,3,"202","철근콘크리트구조","(철근)콘크리트",47.51,7.31,1,1
"1168010800100750010","202103","11740-1674","11500-154291","서**별**송** **동**2**","11530","11200","1","0244","0006","관*럭*빌","",20,3,"404","철근콘크리트구조","(철근)콘크리트",36.52,9.25,1,0
"1123010600104440001","202003","11320-16789","11380-103752","서**별**중**장**1**5**1**","11410","10200","1","0255","0015","현*팰*스","",20,2,"201","철근콘크리트구조","(철근)콘크리트",22.23,5.04,1,1
"1159010200103350102","202001","11560-29404","11440-99627","서**별**구** **동**3**1**","11410","11400","1","0900","0252","공*주* *이*현*","",20,-1,"101","철근콘크리트구조","(철근)콘크리트",84.78,19.32,1,1
"1154510300109950034","202010","11590-26084","11710-72271","서**별**강** **동**1**1**","11710","10200","1","0866","0001","에*하*스","네오빌",20,1,"301","철근콘크리트구조","(철근)콘크리트",63.54,,0,1
"1114014400101930144","202002","11740-18877","11290-100249656","서**별**양** **동**1**2**","11620","10300","1","0656","0047","서*도*형*활*택","",20,1,"401","철근콘크리트구조","기타지붕",44.28,6.91,1,1
"1147010300104880016","202012","11380-17177","11680-189305","서**별**종** **동**4**1**","11380","10300","1","0486","0017","","",20,-1,"401","철근콘크리트구조","(철근)콘크리트",38.44,13.8,1,1
"1171010500100190001","202006","11500-16556","11530-55834","서**별**강** **동**9**4**","11290","10800","1","0292","0364","","1동",20,3,"203","철근콘크리트구조","(철근)콘크리트",51.44,17.18,1,1
"1141011900103250032","202105","11305-100207101","11590-100185756","서**별**구** **동**0**9**","11290","10100","1","0375","0146","건*빌","",20,-1,"501","철근콘크리트구조","(철근)콘크리트",81.58,8.31,1,1
"1174010800101300011","202105","11290-22727","11260-100219571","서**별**송** **동**1**","11440","10300","1","0001","0003","스*이*림*운","",20,1,"201","철근콘크리트구조","(철근)콘크리트",27.42,25.62,1,0
"1174010800101200058","202003","11290-28232","11440-100220167","서**별**송** **동**2**","11470","10300","1","0030","0026","","",20,3,"203","철근콘크리트구조","(철근)콘크리트",55.8,19.04,1,1
"1138010400104020017","202012","11710-100227601","11710-100469343","서**별**금** **동**-**5**","11290","10600","1","0148","0004","","",10,4,"204","철근콘크리트구조","(철근)콘크리트",50.4,9.79,1,1
"1171010500100550012","202011","11500-100248694","11530-48978","서**별**관** **동**0**3**","11650","10200","1","0214","0198","글*스*","",20,-1,"101","철근콘크리트구조","(철근)콘크리트",56.1,14.63,1,1
"1162010200104090361","202003","11680-100297704","11410-78908","서**별**강** **동**2**-**","11500","10500","1","0020","0025","","",20,4,"401","철근콘크리트구조","기타지붕",16.89,29.41,1,1
"1129010300106440003","202105","11470-4942","11545-48025","서**별**서**구**가** **0**1**","11620","13600","1","0137","0005","","",20,4,"402","철근콘크리트구조","(철근)콘크리트",17.22,,1,1
"1159010700102290014","202008","11290-100213091","11305-100201827","서**별**서**구**가** **0**","11500","10500","1","0118","0002","","",20,6,"201","철근콘크리트구조","(철근)콘크리트",57.24,0.33,1,1
"1168010100106740004","202103","11290-100184526","11440-100198188","서**별**송** **동**3**1**","11530","10800","1","0959","0031","","",20,2,"403","철근콘크리트구조","(철근)콘크리트",35.7,27.5,1,0
"1138010700101180053","202011","11500-100265772","11410-65417","서**별**광** **동**6**7**","11305","10200","1","0749","0019","주*해*빌","",20,5,"203","철근콘크리트구조","(철근)콘크리트",30.5,9.5,1,0
"1153011000100620009","202011","11200-100194072","11320-100203663","서**별**강** **동**1**2**","11410","10200","1","0365","0005","성* *트*","",20,3,"302","철근콘크리트구조","(철근)콘크리트",59.35,19.89,1,1
"1150010300108270034","202102","11710-100237837","11740-100227975","서**별**서** **동**7**1**","11290","10100","1","0282","0001","","",20,5,"203","철근콘크리트구조","(철근)콘크리트",61.77,6.42,1,1
"1141011800102650285","202003","11680-100241989","11710-112892","서**별**강** **동**7**2**","11650","10100","1","0321","0003","","",20,2,"301","벽돌구조","(철근)콘크리트",35.09,7.9,1,1
"1138010900100290043","202102","11500-100210428","11170-85190","서**별**금** **동**7**5**","11290","10200","1","0517","0011","","",20,3,"302","철근콘크리트구조","(철근)콘크리트",25.48,5.72,1,1
"1171010500102450015","202105","11380-100217250","11440-100240670","서**별**동** **동**0**","11290","10800","1","0018","0042","소*파*빌","",20,1,"201","철근콘크리트구조","(철근)콘크리트",64.41,13.7,1,1
"1121510100101260064","202012","11500-2626","11320-32398","서**별**강** **동**5**8**","11470","10200","1","0001","0054","카*리*빌","1동",20,2,"지층비03호","철근콘크리트구조","(철근)콘크리트",21.84,11.16,1,1
"1132010500103150345","202009","11410-26053","11215-28807","서**별**도** **동**8**1**","11380","10200","1","0911","0033","삼*파*빌","B동",20,3,"202","철근콘크리트구조","(철근)콘크리트",41.56,5.28,0,0
"1171010800101120009","202002","11305-13974","11710-112980","서**별**구** **동**1**2**","11680","10800","1","0236","0061","신*파*뷰","",20,4,"602","철근콘크리트구조","(철근)콘크리트",25.84,15.68,1,1
"1117010200100220007","202003","11620-20218","11620-100221341","서**별**양** **동**3**2**","11305","11900","1","0022","0030","","",20,1,"401","철근콘크리트구조","(철근)콘크리트",74.12,9.67,1,0
"1156011700101210289","202004","11260-100263230","11710-100245194","서**별**중** ** **2**5**","11215","10200","1","0004","0009","진*빌","삼성리버빌",20,2,"301","벽돌구조","(철근)콘크리트",19.8,9.375,1,1
"1171010500102310013","202105","11170-100215411","11290-100258278","서**별**영**구**평**가**3**3**","11530","11100","1","0230","0002","","",20,1,"403","철근콘크리트구조","(철근)콘크리트",55.05,20.51,1,1
"1174010800104210037","202006","11260-100256770","11680-100272657","서**별**구** **동**5**2**","11290","10300","1","0593","0006","레*랑*","대명쉐르빌",20,1,"302","철근콘크리트구조","(철근)콘크리트",19.95,5.24,0,0
"1114014400101930479","202003","11380-33027","11620-85473","서**별**중** **동**0**4**","11590","10100","1","0029","0235","","",20,4,"101","철근콘크리트구조","(철근)콘크리트",26.18,9.85,1,1
"1162010200104090268","202007","11380-11708","11710-157711","서**별**강** **동**6**6**","11170","10100","1","0041","0014","에*알*","A동",20,4,"302","철근콘크리트구조","(철근)콘크리트",49.52,,1,1
"1168010600109540002","202006","11710-6567","11170-100218347","서**별**강** **동**3**2**","11710","10500","1","1193","0018","","",20,4,"201","철근콘크리트구조","(철근)콘크리트",41.04,10.65,1,1
"1150010600106700048","202011","11680-16740","11305-83438","서**별**성** **동**2**7**","11260","10800","1","0697","0128","한*쉐*빌","",20,1,"303","철근콘크리트구조","(철근)콘크리트",31.92,4.68,1,1
"1171011200101540007","202104","11380-100201007","11320-75228","서**별**강** **동**1**-**","11545","11800","1","0603","0251","두*빌*","",20,2,"401","철근콘크리트구조","(철근)콘크리트",28.33,13.12,0,1
"1138010700100970037","202104","11500-1647","11470-66045","서**별**강** **동**7**4**","11410","10600","1","0020","0007","유*빌*지","",20,3,"201","철근콘크리트구조","(철근)콘크리트",28.6,85.04,1,1
"1141011800103970020","202103","11740-6054","11545-100231041","서**별**마** **동**6**9**","11260","10900","1","0151","0043","","",10,1,"105","철근콘크리트구조","(철근)콘크리트",25.46,9.61,1,1
"1174010700104860075","202103","11320-16674","11590-100205380","서**별**금** **동**0**-**","11530","10600","1","0167","0002","","",20,4,"103","철근콘크리트구조","(철근)콘크리트",39.59,,0,1
"1138010200100290056","202103","11680-13779","11170-62746","서**별**은** **동**8**9**","11410","10500","1","0376","0007","청*빌*","103동",20,3,"301","철근콘크리트구조","(철근)콘크리트",61.29,24.12,0,1
"1168010100107040001","202101","11305-13854","11440-100222117","서**별**강** **동**2**","11500","10200","1","0054","0536","","",10,6,"102","철근콘크리트구조","(철근)콘크리트",14.79,5.28,1,0
"1141011800100100196","202001","11500-100282970","11500-100249274","서**별**구** **동**5**1**","11530","10100","1","0560","0207","가*그*빌","",20,4,"302","철근콘크리트구조","(철근)콘크리트",22.04,6.198,1,1
"1141011700100770025","202007","11500-26735","11170-82494","서**별**강** **동**5**6**","11470","10100","1","1645","0060","퍼*트*","나동",20,3,"B101","철근콘크리트구조","(철근)콘크리트",14.54,16.25,1,1
"1126010100101850119","202011","11410-9880","11380-79619","서**별**강** **동**9**","11200","10600","1","0327","0448","상*프*","",10,5,"303","철근콘크리트구조","(철근)콘크리트",56.59,5.8,1,0
"1138010400105220024","202008","11380-100206587","11410-78730","서**별**서** **동**5**2**","11710","10400","1","0353","0003","","",20,2,"202","철근콘크리트구조","(철근)콘크리트",39.84,17.26,1,1
"1138010300103140016","202011","11170-12896","11650-100220455","서**별**마** **동**3**3**","11500","10700","1","0299","0016","다*타* *동","나동",20,2,"102","철근콘크리트구조","(철근)콘크리트",24.44,11.3,1,0
"1168010500101240029","202103","11410-10086","11545-100212806","서**별**은** **동**0**2**","11305","10400","1","0167","1238","","101동",20,3,"101","철근콘크리트구조","(철근)콘크리트",25.92,4.68,1,1
"1162010300110830016","202011","11260-100220141","11380-100263460","서**별**마** **동**2**7**","11500","12500","1","0156","0141","","",20,1,"102","벽돌구조","(철근)콘크리트",57.61,7.09,1,1
"1123010600103750006","202103","11380-11563","11620-101059","서**별**강** **동**5**0**","11170","10300","1","0486","0069","현*타*하*스","그레이스빌A동",20,4,"2호","벽돌구조","(철근)콘크리트",47.65,5.07,1,1
"1168010800101580011","202002","11410-25684","11680-55859","서**별**은** **동**3**2**","11305","10600","1","0183","0048","","래디앙",20,3,"402","철근콘크리트구조","(철근)콘크리트",37.68,5.04,1,1
"1174010500101030002","202003","11380-100231986","11320-100194961","서**별**관** **동**8**1**","11500","11000","1","0314","0010","현*뉴*운*","",20,1,"101","철근콘크리트구조","(철근)콘크리트",84.45,8.73,1,0
"1147010200107840001","202006","11620-100267208","11590-100225816","서**별**양** **동**5**2**","11560","11300","1","0599","0037","","",20,1,"101","철근콘크리트구조","(철근)콘크리트",84.88,10.1,1,0
"1121510500100840010","202101","11545-100218532","11710-130446","서**별**광** **동**9**8**","11170","16200","1","0001","0178","롯*연*주*제*0*동","",10,4,"A동204호","벽돌구조","(철근)콘크리트",21.6,6.58,1,1
"1159010800103750079","202105","11410-21540","11710-100520433","서**별**강** **동**2**1**","11215","10100","1","0212","0087","","",20,2,"202","철근콘크리트구조","(철근)콘크리트",74.4,23.435,1,1
"1132010700102790001","202104","11215-8577","11545-69652","서**별**중** **동**4**9**","11650","10300","1","0128","0049","녹*동*캐*","",20,-1,"701","철근콘크리트구조","(철근)콘크리트",25.55,4.78,1,0
"1159010700104400001","202012","11710-100244576","11110-35333","서**별**강** ** **0**3**","11290","10200","1","0171","0029","수*동*튼*우*","102동",20,2,"101","철근콘크리트구조","(철근)콘크리트",49.86,4.8,1,1
"1174010700104210012","202012","11305-28282","11500-100196049","서**별**강** **동**6**9**","11290","10200","1","0629","0009","가*울*련*파*","",20,5,"201","철근콘크리트구조","(철근)콘크리트",29.21,15.65,1,1
"1168011800109210004","202010","11620-30986","11710-100493448","서**별**강** **동**5**2**","11680","10100","1","0010","0013","","",20,2,"302","철근콘크리트구조","(철근)콘크리트",46.46,11.36,1,1
"1156013200104100145","202009","11170-100182666","11260-39731","서**별**금** **동**4**2**","11740","11000","1","0121","0022","아*힐","",20,2,"303","철근콘크리트구조","(철근)콘크리트",47.6,,1,0
"1130510300105160021","202011","11740-17573","11530-140097","서**별**종** **동**5**6**","11680","10100","1","0035","0006","","",20,3,"401","철근콘크리트구조","(철근)콘크리트",45.94,6.24,1,1
"1132010800105970004","202006","11680-11559","11320-79547","서**별**동**구**경**2**-**","11440","10800","1","0227","0003","논*동*공*주*","",20,2,"302","철근콘크리트구조","기타지붕",40.82,,1,0
"1135010300105920012","202001","11170-100209659","11620-87704","서**별**광** **동**5**2**","11320","16200","1","0431","0170","","",20,2,"304","철근콘크리트구조","(철근)콘크리트",45.9,5.29,1,1
"1159010700110120040","202101","11740-100232360","11530-100204071","서**별**광** **동**6**1**","11680","11300","1","0931","0529","킹*","",20,3,"B2","철근콘크리트구조","(철근)콘크리트",39.03,9.2,1,1
"1114016500107870000","202009","11305-13703","11590-100236252","서**별**강** **동**0**3**","11320","10600","1","0096","0014","","",20,4,"201","철근콘크리트구조","(철근)콘크리트",60.6,,0,0
"1150010300103670070","202007","11620-100281728","11710-63702","서**별**광** **동**1**6**","11410","18600","1","0244","0002","동*홈*운","대성빌딩",10,2,"601","철근콘크리트구조","(철근)콘크리트",21.54,7.11,1,1
"1126010100110690001","202006","11590-13806","11215-100188676","서**별**구** **봉**1**-**","11290","10700","1","0122","0020","송*빌*","",20,3,"401","철근콘크리트구조","(철근)콘크리트",64.2,9.02,0,0
"1138010500102160022","202005","11305-100236404","11350-100194681","서**별**강** **산**6**-**","11500","10400","1","0193","0016","","그랜드빌",10,-1,"403","철근콘크리트구조","(철근)콘크리트",61.48,12.92,1,1
"1144010400101950001","202012","11215-8747","11290-100266338","서**별**강** **동**9**7**","11350","10600","1","0716","0005","신*빌*","",20,5,"301","철근콘크리트구조","기타지붕",19.05,7.21,1,1
"1132010600106510029","202104","11470-13788","11560-122425","서**별**마** **동**7**","11380","10300","1","0607","0034","하*징*트*","",20,2,"401","철근콘크리트구조","(철근)콘크리트",28.07,11.12,1,1
"1144011100100620090","202010","11500-100205159","11260-100214332","서**별**강** **동**2**3**","11380","10500","1","0380","0026","지*피*우*","",20,2,"101","철근콘크리트구조","(철근)콘크리트",25.97,5.31,1,1
"1153010300100020191","202101","11620-29616","11260-68428","서**별**송** **동**5**2**","11305","12500","1","0170","0016","","하늘채",20,5,"301","철근콘크리트구조","(철근)콘크리트",33.48,15.69,1,1
"1171010700101530013","202102","11260-100209649","11740-100258105","서**별**강** **동**3**2**","11710","12800","1","0877","0400","선*하*츠*라","",20,2,"302","철근콘크리트구조","(철근)콘크리트",56.5,26.15,1,1
"1168010300112450005","202004","11380-100242232","11380-54171","서**별**서** **동**0**1**","11710","10300","1","0649","2796","대*빌*6*","",20,3,"501","철근콘크리트구조","(철근)콘크리트",29.52,,1,1
"1159010700100590013","202010","11590-28958","11305-60442","서**별**송** **동**6**","11680","10300","1","0091","0002","","",20,8,"101","철근콘크리트구조","(철근)콘크리트",67.4,11.94,1,1
"1147010200102310052","202006","11380-100281695","11305-100182289","서**별**강** **동**0**","11500","12300","1","0190","0041","N*갤*리*빌","101동",20,3,"302","철근콘크리트구조","(철근)콘크리트",45.77,12.8,1,1
"1150010100102710009","202002","11440-100238194","11680-100269817","서**별**송** **동**6**","11620","10100","1","0231","0008","삼*빌*지","대성예가",20,2,"204","철근콘크리트구조","(철근)콘크리트",20,7.62,1,1
"1174010100103370026","202104","11290-40051","11260-61126","서**별**강** **동**1**3**","11260","10200","1","0001","0092","","",10,5,"402","철근콘크리트구조","(철근)콘크리트",29.03,18.43,1,1
"1130510300107130004","202005","11620-10260","11620-116479","서**별**서**구**희**7**-**","11710","10100","1","0296","0006","로*빌","101동",20,2,"501","철근콘크리트구조","(철근)콘크리트",59.63,5.27,1,1
"1171010700100030011","202012","11590-100184140","11590-98354","서**별**구** **동**7**4**","11140","12300","1","0391","0028","","정우하이츠A동",20,3,"302","철근콘크리트구조","(철근)콘크리트",116.98,6.36,1,0
"1150010300109890003","202001","11380-17457","11500-176043","서**별**성** **동** **9**","11260","10300","1","0094","0019","","나동",10,2,"501","벽돌구조","(철근)콘크리트",60.93,8.77,0,1
"1154510300109490002","202010","11440-29723","11470-93671","서**별**마** **동**7**1**","11290","10100","1","0246","0047","청*평*하*맨*","",20,3,"403","철근콘크리트구조","(철근)콘크리트",54.23,2.45,1,1
"1165010800114280002","202105","11380-100257927","11620-100268471","서**별**영**구**림**3**2**","11500","13200","1","0171","0000","","",20,6,"502","벽돌구조","(철근)콘크리트",65,31.07,1,1
"1171010600101680008","202008","11350-100192033","11290-100228164","서**별**마** **동**3**1**","11290","10800","1","0094","0054","","해오름타운",20,4,"102","벽돌구조","(철근)콘크리트",26.24,5.94,1,0
"1132010600104060007","202002","11500-9105","11305-77905","서**별**관** **동**9**3**","11305","10400","1","0003","0037","미*우*","",20,3,"201","철근콘크리트구조","(철근)콘크리트",86.64,7.13,1,1
"1168010100106940004","202010","11380-19034","11230-100235530","서**별**송** **동**0**2**","11650","16200","1","0189","0007","","102동",20,4,"101","철근콘크리트구조","(철근)콘크리트",70.7,,1,0
"1174010900102990027","202104","11140-8636","11380-100227821","서**별**강** **동**5**","11710","17400","1","1363","0040","수*그*빌","2동",20,7,"202","철근콘크리트구조","(철근)콘크리트",65.66,17.22,1,1
"1138010900100170003","202104","11740-15296","11680-132907","서**별**중** **동**4**2**","11500","10900","1","0673","0027","","",20,5,"103","철근콘크리트구조","(철근)콘크리트",36.78,9.33,1,1
"1154510300108510026","202010","11380-29260","11380-98807","서**별**송** **동**6**1**","11410","10600","1","0408","0005","","",20,4,"203","철근콘크리트구조","(철근)콘크리트",93.45,22.74,1,0
"1150010300101110134","202102","11500-12112","11170-46265","서**별**동** **동**1**1**","11470","10800","1","0052","0007","","",20,4,"302","철근콘크리트구조","(철근)콘크리트",48.55,5.83,1,1
"1138010900103000150","202102","11110-2577","11290-55764","서**별**강** **동**0**1**","11410","11100","1","0816","0059","스*트*","",20,5,"202","철근콘크리트구조","(철근)콘크리트",32.37,5.74,1,1
"1159010800103930043","202102","11305-100210401","11710-100480484","서**별**구** **동**3**2**","11110","10300","1","0268","0096","","",10,3,"301","철근콘크리트구조","(철근)콘크리트",52.85,8.87,0,1
"1132010800105640009","202010","11650-100273355","11680-100239630","서**별**구** **동**0**1**","11680","10300","1","0687","0021","","",20,4,"304","철근콘크리트구조","(철근)콘크리트",47.25,9.25,1,1
"1159010800103830012","202008","11215-100226809","11470-100198073","서**별**은** **동**4**7**","11710","10100","1","0876","0031","","",20,5,"602","철근콘크리트구조","(철근)콘크리트",84.44,4.22,1,1
"1159010700102840020","202101","11350-4788","11380-47419","서**별**동** **동**3**1**","11440","11200","1","0156","0075","","",20,2,"502","철근콘크리트구조","(철근)콘크리트",74.74,6.32,1,1
"1171011200100830003","202105","11680-8121","11305-91123","서**별**광** **동**6**4**","11440","11400","1","0093","0006","지*에*프*미*","",20,1,"303","철근콘크리트구조","(철근)콘크리트",44.64,11.27,0,0
"1150010300104230001","202102","11650-10011","11260-100225180","서**별**송** **동**3**2**","11440","11000","1","0056","0581","홍*빌*","",10,4,"402","벽돌구조","(철근)콘크리트",77.34,5,1,1
"1168010600109660012","202101","11530-6163","11680-203913","서**별**서**구**은**1**7**","11200","10200","1","0009","0019","","",20,3,"302","철근콘크리트구조","(철근)콘크리트",82.29,8.35,1,0
"1138010600102120010","202007","11530-100190226","11110-29915","서**별**관** **동**1**1**","11410","10100","1","0239","0011","강*리*스*운","",10,3,"202","철근콘크리트구조","(철근)콘크리트",23.48,20.6,1,1
"1150010700102160037","202010","11350-100193958","11545-44511","서**별**은** **동**0**1**","11320","12200","1","0232","0020","신*골*빌*","",20,2,"402","철근콘크리트구조","(철근)콘크리트",31.8,11.31,0,1
"1174010800102320001","202103","11620-100219420","11740-100226221","서**별**강** **산**7**-**","11620","10700","1","0486","0009","대*빌*","",20,-1,"302","벽돌구조","(철근)콘크리트",41.59,6.535,1,1
"1159010700101750050","202003","11290-39470","11650-100280868","서**별**마** **동**5**1**","11650","10100","1","0021","0021","더*하*스","",20,1,"602","철근콘크리트구조","(철근)콘크리트",56.98,8.5,1,1
"1129011100100550000","202103","11710-23530","11230-100226261","서**별**노** **동**7**","11545","10700","1","0481","0333","","",20,4,"307","벽돌구조","(철근)콘크리트",71.84,5.15,1,1
"1171011300100310002","202003","11380-10882","11260-100202684","서**별**강** **동**2**8**","11380","12500","1","0064","0036","차*스*이*","",20,3,"304","철근콘크리트구조","(철근)콘크리트",29.8,6.69,1,0
"1132010500106680010","202008","11470-19301","11380-100308671","서**별**강** **동**7**","11470","11100","1","0002","0014","중*하*츠*","",20,4,"203","철근콘크리트구조","(철근)콘크리트",60.71,5.11,1,0
"1111017500101780135","202009","11170-18137","11590-79875","서**별**강** **동**5**2**","11710","10700","1","0008","0013","","",20,2,"504","벽돌구조","(철근)콘크리트",73.16,8.9,1,1
"1174010900102140047","202006","11545-100242991","11380-81337","서**별**광** **동**4**6**","11350","10300","1","0110","0012","","",20,5,"102","철근콘크리트구조","(철근)콘크리트",65.46,7.1,1,1
"1132010700104480030","202103","11710-18416","11710-61494","서**별**동** **동**4**4**","11710","11800","1","0228","0053","","TIMHOUSE",20,3,"203","철근콘크리트구조","(철근)콘크리트",83.65,4.52,1,1
"1126010500104360022","202009","11440-100225754","11590-100195074","서**별**송** **동**-**","11290","10300","1","0093","0010","석*스*이*리*","",20,5,"401","철근콘크리트구조","(철근)콘크리트",63.42,,1,1
"1162010200104080024","202007","11380-18812","11410-91223","서**별**마** **동**4**1**","11560","10300","1","0670","0002","석*빌*","",20,2,"401","철근콘크리트구조","(철근)콘크리트",73.82,4.44,1,1
"1141011100101360001","202101","11440-100220636","11305-73045","서**별**영**구**림**1**2**2**","11530","10700","1","0138","0055","","",20,2,"205","철근콘크리트구조","(철근)콘크리트",49.87,6.48,1,1
"1138010800100680027","202012","11620-10580","11545-100208347","서**별**동**구**경**2**-**6**","11470","10300","1","0360","0000","","",20,2,"302","철근콘크리트구조","(철근)콘크리트",29.94,8.98,0,0
"1138010200101400003","202005","11710-100531203","11380-69794","서**별**양** ** **6**0**","11470","10800","1","0255","0005","","",20,3,"602","철근콘크리트구조","(철근)콘크리트",23.22,9.42,1,0
"1171010500100020013","202007","11215-8066","11215-100208183","서**별**강** **동**1**4**","11740","10300","1","0954","0011","행*한*","해피하우스",20,3,"301","철근콘크리트구조","(철근)콘크리트",59.8,9.9,1,1
"1174010600100310003","202009","11680-100251450","11440-112890","서**별**강** **동**0**1**","11440","10700","1","0137","0035","삼*하*츠*","",20,-1,"202","철근콘크리트구조","(철근)콘크리트",63.79,5.08,1,1
"1159010200100540026","202003","11545-10627","11500-109477","서**별**동** **방**3**-**","11170","10500","1","0509","0003","현*연*","",20,3,"101","철근콘크리트구조","(철근)콘크리트",55.44,5.48,1,1
"1126010200101220079","202102","11215-8439","11200-100228547","서**별**양** **동**2**-**","11170","10900","1","0011","0193","","",20,-1,"504","철근콘크리트구조","(철근)콘크리트",23.1,3.98,1,0
"1150010300101020371","202105","11620-100213180","11740-100230366","서**별**은** **동**-**","11350","10300","1","0432","0012","한*빌*","",20,1,"101","벽돌구조","(철근)콘크리트",33.09,50.76,1,1
"1120012200101550003","202102","11170-1963","11380-100265230","서**별**중**신** **4**8**","11200","10200","1","0384","0538","동*훼*리*","",20,-1,"402","철근콘크리트구조","(철근)콘크리트",71.78,3.82,1,1
"1135010500111220009","202102","11470-100223847","11545-100190179","서**별**성** **동**0**1**","11440","10500","1","0952","0156","","가산쉐르빌",20,4,"501","철근콘크리트구조","(철근)콘크리트",57.72,6.98,1,1
"1121510500106120048","202102","11590-100213547","11260-75131","서**별**은** **동**0**7**","11545","10400","1","0498","0093","화*동*인*택","A동",20,4,"301","철근콘크리트구조","(철근)콘크리트",46.13,6.81,0,1
"1156012700100780003","202008","11740-13992","11320-65529","서**별**마** **동**7**3**","11305","10800","1","0073","0004","","드림빌",20,3,"403","철근콘크리트구조","(철근)콘크리트",52.53,,1,1
"1150010300110380017","202007","11305-14279","11230-86062","서**별**도** **동**5**5**","11590","12300","1","0967","0004","","",10,-1,"B101","철근콘크리트구조","(철근)콘크리트",40.95,7.11,0,1
"1126010100106160020","202006","11470-16335","11440-37962","서**별**강** **동**6**2**","11590","10700","1","0148","0001","L*e*s* *차","",20,4,"402","철근콘크리트구조","(철근)콘크리트",39.74,13.36,1,1
"1171010700100750002","202009","11470-100198845","11650-100219525","서**별**양** **동**9**","11380","13300","1","0258","0008","","",20,3,"401","철근콘크리트구조","(철근)콘크리트",36.18,6.35,1,1
"1150010300104590022","202010","11545-100238271","11740-74342","서**별**송** **동**3**4**","11215","11000","1","0265","0027","더*반","",20,3,"201","철근콘크리트구조","(철근)콘크리트",45.92,4.44,1,1
"1132010500104600015","202006","11440-100199627","11140-100192330","서**별**영**구**길**1**4**","11410","11700","1","0005","0033","대*동*다*대*택","",20,2,"301","벽돌구조","(철근)콘크리트",59.15,4.63,0,0
"1138010800102280003","202012","11500-100225252","11290-100186718","서**별**광** **동**7**1**","11560","10500","1","0181","0015","","",20,2,"401","벽돌구조","(철근)콘크리트",44.7,11.33,1,1
"1132010600105650006","202105","11350-100188954","11590-78933","서**별**동** **1**3**-**","11710","13900","1","0180","0033","","102동",20,2,"403","철근콘크리트구조","(철근)콘크리트",59.88,4.68,1,1
"1130510300104680050","202008","11710-23819","11620-97392","서**별**서**구**은**3**","11380","10100","1","0180","0039","","",20,4,"301","철근콘크리트구조","(철근)콘크리트",31.6,7.77,0,1
"1150010100102670001","202012","11710-7653","11215-32213","서**별**은** **동**7**3**","11620","10800","1","0932","0002","","",20,2,"101","벽돌구조","(철근)콘크리트",55.75,8.25,1,1
"1132010600107020005","202010","11500-27088","11710-100505442","서**별**광** **동**4**","11380","10600","1","0509","0000","C*e*-*1","1동",20,5,"302","철근콘크리트구조","(철근)콘크리트",38.65,6.91,1,1
"1138010700106760002","202105","11560-100230054","11500-100328562","서**별**광** **동**7**2**","11620","10800","1","0461","0007","","",20,-1,"601","철근콘크리트구조","(철근)콘크리트",49.09,10.85,1,1
"1130510300102690027","202003","11320-100182408","11440-100273525","서**별**송** **동**4**1**","11305","10200","1","0012","0057","아*나*리*","",20,3,"101","벽돌구조","(철근)콘크리트",36.98,10.08,1,1
"1120011100113440025","202010","11710-3762","11500-91237","서**별**광** **동**0**1**","11380","10200","1","0437","0246","알*인*우*","",20,5,"102","벽돌구조","(철근)콘크리트",84.69,4.15,0,1
"1165010200103180005","202010","11710-100554822","11500-100263044","서**별**동** **방**3**-**2**","11320","10400","1","0410","0357","","",20,1,"103","철근콘크리트구조","(철근)콘크리트",37.73,7.03,1,0
"1123010300101780000","202105","11380-100227474","11710-100528099","서**별**송** **동**7**2**","11680","12300","1","0454","0019","","B동",20,-1,"401","철근콘크리트구조","(철근)콘크리트",55.79,24.09,1,0
"1150010300101640006","202011","11440-21437","11500-100274466","서**별**성** **동**4**4**","11305","10100","1","0310","0024","","",20,2,"304","철근콘크리트구조","(철근)콘크리트",59.23,,1,1
"1138010700105890032","202002","11710-100244647","11710-113994","서**별**송** **동**0**2**","11380","10100","1","0221","0003","천*역*아*채*","",20,2,"402","철근콘크리트구조","(철근)콘크리트",29.68,30.67,1,1
"1168010800100240004","202104","11650-100243219","11740-100198600","서**별**금** **동**7**1**","11590","10100","1","0258","0044","베*트*","",20,1,"202","철근콘크리트구조","(철근)콘크리트",74.73,5.02,1,0
"1165010100107670014","202010","11290-39702","11290-127959","서**별**동** **동**3**3**","11260","10300","1","0001","0581","","",20,2,"202","벽돌구조","(철근)콘크리트",29.94,,1,1
"1150010200106540041","202003","11590-23117","11680-133907","서**별**강** **동**3**9**","11320","10400","1","0265","0062","","",20,5,"301","철근콘크리트구조","(철근)콘크리트",33.44,11.71,1,1
"1120011500102680002","202103","11380-100266908","11320-100219416","서**별**성** **동** **6**","11545","10300","1","0376","0018","더*르*온","",20,4,"201","철근콘크리트구조","(철근)콘크리트",42.23,7.18,1,1
"1150010300103690021","202012","11470-20259","11230-73727","서**별**양** ** **8**3**","11260","10100","1","0019","0009","F*A*C*프*)","A동",20,2,"301","철근콘크리트구조","(철근)콘크리트",63.03,43.73,1,1
"1153010300101340082","202102","11230-100210273","11200-56902","서**별**양** **동**2**1**","11380","12200","1","0112","0118","","",20,1,"501","철근콘크리트구조","(철근)콘크리트",31.46,31.4,0,1
"1150010300111330002","202012","11410-17241","11710-84308","서**별**중** **동**1**7**","11440","10500","1","0234","0013","","",10,5,"201","철근콘크리트구조","(철근)콘크리트",52.57,5.33,0,1
"1117013100107230023","202006","11410-100228897","11650-100228504","서**별**서** **동**7**6**","11470","10800","1","0145","0042","파*뷰","",20,-1,"501","철근콘크리트구조","(철근)콘크리트",19.45,6.42,0,1
"1165010100109320028","202104","11680-2824","11710-100455450","서**별**양** **동**3**2**","11140","10300","1","0150","0028","가*","",20,2,"401","철근콘크리트구조","(철근)콘크리트",34.06,12.45,1,1
"1150010900106450017","202104","11470-19955","11350-44437","서**별**구** **동**5**8**","11710","10600","1","0194","0035","하*채","",20,3,"402","철근콘크리트구조","(철근)콘크리트",59.83,9.7,1,1
"1165010800115580017","202002","11305-100211621","11545-100229178","서**별**강** **동**9**3**","11410","10100","1","0335","0054","보*리*빌","",20,2,"101","철근콘크리트구조","(철근)콘크리트",59.32,12.48,1,1
"1117010400100220000","202002","11290-28217","11710-100527356","서**별**강** **동**3**","11260","10300","1","0012","0099","","2동",20,2,"305","철근콘크리트구조","(철근)콘크리트",42.25,,1,1
"1130510100101250006","202101","11710-23850","11620-100221503","서**별**관** **동**1**0**","11710","10500","1","0028","0006","T*e*H*r*a*","",20,3,"402","철근콘크리트구조","(철근)콘크리트",67.32,7.9,1,0
"1171010500102730009","202102","11290-100232595","11470-66170","서**별**서** **동**6**-**","11215","10100","1","0001","0461","동*엘*트","",20,5,"502","철근콘크리트구조","(철근)콘크리트",84.91,12.14,1,0
"1130510300104720274","202006","11545-12739","11620-100273657","서**별**중** **동**2**6**","11290","10700","1","0228","0005","현*빌*","",20,4,"501","철근콘크리트구조","기타지붕",16.52,8.42,1,1
"1132010500101380110","202003","11380-22209","11740-100244416","서**별**중** **동**7**3**","11545","10700","1","0585","0005","","",20,2,"103","철근콘크리트구조","(철근)콘크리트",15.89,2.55,1,1
"1144011500103370015","202104","11305-29438","11215-27534","서**별**종** **동**6**8**","11590","10300","1","0258","0035","성*세*트*A","",20,2,"201","철근콘크리트구조","(철근)콘크리트",40.33,8.21,1,1
"1150010300103400023","202009","11500-100274042","11500-106771","서**별**양** **동**5**","11500","10700","1","0475","0003","","",20,5,"802","벽돌구조","(철근)콘크리트",27.32,6.6,1,1
"1144012300100570429","202002","11680-8793","11710-100508827","서**별**강** **동**6**3**","11320","10200","1","0441","0007","","2동",20,2,"302","철근콘크리트구조","(철근)콘크리트",45.9,11.82,1,1
"1130510200104660001","202103","11680-9218","11230-100257803","서**별**은** **동**0**1**","11260","10800","1","0006","0014","","",20,4,"301","철근콘크리트구조","(철근)콘크리트",71.82,6.72,0,1
"1159010800104010018","202006","11680-20312","11380-41055","서**별**광** **동**8**2**","11500","10300","1","0566","0078","","",20,1,"401","철근콘크리트구조","기타지붕",78.42,8.73,1,0
"1121510100102200082","202007","11650-10936","11200-41106","서**별**송** **동**4**","11380","10200","1","0137","0056","로*빌","",20,5,"301","철근콘크리트구조","(철근)콘크리트",15.72,8.89,1,1
"1150010200105240013","202102","11215-100200001","11710-57867","서**별**금** **동**7**1**","11290","10300","1","0618","0000","","",20,4,"501","철근콘크리트구조","(철근)콘크리트",74.85,4.84,1,1
"1123010600101300018","202003","11710-100478435","11710-158151","서**별**금** **동**0**1**","11530","10700","1","0130","0028","세*에*그*","",20,4,"401","철근콘크리트구조","(철근)콘크리트",48.21,7.53,0,1
"1126010100101420009","202003","11680-17474","11230-98862","서**별**구** **봉**1**-**","11410","10800","1","0319","0022","","101동",20,2,"703","철근콘크리트구조","(철근)콘크리트",42.94,7.49,1,1
"1129013900103320056","202005","11590-25996","11410-31985","서**별**서**구**신**1**-**","11305","10200","1","0125","0054","뚝*리*빌*차","",20,5,"302","철근콘크리트구조","(철근)콘크리트",45.73,8.79,1,1
"1174010900101670120","202102","11500-100282551","11215-100216003","서**별**강** **동**9**7**","11260","10300","1","0124","0019","","",20,4,"201","벽돌구조","(철근)콘크리트",21.71,25.03,1,1
"1130510100107911739","202103","11470-5135","11530-100218125","서**별**은** **동**3**2**","11200","10500","1","0251","0002","","101동",20,5,"301","철근콘크리트구조","(철근)콘크리트",17.54,5.06,1,1
"1114016200104321941","202002","11650-10257","11500-100336857","서**별**은** **동**2**1**","11215","10100","1","0209","0093","","",20,3,"103","철근콘크리트구조","(철근)콘크리트",43.88,9.73,0,1
"1156013200102050149","202105","11410-100225582","11710-100501918","서**별**강** **동**9**3**","11470","16200","1","0230","0009","","",20,3,"202","철근콘크리트구조","(철근)콘크리트",33.78,,0,1
"1138010800100770008","202012","11170-100223379","11320-100220975","서**별**송** **동**2**5**","11680","10500","1","0037","0031","인*빌*","",20,5,"206","철근콘크리트구조","(철근)콘크리트",73.78,2.7,1,1
"1171011400103090003","202012","11470-100203765","11230-100234039","서**별**동** **동**0**3**","11290","10200","1","0335","0348","태*빌","",20,2,"201","철근콘크리트구조","(철근)콘크리트",41.87,5.41,1,1
"1132010500102730014","202007","11290-100193468","11530-100196914","서**별**성** **동**6**8**","11680","10100","1","0636","0005","더*예*","",20,4,"201","철근콘크리트구조","(철근)콘크리트",26.1,4.11,1,1
"1162010100100410134","202103","11590-100233086","11470-100216826","서**별**강** **동**4**1**","11470","11200","1","0342","0021","이*스*이*","",20,5,"503","철근콘크리트구조","(철근)콘크리트",28.8,7.48,1,1
"1165010100108670015","202002","11215-8484","11290-100227757","서**별**도** ** **2**8**","11545","13000","1","0232","0007","","",20,3,"202","철골콘크리트구조","(철근)콘크리트",50.4,7.58,1,1
"1165010800115490002","202101","11740-100246155","11710-100246237","서**별**중** **동**4**5**","11710","10800","1","0091","0009","","A동",20,4,"201","철근콘크리트구조","(철근)콘크리트",27.64,9.126,1,1
"1121510300105920039","202012","11500-100334369","11740-73093","서**별**노** **동**1**-**","11260","10800","1","0568","0131","폴*리*","",20,-1,"401","철근콘크리트구조","(철근)콘크리트",26.37,16.25,1,1
"1144010400101960001","202008","11545-15845","11290-126423","서**별**동**구**기**6**-**","11230","10500","1","0275","0004","행*오*스*","",20,2,"307","철근콘크리트구조","(철근)콘크리트",64.34,6.535,1,0
"1162010200114610007","202011","11710-100522982","11410-88477","서**별**금** **동**3**1**","11230","10100","1","0392","0316","","",20,4,"201","철근콘크리트구조","(철근)콘크리트",59.07,4.85,1,0
"1121510900101170039","202103","11500-17938","11500-164963","서**별**강** **동**2**3**","11620","10300","1","0210","0093","동*파*빌*","리버빌러티",20,2,"302","철근콘크리트구조","(철근)콘크리트",44.55,7.49,1,1
"1132010600107370000","202101","11620-15705","11710-100535828","서**별**영**구**평**가**5**3**","11500","10500","1","0016","0000","에*케*이*그*빌","",20,4,"303","철근콘크리트구조","(철근)콘크리트",47.52,5.34,1,1
"1162010200106100377","202101","11170-23047","11260-31859","서**별**금** **동**9**3**","11650","14400","1","0280","0011","강*리*빌*리","",20,3,"502","철근콘크리트구조","(철근)콘크리트",43.18,14.12,1,1
"1154510100102380038","202009","11215-100213282","11590-57331","서**별**관** **동**3**2**","11290","10100","1","0013","0027","","",20,2,"303","철근콘크리트구조","(철근)콘크리트",38.58,20.85,1,1
"1171011300100010015","202001","11305-100212444","11440-100205733","서**별**광** **동**3**1**","11710","10600","1","0246","0033","","",20,2,"302","철근콘크리트구조","(철근)콘크리트",59.81,136.387,1,1
"1159010700103030013","202003","11215-20449","11215-100207472","서**별**은** **동**1**3**","11500","10200","1","0257","0025","","",20,1,"104","철근콘크리트구조","(철근)콘크리트",14.49,25.69,1,1
"1147010300100980026","202105","11290-100250587","11290-121882","서**별**송** **동**0**8**","11710","10200","1","0443","0047","한*빌*트","D동",20,7,"302","철근콘크리트구조","(철근)콘크리트",60,5.88,1,1
"1117011100101210039","202006","11320-100198374","11110-100196808","서**별**관** **동**0**2**","11170","10100","1","0689","0007","","MY",20,8,"301","철근콘크리트구조","(철근)콘크리트",57.12,5.3,1,1
"1117010100100430016","202007","11620-22265","11305-38691","서**별**강** **동**6**9**","11260","10400","1","0157","0240","","",20,1,"604","철근콘크리트구조","(철근)콘크리트",80.21,5.46,0,0
"1150010300101050255","202010","11650-13881","11380-100244308","서**별**송** **동**-**","11215","10800","1","0206","0008","","",20,5,"504","철근콘크리트구조","슬레이트",64.63,27.37,0,1
"1150010300109790005","202001","11170-24359","11710-62612","서**별**동**구**농**5**-**","11710","10500","1","0483","0021","빌*하*니","",20,5,"102","철근콘크리트구조","(철근)콘크리트",58.64,7.91,1,1
"1174010900100530007","202101","11440-24330","11305-100196718","서**별**종** **동**0**7**","11740","10100","1","0677","0105","","",20,3,"101","철근콘크리트구조","(철근)콘크리트",54.09,13.29,1,1
"1162010200115740027","202006","11110-1985","11170-70332","서**별**도** ** **5**1**","11215","10800","1","0365","0005","허*빌","비스킷",20,6,"302","철근콘크리트구조","(철근)콘크리트",26.44,12.2,1,1
"1135010500101360047","202105","11380-100277914","11740-74888","서**별**중** **동**1**3**","11350","10100","1","0211","0027","","",20,2,"106","철근콘크리트구조","(철근)콘크리트",52.29,6.49,1,1
"1130510300104860002","202105","11380-17395","11440-97248","서**별**양** **동**4**1**","11110","12300","1","0237","0002","하*코*하*스","",20,4,"301","철근콘크리트구조","(철근)콘크리트",31.05,5.17,1,1
"1117013200102620001","202010","11560-100234626","11380-100263618","서**별**영**구**길**1**-**","11620","10800","1","0098","0074","","A동",20,3,"401","철근콘크리트구조","(철근)콘크리트",19.84,3.31,1,1
"1130510300105350344","202104","11380-100261238","11680-100271189","서**별**관** **동**9**2**","11530","10700","1","1561","0010","","A동",20,4,"201","철근콘크리트구조","(철근)콘크리트",29.74,8.17,1,1
"1121510500102190008","202005","11500-16969","11530-59049","서**별**강** **동**1**6**","11230","10800","1","0038","0002","동*맨*","102동",20,2,"301","철근콘크리트구조","(철근)콘크리트",54.32,4.87,0,1
"1171011300105500016","202102","11530-100230017","11620-71814","서**별**강** **동**1**4**","11710","10400","1","0786","0205","화*빌*","상도동연립주택",20,3,"202","철근콘크리트구조","(철근)콘크리트",174.12,6.03,1,1
"1162010100116460049","202011","11320-4410","11320-100190584","서**별**송** **동**8**1**","11530","10200","1","0063","0000","그*빌*차","",20,2,"203","철근콘크리트구조","(철근)콘크리트",50.84,39.35,1,1
"1171011100102260003","202105","11260-100201854","11620-100240160","서**별**강** **동**2**5**","11680","10800","1","0215","0010","","A동",20,3,"302","철근콘크리트구조","(철근)콘크리트",51.48,5.33,1,1
"1120011100113440041","202006","11620-4294","11380-54167","서**별**강** **동**9**2**3**","11200","10400","1","0338","0003","해*그*드*운","",20,4,"202","철근콘크리트구조","(철근)콘크리트",35.44,7.99,1,1
"1130510300100500010","202010","11620-7916","11560-111707","서**별**송** **동**7**","11500","10300","1","0313","0014","미*연*","",20,2,"204","벽돌구조","(철근)콘크리트",41.2,4.32,1,1
"1141011900103440001","202008","11380-100191793","11470-100227292","서**별**은** **동**9**1**","11290","10100","1","0028","0008","","",20,2,"B5","철근콘크리트구조","(철근)콘크리트",42.3,11.736,1,1
"1129010300106060781","202103","11620-20998","11170-52521","서**별**강** **동**9**1**","11470","10100","1","0174","0001","","",20,-1,"401","철근콘크리트구조","(철근)콘크리트",41.04,33.34,1,1
"1171010800101370010","202104","11290-100265151","11410-88470","서**별**성** **동** **9**8**","11740","10100","1","0141","0020","청*평* *이*션","",20,2,"101","벽돌구조","(철근)콘크리트",81.57,3.13,1,1
"1147010200105060007","202011","11410-100235373","11710-28737","서**별**강** **동**8**2**","11305","10200","1","0175","0009","","",20,3,"601","철근콘크리트구조","(철근)콘크리트",68.25,5.06,1,0
"1130510100107913346","202001","11500-100223439","11215-100240430","서**별**은** **동**2**3**","11410","12000","1","0088","0001","","",20,-1,"B101","벽돌구조","(철근)콘크리트",54.06,10.84,0,1
"1168010800101770009","202003","11530-22074","11200-64118","서**별**송** **동**0**1**","11140","11900","1","0320","0105","한*아*빌","",20,10,"303","철근콘크리트구조","(철근)콘크리트",26.63,5.01,1,0
"1147010300101480004","202105","11470-15341","11590-55411","서**별**성** **동**8**","11620","11900","1","0131","0007","","두산그린빌라",20,1,"202","철근콘크리트구조","(철근)콘크리트",9.81,4.92,1,0
"1171011100101750002","202101","11215-100234388","11740-97018","서**별**종** **동**3**7**","11590","13600","1","0238","0027","한*코*연*","",20,3,"103","철근콘크리트구조","(철근)콘크리트",70.44,5.14,1,1
"1132010700104710008","202003","11545-11741","11620-92189","서**별**은** **동**5**5**","11530","10900","1","0916","0039","","",20,2,"405","철근콘크리트구조","(철근)콘크리트",41.97,6.04,1,1
"1147010200107110005","202010","11590-100225805","11320-75416","서**별**성** **동**6**0**","11260","10600","1","0161","0010","스*트*","새울센스빌",20,3,"306","철근콘크리트구조","(철근)콘크리트",238.86,16.121,0,1
"1171011100101700006","202102","11620-24861","11470-100204609","서**별**동**구**농**5**1**","11740","10300","1","0036","0025","","",20,2,"302","철근콘크리트구조","(철근)콘크리트",78.48,6.49,1,0
"1130510300105670040","202003","11380-100269474","11440-100275188","서**별**서**구**은**1**-**","11590","10500","1","0074","0026","","",20,3,"202","철근콘크리트구조","(철근)콘크리트",57.12,7.65,1,1
"1171010300100870033","202007","11440-32259","11530-100230660","서**별**강** **동**1**8**","11620","10100","1","0403","0003","동*스*트","",20,5,"602","철근콘크리트구조","(철근)콘크리트",43.83,4.92,1,0
"1123010400101300060","202102","11440-5163","11380-102391","서**별**구** ** **4**0**","11440","10100","1","0227","0411","대*파*빌","",20,3,"304","철근콘크리트구조","(철근)콘크리트",116.65,7.42,1,0
"1144012500100370013","202007","11560-35121","11710-100467608","서**별**강** **동**1**2**","11470","10500","1","0102","0477","삼*그*빌*","",20,1,"101","철근콘크리트구조","(철근)콘크리트",119.41,19.05,1,1
"1147010100109320017","202007","11710-100459166","11470-69250","서**별**강** ** **4**","11470","10900","1","0532","0036","","금화센스빌",20,5,"402","철근콘크리트구조","(철근)콘크리트",59.66,33.19,1,0
"1111018200100530005","202105","11170-23054","11680-100280831","서**별**강** ** **3**","11710","10300","1","0012","0004","","",20,3,"402","철근콘크리트구조","(철근)콘크리트",61.07,9.47,1,1
"1130510100102580554","202005","11200-10511","11230-100202396","서**별**양** **동**3**4**","11170","10400","1","0302","0008","","",20,2,"302","철근콘크리트구조","(철근)콘크리트",109.13,21.14,0,1
"1171010400101000018","202005","11410-17254","11350-63008","서**별**성** **동** **3**","11500","10300","1","0396","0023","런*빌*B*","",20,-1,"202","철근콘크리트구조","(철근)콘크리트",109.92,6.03,1,1
"1123010500104880338","202012","11290-9256","11380-82579","서**별**노** **동**3**1**","11680","11700","1","0003","0007","부*빌*","",20,1,"103","철근콘크리트구조","(철근)콘크리트",38.01,13.633,1,1
"1156013300107300004","202005","11230-100235692","11215-72844","서**별**동**구**안**4**-**","11110","10200","1","0226","0076","논*2*9*9","",20,3,"501","벽돌구조","(철근)콘크리트",73.44,14.12,1,1
"1165010100104540003","202011","11710-9097","11590-100200175","서**별**구** **동**0**1**","11380","10600","1","0129","0006","삼*빌*","",20,3,"202","철근콘크리트구조","(철근)콘크리트",38.78,13.2,1,1
"1150010300104230014","202002","11215-8831","11380-62008","서**별**송** **동**7**1**","11290","11000","1","0008","0272","","",20,2,"101","철근콘크리트구조","(철근)콘크리트",24,7.28,1,1
"1111018600100090003","202104","11620-100219896","11380-47525","서**별**송** **동**8**1**","11290","10300","1","0570","0042","삼*빌*","C동",20,3,"203","철근콘크리트구조","(철근)콘크리트",48.31,8.59,1,1
"1138010200101600018","202005","11710-100540242","11500-84623","서**별**광** **동**2**3**","11680","10600","1","0107","0024","그*드*리*","",20,7,"402","철근콘크리트구조","(철근)콘크리트",30.63,5.04,0,1
"1150010300103670070","202008","11650-10397","11260-100248839","서**별**은** **동**-**","11710","10300","1","0045","0023","T*e*H*중* *차","",20,5,"101","철근콘크리트구조","(철근)콘크리트",38.81,9.76,1,1
"1129012000101750023","202105","11530-3706","11260-35384","서**별**양** ** **5**3**","11620","10100","1","0263","0178","","",20,2,"101","철근콘크리트구조","(철근)콘크리트",67.98,7.3,1,1
"1121510200102410001","202011","11260-100199927","11680-142876","서**별**도** ** **1**3**","11650","10300","1","0172","0022","신*빌*","",20,2,"202","철근콘크리트구조","(철근)콘크리트",63.36,5.04,1,1
"1144012500106380006","202104","11710-8943","11530-100223857","서**별**강** **동**2**2**","11680","10800","1","0161","0012","","",20,1,"302","벽돌구조","(철근)콘크리트",47.86,4.63,1,1
"1129013900103320045","202004","11320-13398","11530-100229609","서**별**중**신** **9**5**","11500","10500","1","0325","0013","","",20,5,"302","철근콘크리트구조","(철근)콘크리트",29.43,9.83,1,1
"1121510300100510009","202003","11620-19763","11200-41752","서**별**서**구**연**9**1**","11440","10100","1","0881","0007","","",20,4,"101","철근콘크리트구조","(철근)콘크리트",23.37,10.825,0,1
"1117010900100890041","202101","11740-100204377","11380-83742","서**별**영**구**림**8**-**","11710","10400","1","0723","0000","예*리*","",20,2,"303","철근콘크리트구조","(철근)콘크리트",60.83,17.75,1,1
"1144010100106930006","202002","11470-100197965","11470-88429","서**별**마** **동**4**1**","11620","10200","1","1688","0002","","",20,3,"202","철근콘크리트구조","(철근)콘크리트",90.46,14.37,0,1
"1121510500106660016","202104","11215-100191985","11380-100263240","서**별**동**구**두**3**6**","11290","10200","1","0279","0030","동*네*빌","가동",20,3,"101","철근콘크리트구조","(철근)콘크리트",59.31,7.11,1,1
"1130510300102700022","202104","11110-1982","11620-110472","서**별**양** ** **8**4**","11440","10900","1","0245","0149","스*하*스","A동",20,-1,"301","철근콘크리트구조","(철근)콘크리트",34.07,7.09,1,1
"1123010500104670062","202008","11410-100195894","11260-100228419","서**별**중** **동**1**1**","11710","10600","1","0593","0008","","",20,2,"202","철근콘크리트구조","(철근)콘크리트",50.76,9.95,1,1
"1126010400102470091","202103","11620-100265568","11230-100251123","서**별**송** **동**4**2**","11500","10100","1","0934","0016","경*에*스","",20,3,"302","철근콘크리트구조","(철근)콘크리트",41.4,57.24,1,1
"1154510300108940005","202008","11470-12518","11545-70333","서**별**광** **동**6**","11650","10100","1","0692","0001","","",20,4,"401","철근콘크리트구조","(철근)콘크리트",41.36,5.92,1,1
"1129013900101760032","202009","11305-14191","11650-27950","서**별**금** **동**0**4**","11710","11000","1","0361","0008","쥬*레","삼성하이빌",20,7,"102","벽돌구조","(철근)콘크리트",54.82,,1,0
"1171010700101960008","202103","11380-33470","11470-100196672","서**별**광** **동**7**","11710","10300","1","0930","0101","아*힐","",20,2,"304","철근콘크리트구조","(철근)콘크리트",49.95,7.04,1,1
"1154510200110060078","202010","11380-5703","11380-97703","서**별**강** **동**5**7**","11530","10200","1","0687","0007","","",20,4,"301","철근콘크리트구조","(철근)콘크리트",67.33,10.15,1,1
"1165010100100120089","202010","11650-7232","11470-76238","서**별**영**구**길**2**-**","11380","10700","1","0317","0000","","",20,5,"203","철근콘크리트구조","(철근)콘크리트",27.39,6.44,1,1
"1156010200100550000","202010","11215-100252070","11200-100234666","서**별**노** **동**7**1**","11470","10500","1","0505","0034","대*쉐*빌","",20,2,"102","철근콘크리트구조","(철근)콘크리트",51.53,6.32,1,1
"1121510300102520128","202003","11380-100181904","11530-100230339","서**별**강** **동**9**1**","11320","10700","1","0877","0018","청* *6*1*","다동",20,1,"지층B01호","철근콘크리트구조","(철근)콘크리트",75.65,5.22,1,1
"1171010600100680012","202008","11680-12277","11650-100251923","서**별**은** **동**7**4**","11290","11800","1","0175","0003","금*빌*지*2*","",20,-1,"505","철근콘크리트구조","(철근)콘크리트",59.17,5.02,1,1
"1171011100102100001","202102","11560-100227218","11620-85118","서**별**은** **동**3**1**","11680","10200","1","0324","0004","","",20,3,"502","철근콘크리트구조","(철근)콘크리트",75.66,5.04,1,1
"1147010300100200001","202009","11710-23899","11740-100231858","서**별**강** ** **4**1**","11215","10800","1","0376","0009","","",20,2,"401","철근콘크리트구조","(철근)콘크리트",24.34,4.8,1,0
"1171010600101090004","202007","11560-35384","11680-100257716","서**별**금** **동**0**-**","11380","11200","1","0081","0011","","B동",10,1,"502","철근콘크리트구조","(철근)콘크리트",23.94,2.89,1,0
"1153010200105120002","202104","11320-100194696","11215-100207402","서**별**동** **방**3**-**","11620","10700","1","0966","0149","하*채*라","",20,-1,"201","철근콘크리트구조","(철근)콘크리트",72.17,5.76,0,1
"1174010900103380047","202101","11320-13406","11380-100271396","서**별**마** **동**6**5**","11380","10900","1","0300","0186","서*빌*","103동",20,4,"401","철근콘크리트구조","(철근)콘크리트",42.85,9.38,1,0
"1130510300100090005","202003","11380-100253712","11380-99140","서**별**은** **동**2**3**","11170","10300","1","0488","0169","샤*빌*1*차","",20,-1,"201","철근콘크리트구조","(철근)콘크리트",47.97,11.51,1,1
"1168011800109450014","202008","11560-35436","11530-100249451","서**별**광** **동**5**0**","11710","10700","1","0004","0082","","골든빌",20,1,"202","철근콘크리트구조","(철근)콘크리트",31.98,6.56,1,1
"1121510300105580008","202102","11590-14749","11545-100227017","서**별**금** **동**0**-**","11260","10500","1","0210","0029","대*힐*","",20,11,"302","철근콘크리트구조","(철근)콘크리트",49.8,10.13,1,1
"1144011400100060092","202101","11500-11599","11620-75539","서**별**송** **동**8**1**","11650","10500","1","0033","0596","","",20,2,"301","철근콘크리트구조","(철근)콘크리트",32.5,4.89,1,0
"1171010700101270028","202007","11500-25832","11215-100184500","서**별**광** **동**6**9**","11380","10600","1","0514","0021","","신도뷰나동",20,4,"401","철근콘크리트구조","(철근)콘크리트",48.73,5.24,1,0
"1138010900100260034","202001","11740-13704","11110-100184869","서**별**광** **동**4**4**","11305","10800","1","0681","0095","","2동",20,2,"101","철근콘크리트구조","(철근)콘크리트",69.69,5.13,1,1
"1165010100109050031","202002","11740-15595","11290-80875","서**별**서**구**제**2**-**","11290","10200","1","1465","0038","대*캐*","",20,3,"501","철근콘크리트구조","(철근)콘크리트",54.81,5.86,1,1
"1121510300100590020","202011","11530-10806","11590-100198543","서**별**광** **동**7**","11215","10400","1","0367","0010","","2동",20,3,"201","철근콘크리트구조","(철근)콘크리트",49.68,13.873,1,1
"1138010400105170005","202105","11500-16603","11215-100189791","서**별**서** **동**6**1**","11260","10200","1","0751","0006","","",20,2,"301","철근콘크리트구조","(철근)콘크리트",37.25,9.85,1,0
"1171011400100050004","202103","11290-21874","11380-100302981","서**별**서**구**희**1**-**","11170","17400","1","0193","0074","","",20,1,"303","철근콘크리트구조","(철근)콘크리트",60.83,5.14,1,1
"1121510500106580008","202007","11680-18576","11170-100221527","서**별**성** **동** **-**","11470","10600","1","0405","0007","성*캐*빌","",20,5,"102","철골콘크리트구조","(철근)콘크리트",48.84,6.39,1,1
"1153011000100100027","202011","11320-4325","11380-100290223","서**별**강** **동**3**4**","11500","10200","1","0341","0007","","",20,1,"301","철근콘크리트구조","(철근)콘크리트",56.76,6.65,1,1
"1174010700104300015","202105","11215-100185789","11650-93797","서**별**강** **동**6**8**","11710","10200","1","0058","0075","라*팡*","",20,2,"201","철근콘크리트구조","(철근)콘크리트",41.88,16.89,1,1
"1168010800101880006","202102","11680-898","11545-100192749","서**별**마** **동**7**3**","11500","11100","1","0356","0004","펠*체*빌","",20,3,"302","철근콘크리트구조","(철근)콘크리트",40.15,5.49,1,1
"1165010100107790003","202105","11290-22384","11380-100195877","서**별**중** **동**0**5**","11410","10500","1","0056","0042","","",20,3,"502","철근콘크리트구조","(철근)콘크리트",32.68,4.07,1,1
"1129013700100780003","202105","11680-100296383","11530-100220234","서**별**서**구**가** **6**6**","11110","17000","1","0112","0020","","",20,2,"B2","철근콘크리트구조","(철근)콘크리트",53.28,6.05,1,1
"1162010200105980005","202008","11680-10793","11440-100273385","서**별**강** **동**8**","11380","16800","1","0130","0004","","",20,1,"201","철근콘크리트구조","(철근)콘크리트",18.11,6.18,1,1
"1117013100105680228","202003","11320-100214314","11470-123003","서**별**송** **동**1**3**","11260","10600","1","0073","0120","미*하*","",20,2,"402","철근콘크리트구조","(철근)콘크리트",26.08,,1,1
"1171011100100710007","202010","11650-17708","11110-38081","서**별**송** **동**2**","11500","12200","1","0020","0005","파*타*","선우빌라B",20,2,"101","철근콘크리트구조","(철근)콘크리트",52.65,5.28,1,1
"1150010600106710018","202003","11590-11252","11470-100233328","서**별**종** **동**9**2**","11710","10300","1","0926","0002","","",20,4,"203","철근콘크리트구조","(철근)콘크리트",51.52,5.04,1,1
"1126010100100660076","202101","11320-100213834","11680-77933","서**별**광** **동**6**1**","11290","10700","1","0579","0011","","",20,3,"201","벽돌구조","(철근)콘크리트",43.12,16.48,1,0
"1153010700103670012","202105","11470-10443","11380-105075","서**별**금** **동**9**5**","11410","10600","1","0937","0005","화* *파*","",20,1,"202","철근콘크리트구조","(철근)콘크리트",26.57,6.63,1,1
"1126010300101100008","202011","11545-100225179","11260-100228697","서**별**은** **동**8**2**","11620","18300","1","0119","0010","상*주*","",20,2,"203","철근콘크리트구조","(철근)콘크리트",18.2,6.16,1,1
"1154510300108660007","202011","11215-8757","11650-55687","서**별**강** **동**2**2**","11560","10500","1","0098","0011","이* * *","A동",20,3,"201","벽돌구조","(철근)콘크리트",38.22,13.53,1,1
"1111017500101810014","202101","11530-3199","11230-100238979","서**별**중** ** **2**4**","11410","13300","1","0312","0086","반*주*","",20,2,"510","철근콘크리트구조","(철근)콘크리트",62.39,5.52,1,1
"1111017400101400010","202101","11560-100229997","11200-55257","서**별**강** **동**4**1**","11500","10200","1","0045","0001","","",20,1,"502","철근콘크리트구조","(철근)콘크리트",14.96,6.74,1,1
"1153010700100110002","202009","11260-100196034","11380-90273","서**별**강** **동**5**9**","11710","10400","1","0087","0005","","",20,3,"303","철근콘크리트구조","(철근)콘크리트",58.47,4.8,1,0
"1147010100109310018","202104","11470-8220","11380-51501","서**별**마** **동**0**1**","11320","10100","1","0264","0003","지*빌*B*","",20,7,"202","철근콘크리트구조","(철근)콘크리트",205.37,9.069,1,1
"1129013300102030008","202105","11290-4222","11350-188264","서**별**도** ** **5**4**","11470","10300","1","0316","0044","","",20,3,"302","철근콘크리트구조","(철근)콘크리트",43.56,12.17,1,1
"1162010100117110010","202105","11590-30401","11350-100183810","서**별**양** **동**4**4**","11305","13300","1","0067","0079","","",10,2,"101","철근콘크리트구조","(철근)콘크리트",76.33,8.06,0,1
"1138010500102100024","202006","11170-100203386","11710-57777","서**별**영**구**림**7**-**","11260","10100","1","0130","0052","어*하*스*","",20,2,"304","철근콘크리트구조","(철근)콘크리트",54.61,5.04,1,1
"1174010700104800003","202002","11380-100197933","11350-119592","서**별**동**구**안**4**-**","11620","10500","1","0281","0014","","",20,1,"401","철근콘크리트구조","(철근)콘크리트",37.8,24.33,1,1
"1159010200102790251","202001","11680-100285463","11260-100263797","서**별**송** **동**4**2**","11470","10800","1","0206","0009","스*힐*","",20,1,"201","철근콘크리트구조","(철근)콘크리트",84.99,14.93,1,1
"1153010300101340056","202011","11140-100220879","11305-100181346","서**별**마** **동**2**2**","11620","10800","1","0238","0184","","",20,3,"202","철근콘크리트구조","(철근)콘크리트",19.93,6.44,0,0
"1165010200104010008","202012","11500-100303448","11380-100308831","서**별**강** **동**2**-**","11470","10600","1","0300","0031","연*팰*스","",20,2,"402","철근콘크리트구조","(철근)콘크리트",37.05,16.68,1,0
"1154510300109220001","202004","11620-100238032","11380-100277532","서**별**광** **동**3**7**","11380","10800","1","0216","0117","유*빌*","",20,5,"203","철근콘크리트구조","(철근)콘크리트",17.58,10.79,0,0
"1144012500102770025","202003","11350-8481","11620-100219667","서**별**강** **산**6**-**","11410","10800","1","0152","0051","","나동",20,3,"201","철근콘크리트구조","(철근)콘크리트",15.44,13.63,1,1
"1159010700104430009","202101","11380-100228213","11170-83608","서**별**동**구**두**1**-**9**","11650","10100","1","0078","0006","","",20,3,"502","철근콘크리트구조","(철근)콘크리트",42.54,4.67,1,1
"1171010700101270006","202003","11680-12630","11650-100251070","서**별**도** **동**2**3**","11710","10300","1","0811","0482","","",20,1,"301","철근콘크리트구조","(철근)콘크리트",34.08,6.79,1,1
"1138010400105030011","202012","11290-21793","11380-114280","서**별**마** **동**6**4**","11290","10900","1","0001","0004","토*하*스","",20,3,"303","철근콘크리트구조","(철근)콘크리트",42.12,8.97,1,1
"1162010200106190051","202011","11620-100232612","11470-79054","서**별**강** ** **8**8**","11710","10700","1","0333","0021","온*파*빌","성진쉐르빌",20,-1,"B2","철근콘크리트구조","(철근)콘크리트",66.05,7.28,1,1
"1162010100101800273","202005","11740-13793","11470-100205607","서**별**양** **동**6**","11260","10200","1","0216","0319","라*하*스*2*","장평2타운",20,1,"102","철근콘크리트구조","(철근)콘크리트",29.71,7.06,1,1
"1138010700105810029","202001","11470-100226601","11380-117720","서**별**마** **동**0**1**","11470","10800","1","0112","0002","","",20,6,"1504","철근콘크리트구조","(철근)콘크리트",42.9,7.53,1,1
"1171011300105840000","202004","11470-100227748","11260-100219623","서**별**관** **동**6**-**","11380","13900","1","0459","0145","명*하*스","",20,3,"102","철근콘크리트구조","(철근)콘크리트",29.82,37.93,0,1
"1141011100103610059","202105","11740-10547","11380-100267009","서**별**강** ** **8**0**","11380","10200","1","0129","0204","","",20,2,"203","철근콘크리트구조","(철근)콘크리트",63.59,4.92,1,1
"1150010300110160031","202011","11545-100245833","11215-100237373","서**별**강** **동**5**1**","11500","12500","1","0091","0004","늘*른*라","",20,-1,"302","철근콘크리트구조","(철근)콘크리트",45.62,81.77,1,1
"1111017400100230008","202010","11350-14321","11500-78596","서**별**금** **동**0**-**","11650","12500","1","0391","0084","","",20,2,"102","벽돌구조","(철근)콘크리트",59.88,12.14,1,1
"1165010100104350003","202012","11740-100254046","11350-100198873","서**별**서** **동**3**1**","11200","10100","1","0082","0003","스*트*리","",20,5,"204","철근콘크리트구조","(철근)콘크리트",19.4,4.61,1,1
"1126010400102480126","202105","11650-100182348","11500-100270073","서**별**서**구**가** **-**7**","11500","10300","1","0068","0001","해*빌*트","",20,2,"B108","철근콘크리트구조","(철근)콘크리트",50.94,8.842,1,1
"1171011100101440030","202002","11320-13060","11560-116107","서**별**마** **동**4**5**","11440","10700","1","0094","0014","","",20,3,"103","철근콘크리트구조","(철근)콘크리트",52.4,5.24,1,1
"1162010200102550179","202007","11710-100530322","11560-100263305","서**별**송** **동**6**","11380","10400","1","0017","0094","","",20,3,"201","철근콘크리트구조","(철근)콘크리트",65.62,8.875,1,1
"1147010300110720000","202103","11680-10248","11215-39905","서**별**은** **동**2**0**","11710","10800","1","0218","1204","보*자*","",20,-1,"203","철근콘크리트구조","기타지붕",29.38,63.76,1,1
"1135010300106090050","202005","11500-5548","11740-31581","서**별**강** **동**7**9**","11110","10800","1","0901","0091","","",20,8,"101","철근콘크리트구조","(철근)콘크리트",29.93,11.51,1,1
"1129013800100650203","202102","11470-100197946","11500-99935","서**별**강** **동**5**1**","11590","10700","1","0830","0020","거*리*시","",20,2,"지층비02","철근콘크리트구조","(철근)콘크리트",36.8,9.05,1,0
"1130510300104750127","202012","11740-100215361","11260-100212868","서**별**강** ** **8**4**","11215","10400","1","0375","0017","M*T*O","",20,5,"306","철근콘크리트구조","(철근)콘크리트",64.88,16.09,1,0
"1174010900103140026","202101","11320-4605","11380-100289048","서**별**은** **동**0**","11650","13300","1","0117","0081","","",20,1,"502","철근콘크리트구조","(철근)콘크리트",80.82,7.61,1,1
"1121510300106530008","202001","11230-100234054","11200-100209800","서**별**관** **동**3**3**","11500","10100","1","0582","0032","더*하*스","",20,-1,"102","철근콘크리트구조","(철근)콘크리트",91.54,5.78,1,1
"1121510200103140009","202003","11530-100220073","11260-100222646","서**별**성** **동**1**9**","11500","10300","1","0297","0054","","",20,4,"301","철근콘크리트구조","(철근)콘크리트",29.97,8.58,1,0
"1162010100106980003","202007","11710-100478422","11215-53183","서**별**서** **동**1**2**","11680","10100","1","0090","0027","에*빌*","",10,3,"313","철근콘크리트구조","(철근)콘크리트",42.54,9.095,1,1
"1147010100110230008","202004","11620-100214281","11560-100232197","서**별**동** **동**7**3**","11290","10800","1","0643","0016","","",20,5,"B2","철근콘크리트구조","(철근)콘크리트",55.56,28.29,1,1
"1144012000104750017","202004","11620-32459","11680-178545","서**별**광** **동**4**1**","11170","11400","1","0731","0011","백*산*크*운","",20,2,"302","철근콘크리트구조","(철근)콘크리트",63.77,16.02,1,1
"1130510300104860714","202006","11650-100247594","11380-115359","서**별**은** **동**7**9**","11710","18400","1","0046","0393","","",20,4,"601","철근콘크리트구조","(철근)콘크리트",41.68,13.47,1,1
"1132010500101430005","202007","11170-22574","11710-61674","서**별**은** **동**2**8**","11500","10300","1","0003","0044","","",20,4,"401","철근콘크리트구조","(철근)콘크리트",27.03,9.36,1,1
"1120010600101900009","202001","11380-22105","11560-100197549","서**별**양** **동**9**1**","11440","10100","1","0635","0021","진*펠*체","",20,5,"302","철근콘크리트구조","(철근)콘크리트",57.6,12.05,1,1
"1162010200115640022","202010","11440-100218773","11590-100193758","서**별**강** **동**1**3**","11380","10600","1","0355","0014","","",20,1,"402","철근콘크리트구조","(철근)콘크리트",54.91,9.76,1,1
"1162010100116410006","202007","11170-100197975","11440-100205503","서**별**서**구**희**1**-**","11710","10200","1","0297","0050","","리치힐",20,4,"202","철근콘크리트구조","(철근)콘크리트",66.7,5.17,1,0
"1156013300109930004","202004","11380-22251","11545-42052","서**별**은** **동**8**1**","11530","10200","1","0389","0000","삼*캐*빌","",20,3,"202","철근콘크리트구조","(철근)콘크리트",36.18,6.31,1,1
"1162010200104680008","202004","11410-100192017","11650-21133","서**별**양** ** **8**4**","11680","10800","1","0178","0004","","",10,2,"102","철근콘크리트구조","(철근)콘크리트",66.62,8.871,1,1
"1162010200103150005","202001","11500-100218498","11380-100218213","서**별**종** **동**7**8**","11200","12700","1","0526","0085","연*빌","",20,5,"203","철근콘크리트구조","(철근)콘크리트",55.24,18.11,1,1
"1150010300101590046","202004","11530-6823","11440-38922","서**별**성** **문**가**0**1**","11680","10200","1","0582","0011","S*O*Y*V*L*","",20,11,"202","철근콘크리트구조","(철근)콘크리트",29.87,34.57,1,0
"1154510300108270058","202005","11140-100225675","11110-60241","서**별**관** **동**0**2**","11290","10600","1","0420","0020","","골드클래스",10,-1,"302","철근콘크리트구조","(철근)콘크리트",34.55,10.01,1,1
"1141011000101830007","202105","11500-100262673","11170-100218161","서**별**마** **동**2**1**","11410","10300","1","0033","0072","","",20,4,"302","철근콘크리트구조","(철근)콘크리트",48.12,4.68,1,1
"1174010500103540007","202008","11260-21625","11440-100199662","서**별**서**구**가** **6**7**","11545","12300","1","0198","0020","","101동",20,3,"302","철근콘크리트구조","(철근)콘크리트",29.88,7.69,1,1
"1154510300102440052","202003","11590-15699","11200-57427","서**별**강** **동**9**1**3**","11530","10700","1","0103","0028","베*트*스","C동",20,3,"403","철근콘크리트구조","(철근)콘크리트",91.57,7.66,1,0
"1162010100100410157","202007","11530-100240533","11140-100213436","서**별**금** **동**2**4**","11680","10200","1","0190","0009","은*하*빌","1동",20,4,"402","철근콘크리트구조","(철근)콘크리트",41.34,5.49,1,1
"1132010500100810150","202005","11500-100291232","11530-100208453","서**별**양** **동**1**1**","11440","10200","1","0012","0051","명*하*스","",20,4,"401","철근콘크리트구조","(철근)콘크리트",50.16,11.47,1,1
"1168010500100400007","202012","11680-23108","11305-90817","서**별**양** ** **3**","11500","10800","1","0226","0001","","",20,2,"401","벽돌구조","(철근)콘크리트",59.79,6.49,1,1
"1168010100107430010","202011","11410-100196776","11740-73240","서**별**서** **동**6**1**","11305","10700","1","0237","0078","","",20,1,"101","철근콘크리트구조","(철근)콘크리트",29.93,4.92,1,1
"1153010600103480000","202011","11260-100183697","11500-69536","서**별**은** **동**4**5**","11500","10300","1","0587","0006","세*그*빌","",20,3,"203","철근콘크리트구조","(철근)콘크리트",47.58,8.18,1,0
"1121510300102040015","202009","11500-100270766","11215-100233784","서**별**강** **산**6**-**","11530","10300","1","0072","0013","","",20,5,"201","철근콘크리트구조","(철근)콘크리트",57.51,11.94,1,1
"1144010700103300003","202001","11530-23684","11110-33963","서**별**강** **동**7**1**","11215","10100","1","0050","0011","","",10,3,"501","철근콘크리트구조","(철근)콘크리트",47.32,13.383,1,1
"1114016200104250014","202003","11470-100216665","11350-177060","서**별**성** **동** **3**","11320","10600","1","1132","0025","보*빌*","",20,4,"402","철근콘크리트구조","(철근)콘크리트",52.98,9.43,1,1
"1114012100101000013","202005","11200-7417","11545-100218606","서**별**은** **동**9**5**","11650","10200","1","0161","0011","현*M*운*0*동","",20,4,"405","철근콘크리트구조","(철근)콘크리트",26.89,7.54,1,1
"1123010900101830245","202104","11530-100240096","11710-101659","서**별**성** **동** **2**","11560","11100","1","0387","0006","","8동",20,2,"302","철근콘크리트구조","(철근)콘크리트",30.72,9.99,1,1
"1132010700106010045","202006","11380-11030","11380-48227","서**별**광** **동**1**2**","11470","10900","1","0178","0125","동*빌*","",20,5,"301","철근콘크리트구조","(철근)콘크리트",35.16,7.03,0,1
"1174010500101220001","202008","11410-9972","11500-176301","서**별**서** **동**1**2**","11260","10300","1","0299","0008","미*빌","",20,4,"202","철근콘크리트구조","(철근)콘크리트",43.42,20.94,1,1
"1121510400102480033","202101","11650-100263040","11230-74467","서**별**강** **동**3**6**","11320","10100","1","0643","0239","","",20,1,"202","벽돌구조","(철근)콘크리트",29.4,8.65,1,1
"1130510400100300006","202012","11530-3178","11440-38828","서**별**강** **동**5**4**","11545","17000","1","0822","0047","","",20,3,"301","철골콘크리트구조","(철근)콘크리트",57.28,10.99,0,1
"1168010300112610001","202005","11110-12217","11170-80172","서**별**영**구**길**8**1**","11680","12600","1","0356","0125","","",20,1,"502","철근콘크리트구조","(철근)콘크리트",41.11,4.62,1,1
"1171010500100210011","202103","11710-100494923","11305-68297","서**별**강** **동**0**4**","11590","10300","1","1487","0005","","103동",20,2,"301","철근콘크리트구조","(철근)콘크리트",61.66,5.32,0,1
"1147010200102310097","202005","11350-3508","11215-100223225","서**별**광** **동**1**4**","11290","10300","1","0452","0003","신*아*","",20,5,"401","철근콘크리트구조","(철근)콘크리트",90.96,12.98,1,1
"1153010700103200012","202007","11470-18866","11440-100199241","서**별**광** **동**3**3**","11410","10800","1","0116","0006","","",20,3,"202","철근콘크리트구조","(철근)콘크리트",29.64,8.94,1,1
"1162010200115730033","202103","11200-16443","11230-100196034","서**별**마** **동**0**","11530","10600","1","0726","0012","대*빌*지","",20,3,"403","철근콘크리트구조","(철근)콘크리트",26.05,6.63,0,1
"1147010300101440013","202005","11440-24484","11560-134577","서**별**광** **동**4**3**","11350","16200","1","0543","0009","스*시*","",20,3,"204","철근콘크리트구조","(철근)콘크리트",70.5,14.11,1,0
"1165010800114250003","202005","11650-100207853","11260-100258398","서**별**동** **동**4**3**","11440","10100","1","1167","0018","조*휴*슬","",20,1,"301","철근콘크리트구조","(철근)콘크리트",14.46,17.03,0,1
"1162010200116350098","202105","11710-21782","11440-100253748","서**별**노** **동**8**1**","11710","11400","1","0066","0067","행*맨* *동","",20,3,"201","철근콘크리트구조","(철근)콘크리트",47.96,23.31,1,1
"1117012500100520001","202006","11320-13100","11380-100286498","서**별**광** **동**2**5**","11170","11800","1","0645","0333","","",20,2,"201","철근콘크리트구조","(철근)콘크리트",75.76,5.64,1,1
"1129011300100420006","202010","11710-17548","11215-100242880","서**별**구** **동**4**1**","11470","10800","1","0177","0022","","미송빌라",20,-1,"302","철근콘크리트구조","(철근)콘크리트",26.51,8.36,1,1
"1168010700105610025","202003","11710-100540482","11545-100202914","서**별**강** **동**1**4**","11410","10800","1","0803","0009","위*르*","",20,3,"203","철근콘크리트구조","(철근)콘크리트",34.12,4.85,1,1
"1117011900100050458","202010","11710-10647","11260-53009","서**별**서** **동**1**5**","11620","10600","1","0036","0060","테*스*이",".",20,2,"401","철근콘크리트구조","(철근)콘크리트",17.94,9.83,0,0
"1130510100107911888","202004","11620-100193446","11260-100210208","서**별**송** **동**9**","11215","10600","1","0432","0011","강*쉐*빌","",20,1,"202","철근콘크리트구조","(철근)콘크리트",50.55,6.09,1,1
"1168010800101500008","202007","11200-100197972","11530-100230380","서**별**강** ** **5**","11215","10200","1","0312","0000","","",20,3,"301","철근콘크리트구조","(철근)콘크리트",6.75,10.4,1,1
"1129013300107120065","202104","11290-100238454","11590-100188395","서**별**동**구**경**2**-**","11680","10500","1","0004","0000","아*힐","",20,-1,"304","철근콘크리트구조","(철근)콘크리트",34.12,7.5,1,1
"1165010100105410131","202011","11440-24661","11230-100239447","서**별**구** **동**6**1**","11710","10600","1","0391","0023","","",20,2,"302","철근콘크리트구조","(철근)콘크리트",50.82,6.75,1,1
"1121510100102880010","202007","11290-22550","11590-50503","서**별**마** **동**2**5**","11410","10200","1","0957","0034","S*-*클*스*A*B*)","",20,2,"B2","철근콘크리트구조","(철근)콘크리트",42.12,4.68,1,1
"1153010800101560151","202103","11305-28594","11440-88893","서**별**송** **동**2**5**","11620","11400","1","0712","0003","S*찬*리*","",20,3,"B2","철근콘크리트구조","기타지붕",29,,1,1
"1117012800100650099","202012","11380-38971","11530-100230703","서**별**동** **동**1**3**","11710","10400","1","0260","0015","유*빌*","",20,2,"202","철근콘크리트구조","(철근)콘크리트",36.76,10.59,1,1
"1156013200100950045","202004","11500-100286152","11710-166284","서**별**도** **동**6**2**","11410","11400","1","0090","0042","상*파*빌","",20,2,"204","철근콘크리트구조","(철근)콘크리트",77.42,6.77,1,1
"1162010200106100191","202003","11170-14885","11620-100051","서**별**용** **동**8**1**","11740","10300","1","0557","0003","","",20,3,"202","철근콘크리트구조","(철근)콘크리트",39.42,6.19,1,1
"1121510700101320034","202101","11230-100233718","11620-100210334","서**별**용** **동** **1**8**","11380","10200","1","0405","0000","","다동",20,5,"302","철근콘크리트구조","(철근)콘크리트",26.6,5.39,1,0
"1130510200105250001","202009","11740-15853","11170-44148","서**별**송** **동**1**9**","11305","12500","1","0515","0514","더*플*스*","",20,3,"601","철근콘크리트구조","(철근)콘크리트",29.96,9.67,1,1
"1111017300100010835","202102","11590-24476","11545-53172","서**별**광** **동**4**6**","11500","10300","1","0153","0014","","",20,3,"지층B02호","철근콘크리트구조","(철근)콘크리트",41.57,,0,1
"1168010600109170031","202002","11380-17440","11215-100231248","서**별**마** **동**7**3**","11680","10800","1","0040","0109","","",20,5,"201","철근콘크리트구조","기타지붕",46.61,18.48,1,1
"1154510200108940012","202105","11620-755","11290-100218643","서**별**은** **동**8**1**","11215","10900","1","0211","0051","","",10,2,"302","철근콘크리트구조","(철근)콘크리트",29.92,6.34,1,1
"1171011400103230206","202001","11470-100196685","11500-88508","서**별**서**구**제**3**-**","11590","12500","1","0182","0002","","1002동",20,2,"302","철근콘크리트구조","(철근)콘크리트",32.45,11.38,1,1
"1138010300101970000","202011","11545-3404","11710-100467913","서**별**양** **동**5**2**","11260","10900","1","0063","0006","","",20,2,"301","철근콘크리트구조","(철근)콘크리트",23.61,19.42,1,1
"1141011100103600009","202104","11260-100244376","11590-108763","서**별**광** **동**6**4**","11260","10300","1","0567","0012","","",20,5,"102","철근콘크리트구조","(철근)콘크리트",41.46,8.24,1,0
"1138010800100670024","202101","11710-23381","11410-62383","서**별**은** **동**9**6**","11590","10300","1","0244","0013","화*골*빌*","",20,2,"101","벽돌구조","(철근)콘크리트",83.26,4.68,0,1
"1171010500102740005","202005","11590-9672","11620-116189","서**별**광** **동**3**","11350","13800","1","0221","0016","베*스*","",20,4,"501","철근콘크리트구조","(철근)콘크리트",15.3,21.89,1,0
"1171010100103180006","202102","11260-25080","11305-100232212","서**별**송** **동**0**6**","11740","10200","1","1692","0126","","신진힐타운",20,2,"501","철근콘크리트구조","(철근)콘크리트",55.9,35.87,1,1
"1130510100107660009","202103","11380-100297112","11380-116661","서**별**중** **동**0**","11320","16800","1","0610","0023","","지하",20,2,"202","철근콘크리트구조","(철근)콘크리트",29.47,6.47,1,0
"1174010900101850001","202101","11260-100251091","11680-144275","서**별**금** **동**4**2**","11740","17100","1","0381","0069","위*우*","",20,4,"201","철근콘크리트구조","(철근)콘크리트",12.16,7.5,1,1
"1120010700103010002","202101","11260-13265","11545-57127","서**별**영**구**길**1**-**","11215","10300","1","0405","0219","","",20,2,"301","철근콘크리트구조","(철근)콘크리트",59.97,5.85,1,1
"1141011900102860016","202003","11215-22810","11500-92726","서**별**관** **동**7**4**","11290","17500","1","0415","0004","보*빌*","homeN",20,9,"401","철근콘크리트구조","(철근)콘크리트",58.2,9.68,1,1
"1141011900100740200","202103","11200-19814","11500-100217198","서**별**강** **동**6**0**","11215","10900","1","0244","0014","","101동",10,5,"203","철근콘크리트구조","(철근)콘크리트",49.17,4.55,1,0
"1156010200100460000","202007","11740-100223558","11530-125589","서**별**강** **동**6**5**","11470","10900","1","0285","0011","","",20,6,"101","철근콘크리트구조","(철근)콘크리트",49.73,,1,1
"1165010100104640020","202103","11545-3726","11215-100243472","서**별**동**구**농**5**-**","11500","10400","1","0394","0001","태*캐*","",20,1,"102","철근콘크리트구조","(철근)콘크리트",68.52,7.08,1,1
"1121510100100730025","202004","11710-100468561","11305-100238870","서**별**관** **동**6**8**","11500","10200","1","0249","0000","로* *","",10,3,"701","철근콘크리트구조","(철근)콘크리트",222.84,12.77,1,1
"1174010900100170004","202004","11560-100270778","11620-79033","서**별**도** **동**0**3**","11470","10800","1","0622","0006","","",20,3,"301","철근콘크리트구조","(철근)콘크리트",31.05,5.9,1,1
"1117012100100380125","202008","11170-16045","11560-115813","서**별**광** **동**6**2**","11215","10100","1","0395","0008","","가동",20,-1,"1308","철근콘크리트구조","(철근)콘크리트",61.75,24.82,1,1
"1171010600100960008","202007","11470-18735","11380-100267830","서**별**서**구**희**5**-**6**","11500","10200","1","0385","0021","","한신아트빌",20,4,"102","벽돌구조","(철근)콘크리트",12.24,14.25,1,1
"1130510100101300040","202005","11560-35247","11710-81660","서**별**광** ** **0**","11320","11800","1","0137","0003","1","",20,1,"3층","철근콘크리트구조","(철근)콘크리트",66.44,35.84,1,1
"1144012400104870117","202003","11170-26420","11290-100192650","서**별**강** **동**9**2**","11620","10800","1","1370","0015","대*하*츠","",20,5,"101","철근콘크리트구조","(철근)콘크리트",50.68,3.35,1,1
"1156012800102180001","202003","11710-100473682","11545-100195901","서**별**강** **동**4**9**","11470","10100","1","0856","0017","","",20,4,"201","철근콘크리트구조","(철근)콘크리트",38.6,9.52,1,1
"1121510300105910004","202012","11710-100517241","11290-120493","서**별**중** **동**5**5**","11290","10600","1","0118","0022","","",20,5,"403","철근콘크리트구조","(철근)콘크리트",50.28,12.527,1,1
"1150010800113550007","202005","11230-100216554","11470-77700","서**별**강** **동**9**4**","11710","10800","1","1214","0088","대*아*빌","",20,6,"502","벽돌구조","(철근)콘크리트",27,6.43,1,1
"1159010200103350051","202003","11530-20290","11500-100255934","서**별**광** **동**5**8**","11230","13500","1","0419","0001","환*빌","",20,2,"301","철근콘크리트구조","(철근)콘크리트",60.37,8.58,1,0
"1132010600104380004","202004","11170-100214859","11530-100201847","서**별**광** **동**4**","11380","10300","1","0533","0082","유*빌","",20,2,"202","철근콘크리트구조","(철근)콘크리트",73.99,2.16,1,1
"1153010800101560015","202001","11320-100212955","11710-100522757","서**별**관** **동**9**3**","11440","10700","1","0497","0006","","",20,1,"104","철근콘크리트구조","(철근)콘크리트",41.46,5.04,0,0
"1130510300104050010","202005","11545-8370","11680-177244","서**별**마** **동**4**2**","11410","10100","1","0005","0081","삼*아*트","",20,5,"401","철근콘크리트구조","(철근)콘크리트",52.73,5.41,1,1
"1129013800102190182","202006","11560-9556","11500-128042","서**별**강** **동**6**1**","11110","11000","1","0042","0015","","",20,3,"202","철근콘크리트구조","(철근)콘크리트",55.43,4.82,1,1
"1162010100108810026","202003","11305-29565","11215-100242673","서**별**은** **동**8**","11380","10600","1","0103","0042","","",20,3,"502","철근콘크리트구조","(철근)콘크리트",44.43,10.6,1,1
"1138010200101760025","202006","11200-19820","11740-100226314","서**별**서**구**희**1**-**","11710","10100","1","0176","0022","명*하*빌","",20,4,"403","철근콘크리트구조","(철근)콘크리트",15.98,6.16,1,1
"1126010100112040001","202102","11260-24810","11440-100202752","서**별**관** **동**0**2**","11230","10300","1","0410","0028","","나동",20,1,"302","철근콘크리트구조","(철근)콘크리트",69.28,7.17,1,1
"1147010100109140002","202012","11305-29207","11260-100208641","서**별**종** **동**5**1**","11305","12300","1","0312","0008","","",20,4,"302","철근콘크리트구조","(철근)콘크리트",32.84,,1,1
"1144012400104870393","202003","11380-17289","11530-131207","서**별**광** **동**8**1**","11590","10200","1","0077","0005","","A동",20,6,"402","철근콘크리트구조","(철근)콘크리트",53.56,6.53,1,1
"1171010400101320000","202101","11305-100229783","11530-100203824","서**별**서**구**희**2**-**","11230","10200","1","0399","0005","","",20,4,"202","철근콘크리트구조","(철근)콘크리트",23.37,3.25,1,1
"1144010700103010000","202003","11380-100240425","11500-100263043","서**별**금** **동**3**1**","11740","10200","1","0457","0105","하*사*채","A동",20,-1,"102","철근콘크리트구조","(철근)콘크리트",22.09,4.01,1,1
"1138010300103310127","202010","11560-3188","11620-89675","서**별**광** **동**4**8**","11380","17400","1","0413","0025","휴*빌*","",10,2,"401","철근콘크리트구조","(철근)콘크리트",40.22,,1,0
"1138010900103030004","202008","11440-21513","11380-100218117","서**별**은** **동**2**7**","11215","10300","1","0127","0001","송*에*빌","",20,11,"102","철근콘크리트구조","(철근)콘크리트",48.32,5.26,1,0
"1171010800100280004","202009","11470-13765","11470-100208389","서**별**도** **동**6**6**","11290","10600","1","0918","0002","","",20,2,"301","철근콘크리트구조","(철근)콘크리트",74.13,6.74,1,1
"1130510300104680161","202105","11380-30003","11560-100221339","서**별**서** **동**1**3**","11320","10800","1","0045","0016","","",20,4,"401","철근콘크리트구조","(철근)콘크리트",59.73,5.12,1,1
"1111017400106680011","202102","11740-100201316","11440-100272329","서**별**송** **동**4**2**","11545","10800","1","0041","0034","예*타*밸*","",10,1,"지층-B01호","철근콘크리트구조","(철근)콘크리트",40.77,21.186,1,0
"1138010400104070026","202102","11530-100262208","11530-100199983","서**별**송** **동**7**","11200","11300","1","0018","0046","","",20,3,"101","철근콘크리트구조","(철근)콘크리트",45.99,12.4,1,1
"1141011800102650192","202006","11650-100262694","11620-91961","서**별**동** **동**8**","11305","10200","1","0033","0030","","",10,1,"402","철근콘크리트구조","(철근)콘크리트",49.44,7.36,1,1
"1117013100107580012","202002","11230-100225753","11290-127853","서**별**종** **동**2**4**","11320","10200","1","0178","0040","","",20,2,"201","철근콘크리트구조","(철근)콘크리트",92.2,16.23,0,1
"1159010900103480064","202102","11290-100188874","11470-132117","서**별**강** **동**5**1**","11260","10300","1","0016","0001","","한성타운",20,5,"202","철근콘크리트구조","(철근)콘크리트",34.56,4.29,1,1
"1121510100102330037","202011","11590-5145","11620-64133","서**별**강** **동**5**2**","11530","10800","1","0312","0051","","",20,5,"203","철근콘크리트구조","(철근)콘크리트",30.77,5.76,1,1
"1126010600104450001","202005","11710-14966","11290-117763","서**별**광** **동**4**1**","11215","10300","1","0340","0011","","장항빌딩",20,2,"102","철근콘크리트구조","기타지붕",57.5,5.55,1,1
"1126010100101400005","202010","11470-5911","11545-42205","서**별**은** **동**4**1**","11500","10600","1","0697","0000","","샤인빌",20,5,"403","철근콘크리트구조","(철근)콘크리트",29.97,10.05,0,0
"1144012300104100050","202102","11350-9890","11380-101807","서**별**서**구**제**7**","11215","11400","1","0222","0001","","",20,4,"102","철근콘크리트구조","(철근)콘크리트",37.01,4.43,1,0
"1130510100106370075","202008","11560-100227719","11590-63680","서**별**동**구**기**1**7**3**","11380","10300","1","0719","0109","성*세*트* *","B동",20,3,"102","철근콘크리트구조","(철근)콘크리트",40.65,28.48,1,1
"1165010200104000002","202011","11305-100220159","11500-77036","서**별**노** **동**1**1**","11680","10700","1","1528","0010","더*른*","",20,1,"203","철근콘크리트구조","(철근)콘크리트",25,9.56,1,1
"1174010900103940002","202001","11650-6198","11380-100297115","서**별**중** **동**5**0**","11260","10900","1","0110","0027","시*빌","칸하우스",20,1,"201","철근콘크리트구조","(철근)콘크리트",29.68,5.04,1,1
"1156013300107340009","202005","11740-100199196","11320-102473","서**별**노** **동**8**2**","11470","13800","1","0742","0068","에*엔*슬","",10,2,"304","철근콘크리트구조","(철근)콘크리트",97.16,8.42,1,1
"1165010100108390009","202101","11530-3614","11500-100249565","서**별**강** **동**6**5**","11710","10400","1","0733","0149","","B동",20,2,"202","철근콘크리트구조","(철근)콘크리트",72.9,,1,0
"1168010600109820004","202004","11260-100224532","11590-100238788","서**별**도** ** **3**","11380","10800","1","0436","0001","","",20,2,"302","철근콘크리트구조","(철근)콘크리트",62.88,6.42,0,1
"1162010200101200096","202011","11305-30766","11590-87762","서**별**서**구**은**1**-**","11740","10600","1","0180","0013","주*해*타*","",20,3,"401","철근콘크리트구조","(철근)콘크리트",43.32,4.593,1,1
"1171011400100130003","202010","11500-9241","11710-91546","서**별**성** **동**7**7**","11110","10700","1","0635","0163","대*빌","",20,4,"101","철근콘크리트구조","(철근)콘크리트",47.35,8.53,1,0
"1144012000104740030","202104","11680-17169","11380-100270019","서**별**마** **동**7**6**","11680","10400","1","0107","0110","","",20,-1,"302","철근콘크리트구조","(철근)콘크리트",66.19,9.59,1,1
"1150010300108040014","202011","11740-100217401","11215-100239052","서**별**강** **동**2**5**","11650","10700","1","0103","0012","","",20,3,"201","철근콘크리트구조","(철근)콘크리트",49.43,,1,1
"1171010400100490000","202010","11230-100238192","11470-134318","서**별**은** **동**2**7**","11380","10900","1","0194","0000","조*그*드*","",20,4,"106","철근콘크리트구조","(철근)콘크리트",35.22,6.88,1,1
"1114014400101930153","202104","11650-100206992","11230-100218478","서**별**양** **동**0**1**","11590","10200","1","0579","0028","양*도*빌*","가동",20,3,"104","철근콘크리트구조","(철근)콘크리트",25.11,18.23,1,1
"1174010800103810001","202102","11710-4064","11710-101831","서**별**관** **동**1**5**","11380","10300","1","0328","0006","팰*스*운*","",20,1,"502","벽돌구조","(철근)콘크리트",178.51,11.09,1,1
"1126010100113410009","202104","11710-12407","11710-83920","서**별**양** ** **8**4**","11215","10300","1","0466","0070","","",20,5,"502","철근콘크리트구조","(철근)콘크리트",98.45,18.35,1,1
"1154510300100030036","202008","11380-11409","11410-97200","서**별**마** **동**7**1**","11530","11700","1","0031","0001","","",10,1,"202","철근콘크리트구조","(철근)콘크리트",82.17,10.4,1,0
"1141011100101560345","202002","11560-100193095","11650-92012","서**별**마** **동**5**3**","11380","11000","1","0238","0005","","",20,3,"103","철근콘크리트구조","기타지붕",45.48,9.74,1,1
"1153010700100330147","202012","11560-100228724","11560-118218","서**별**도** **동**5**2**","11305","10200","1","0838","0027","","",10,3,"201","철근콘크리트구조","(철근)콘크리트",56.63,8.17,1,1
"1150010300103670077","202012","11260-100210658","11620-98612","서**별**광** **동**2**3**","11545","10400","1","0959","0002","예*팰*스*4*","",20,1,"302","철근콘크리트구조","(철근)콘크리트",15.47,6.02,0,1
"1174010800104620034","202010","11500-23186","11590-74202","서**별**양** ** **8**9**","11620","10200","1","0314","0108","","",20,1,"502","철근콘크리트구조","(철근)콘크리트",26.21,6.76,1,1
"1121510100100490077","202105","11470-4844","11500-92427","서**별**중** **동**3**8**","11590","10100","1","1171","0001","동*하*징","",10,5,"302","철근콘크리트구조","(철근)콘크리트",26.79,5.64,1,1
"1123010900101830245","202103","11380-11634","11440-38184","서**별**서**구**가** **8**6**","11260","10100","1","0520","0026","","",20,2,"201","철근콘크리트구조","(철근)콘크리트",56.02,3.973,0,1
"1141011600102980000","202105","11320-4860","11590-100212743","서**별**송** **동**2**1**","11380","10100","1","0003","0014","블*싱","",20,6,"202","철근콘크리트구조","(철근)콘크리트",61.51,8.85,1,1
"1120010800102650164","202001","11590-6078","11470-89751","서**별**강** **동**8**1**","11290","10200","1","0429","0001","","",20,3,"201","철근콘크리트구조","(철근)콘크리트",48.32,5.43,1,0
"1138010900100030005","202006","11500-18544","11110-100194899","서**별**용** **동**4**4**","11620","10200","1","0066","0119","루*너*","",20,-1,"301","철근콘크리트구조","(철근)콘크리트",41.06,,1,1
"1171010700101530000","202012","11470-100240749","11215-100235077","서**별**강** **동**9**1**1**","11650","10300","1","0369","0026","","",20,2,"801","철근콘크리트구조","(철근)콘크리트",50.84,10.36,1,0
"1162010200107490007","202009","11320-4932","11380-66292","서**별**용** **동**7**5**","11440","10200","1","0271","0032","대*빌*","102동",20,2,"203","철근콘크리트구조","(철근)콘크리트",51.18,8.35,0,1
"1171010500102800012","202003","11350-10118","11170-100215929","서**별**마** **동**2**8**","11500","13300","1","0251","0020","더*클*식*논*","",20,2,"203","벽돌구조","(철근)콘크리트",34.32,5.94,1,1
"1130510300105350331","202003","11530-100252847","11710-79088","서**별**은** **동**8**7**","11410","10200","1","0530","0010","","",20,2,"701","벽돌구조","(철근)콘크리트",84.95,11.84,1,1
"1147010100109070006","202102","11305-29045","11740-100248444","서**별**동** **진**2**-**","11590","10700","1","0448","0013","중*시*하*츠*라","",20,-1,"205","철골콘크리트구조","(철근)콘크리트",64.92,8.44,1,1
"1132010600106900056","202008","11500-11507","11650-94858","서**별**성** **동** **6**","11380","10700","1","0121","0466","","",20,5,"501","철근콘크리트구조","(철근)콘크리트",35.14,4.68,1,1
"1165010100109540029","202007","11470-20907","11710-129106","서**별**성** **동** **5**","11500","10100","1","1628","0002","M*펠*체","",20,3,"302","철근콘크리트구조","(철근)콘크리트",29.82,8.64,1,1
"1174010800102110001","202006","11500-100301152","11530-93563","서**별**은** **동**5**7**","11440","13600","1","0323","0142","남*빌*","",20,2,"502","철근콘크리트구조","(철근)콘크리트",36.36,6.71,1,1
"1126010100103770016","202104","11530-8419","11500-126826","서**별**은** **동**8**2**","11500","10100","1","0434","0008","","가동",10,2,"501","철근콘크리트구조","(철근)콘크리트",57.99,5.85,1,1
"1156010100106180239","202003","11260-29884","11740-100259556","서**별**서** **동**-**","11290","10200","1","0326","0037","우*하*스","A동",20,3,"101","철근콘크리트구조","(철근)콘크리트",23.72,5.04,1,1
"1168010700105950013","202007","11545-9617","11710-129551","서**별**송** **동**2**","11380","10600","1","1124","0185","","",20,3,"501","철근콘크리트구조","(철근)콘크리트",45.36,7.73,1,1
"1121510500106850005","202009","11545-100197424","11470-102812","서**별**마** **동**9**1**","11380","10100","1","0176","0003","","",20,2,"401","철근콘크리트구조","(철근)콘크리트",63.92,9.28,1,1
"1121510100102590042","202008","11470-18215","11500-80953","서**별**동** **동**1**9**","11380","16200","1","1559","0012","우*월*","",20,1,"101","벽돌구조","(철근)콘크리트",81.63,10.43,1,0
"1150010300110540004","202003","11710-100245634","11305-42349","서**별**광** **동**1**2**","11710","10600","1","0690","0118","","",20,1,"101","철근콘크리트구조","(철근)콘크리트",29.64,4.7,1,1
"1159010200102830155","202011","11215-100252950","11500-82657","서**별**강** **동**1**2**","11680","10100","1","0656","0020","세*하*빌","",20,8,"403","철근콘크리트구조","(철근)콘크리트",13.12,14.01,0,1
"1120010700103060024","202005","11410-25854","11710-164364","서**별**광** **동**5**2**","11170","10100","1","0342","0004","베*트*","두산그린빌라",20,3,"501","철근콘크리트구조","기타지붕",48.93,4.68,1,1
"1153010800100580001","202101","11305-13802","11305-44332","서**별**영**구**등** **0**1**","11200","10700","1","0493","0018","프*임*","미래하이빌",20,5,"202","일반목구조","(철근)콘크리트",30.83,5.84,1,1
"1171010800101280004","202002","11320-100195963","11500-100225154","서**별**강** **동**7**","11305","10300","1","0313","0043","","",20,-1,"301","철근콘크리트구조","(철근)콘크리트",59.82,9.82,1,1
"1129013500100030952","202006","11440-32334","11230-92200","서**별**강** **동**0**-**","11380","10200","1","0376","0000","","",20,2,"702","철근콘크리트구조","(철근)콘크리트",19.7,15.64,1,1
"1171010400100430011","202103","11260-100194130","11440-47500","서**별**금** **동**0**2**","11500","10300","1","0537","0050","V*L*A* *E*D*","A동",20,4,"501","철근콘크리트구조","(철근)콘크리트",61.38,11.364,1,1
"1174010800104210024","202103","11710-5692","11740-100188564","서**별**은** **동**1**3**","11710","10300","1","0456","0005","","",20,5,"지층B01호","벽돌구조","(철근)콘크리트",35.28,11.4,1,1
"1162010200116520030","202009","11650-13671","11620-111213","서**별**중**신** **0**4**","11410","10800","1","0598","0064","다*대*택*4*대*","",20,5,"502","벽돌구조","(철근)콘크리트",45.8,6.14,1,1
"1156013000100880002","202103","11215-100218197","11680-169480","서**별**강** **동**1**7**","11710","10700","1","0613","0008","한*팰*스","1동",20,5,"404","철근콘크리트구조","(철근)콘크리트",137.86,5.17,1,0
"1153010700103330007","202102","11710-8339","11650-100248277","서**별**관** **동**2**3**","11380","10900","1","0250","0011","","",20,6,"301","철근콘크리트구조","(철근)콘크리트",78.32,6.942,1,1
"1147010300110660000","202008","11230-6517","11710-80568","서**별**중** ** **6**","11140","10600","1","0470","0033","나*","",20,1,"102","철근콘크리트구조","(철근)콘크리트",56.98,5.33,1,1
"1171010100102370014","202105","11680-13168","11215-36308","서**별**송** **동**5**3**","11620","10500","1","0774","0014","에*엠*버*","",20,2,"B1","철근콘크리트구조","(철근)콘크리트",50.82,5.14,1,0
"1165010100105280074","202003","11500-27088","11500-93151","서**별**양** ** **8**6**","11680","10200","1","0360","0013","동*그*A","102동",20,1,"201","철근콘크리트구조","(철근)콘크리트",57.54,7.89,1,1
