"PNU코드(PNU)","기준년월(KEYMONTH)","표제부_키코드(PKCODE1)","전유부_키코드(PKCODE2)","본건_주소(ADDRESS)","사례번호(SRNUM)","본건_전용면적(BON_HO_AREA)","사례_주소(SR_ADDRESS)","사례_본번(SR_BUN1)","사례_부번(SR_BUN2)","사례_건물이름(SR_BLDNAME)","사례_거래년월(SR_YYYYMM)","사례_보증금(SR_DEPOSIT)","사례_월세(SR_RENT)","사례_조정_보증금(SR_MOD_DEPO)","사례_조정_월세(SR_MOD_RENT)","사례_건축연도(SR_CON_YEAR)","사례_전용면적(SR_AREA)","사례_층수(SR_FLOOR)"
"1168010800101360019","202001","11740-100226711","11710-100528577","서**별**송** **동**2**1**","1","59.91","서**별**금** **동**","0125","0029","콘*르*","202009",2000,40,5234,39,"2002",40.79,6
"1171011200100760006","202104","11440-100248038","11650-100276623","서**별**광** **동**9**번**","3","63.245","서**별**강** **동**","0098","0025","포*빌","202005",19000,79,4280,89,"1983",29.94,5
"1154510300108490011","202005","11305-13282","11470-123003","서**별**강** **동**6**1**","3","13.37","서**별**송** **동**","0083","0105","인*하*빌","202102",2000,59,6506,56,"2016",29.58,2
"1168010100107740010","202008","11545-1922","11530-115740","서**별**관** **동**4**1**번**","3","76.02","서**별**강** **동**","1559","0002","애*하*스","202002",2000,40,10042,67,"2014",57.6,6
"1165010200103920003","202105","11530-100227724","11215-100226433","서**별**은** **동**5**2**지**","1","53.64","서**별**구** **동**","0012","0005","에*캐*","202001",2500,104,5218,127,"2017",51.27,5
"1129013800102190146","202009","11650-100259534","11680-100202765","서**별**금** **동**6**1**지**","1","37.16","서**별**강** **동**","0020","0012","도*빌*트*5*3*","202106",3000,50,6150,38,"2005",13.7,4
"1168010300112630001","202010","11710-12811","11230-100241014","서**별**강** **동**9**3**지**","1","62.61","서**별**구** **동**","0794","0018","올*푸*(*동*","202001",1500,80,6727,71,"2015",56.56,2
"1168011800104130009","202102","11740-100223370","11740-100258316","서**별**구** **동**4**번**","5","27.71","서**별**성** **곡**","0966","0004","4*-*","202102",15800,70,7233,84,"2016",27.39,3
"1138010800100730002","202003","11380-37023","11380-94097","서**별**강** **동**1**-**지**","4","28.4","서**별**강** **동**","0391","0005","파*플*이*(*1*4*","202011",23000,75,6407,50,"2011",14.04,5
"1153011000100440001","202101","11710-100473402","11530-100201632","서**별**송** **동**0**1**지**","2","53.76","서**별**강** **동**","0152","0013","제*드*","202102",1000,10,3916,44,"2016",62.14,6
"1174010800102260006","202008","11500-100270837","11740-100242926","서**별**도** **동**6**6**지**","1","33.92","서**별**금** **동**","0461","0005","모*하*스*8*4*4*)","202002",17100,85,8183,63,"1993",38.78,2
"1150010300111300007","202101","11710-4347","11260-100220277","서**별**양** ** **3**5**","3","29.74","서**별**금** **동**","0213","0019","까*미*(*4*-*8*","202012",1000,40,11559,109,"2008",54.63,3
"1144012300104540005","202004","11620-24786","11440-100257622","서**별**서**구**가** **2**4**","3","17.04","서**별**관** **동**","0942","0022","인*시*빌*5*3*1*)","202001",5000,60,4106,46,"1985",39.75,4
"1153011000101220006","202005","11215-100239549","11545-100193489","서**별**강** **동**7**7**지**","2","29.49","서**별**강** **동**","0653","0002","(*0*-*)","201907",2000,50,4893,64,"1994",32.97,7
"1130510100107912798","202104","11680-15866","11545-100217726","서**별**은** **동**7**4**","2","35.18","서**별**광** **동**","0353","0025","(*-*)","202007",3000,85,7737,62,"2004",57.4,4
"1171010400100210002","202103","11710-18152","11710-100493504","서**별**관** **동**0**-**번**","2","39.22","서**별**강** **동**","0146","0035","허*빌*5*-*0*","202101",2000,70,5128,61,"2003",18.6,2
"1168010300111740003","202001","11230-100234699","11530-95601","서**별**강** **동**6**3**","1","50.03","서**별**구** **","0479","0086","(*4*-*7*)","202001",23000,70,5303,39,"1991",28.42,5
"1123010600104390009","202105","11590-100223285","11710-60324","서**별**동**구**안**4**번**","4","23.57","서**별**서** **동**","0465","0003","(*6*2*2*)","202008",24200,50,3282,57,"2009",47.86,1
"1144012000104750061","202010","11500-100270917","11380-127701","서**별**양** **동**1**7**","4","49.4","서**별**강** **동**","0260","0006","삼*스*이*","202001",2000,60,7072,64,"2006",39.95,2
"1147010300105160001","202102","11380-100278263","11500-101699","서**별**영**구**평**가**0**번**","3","34.45","서**별**성** **동**","0061","0013","송*빌*","201911",2000,45,7850,57,"2018",46.68,2
"1150010300108700013","202102","11740-100243093","11710-102739","서**별**은** **동**1**1**","2","41.72","서**별**중** **","0292","0002","빌*콘*르*1*","202003",1500,100,2729,39,"2018",29.93,5
"1123010600103170004","202011","11740-100228390","11500-100251879","서**별**금** **동**0**-**6**","3","37.25","서**별**강** **동**","0839","0006","천*빌*","202008",5000,50,3883,47,"2013",46.18,3
"1147010100109310001","202005","11680-10645","11530-100256404","서**별**강** **동**1**2**지**","4","39.93","서**별**중** **동**","0027","0021","로*빌","202007",1000,100,6806,76,"2016",45.54,3
"1150010900105920032","202102","11680-3270","11500-100196826","서**별**강** **동**9**7**지**","4","59.56","서**별**강** **동**","0367","0107","연* *니*빌","202101",300,17,4012,63,"2013",59.95,2
"1138010600102180004","202103","11500-100184313","11500-100308138","서**별**강** **동**0**-**번**","3","54.52","서**별**도** **동**","0708","0000","토*하*스","202003",22000,60,10147,63,"2012",51.98,3
"1147010300109650006","202012","11590-100235644","11740-100242910","서**별**성** **동** **-**번**","2","28.68","서**별**금** **동**","0480","0007","금*트*조*","202011",17000,5,5878,62,"2012",49.78,4
"1171010400100100005","202005","11710-100469102","11650-100264002","서**별**강** **동**8**2**지**","4","48.96","서**별**구** **","0042","0017","제*드*","202105",15000,70,5127,66,"2011",46.62,2
"1150010300109300001","202001","11620-100243693","11500-158049","서**별**강** **동**9**7**지**","1","29.69","서**별**금** **동**","0171","0009","인*하*빌","201907",5000,100,6124,39,"2009",28.245,4
"1144012300104260017","202004","11320-100210675","11230-100212741","서**별**강** **동**7**3**지**","3","16.03","서**별**마** **동**","0375","0017","해*름*티*","201908",3000,80,5304,60,"2015",50.2,4
"1174010800103830012","202102","11305-100233304","11740-100242923","서**별**동**구**안**4**-**지**","4","47.66","서**별**송** **동**","0358","0021","귀*세*빌","202103",30000,35,5390,69,"2008",26.42,3
"1174010700104590042","202003","11380-22156","11470-100224618","서**별**성** **동**3**1**번**","1","70.56","서**별**광** **","0387","0082","트*빌*4*8*2*)","201908",24000,40,7035,55,"2016",64.11,2
"1117011900100050190","202101","11380-100195183","11500-100321182","서**별**강** **동**2**5**","1","65.27","서**별**강** **동**","0862","0030","화*트*라*동","202001",3000,45,6609,45,"2002",40.9,3
"1126010300103270068","202009","11260-13858","11740-100246459","서**별**광** **동**5**4**지**","2","50.52","서**별**강** **동**","0111","0076","청*아*빌","202008",16000,50,4711,59,"2014",49.02,4
"1130510300104000018","202010","11215-100222797","11380-100231706","서**별**강** **동**9**2**지**","4","31.03","서**별**금** **동**","0309","0011","세*넥*빌","201908",10000,30,4732,41,"2014",51.83,3
"1171010800100220008","202008","11530-3212","11545-100216144","서**별**서** **동**3**1**지**","2","59.83","서**별**강** **동**","0507","0031","우*테*빌*1*4*-*3*","202104",5000,6,4823,62,"2012",61.1,3
"1138010800100460033","202004","11440-24563","11530-121813","서**별**마** **동**0**번**","2","22.08","서**별**송** **동**","0393","0018","기*채","202004",2000,30,6387,61,"2015",29.11,4
"1121510500108030003","202101","11560-100218216","11530-100218525","서**별**강** **동**4**6**","1","60.15","서**별**강** **동**","0149","0006","라*브*","201908",4000,65,5154,36,"2016",78.49,2
"1147010300109950022","202004","11680-100221929","11500-100265199","서**별**강** **동**6**2**지**","1","26.88","서**별**양** **","0777","0018","R*U*","202005",5000,70,5982,32,"1995",38.22,6
"1141011900103350005","202001","11500-100232011","11680-66665","서**별**동**구**안**3**-**지**","5","39.86","서**별**송** **동**","0462","0015","(*6*-*)","201910",100,57,5816,77,"2012",48.05,5
"1153010900102130021","202005","11680-1146","11710-100494013","서**별**은** **동**1**7**지**","3","65.25","서**별**관** **동**","0293","0020","역*동*시*생*주*(*9*-*6*","202105",20000,55,4733,100,"2001",42.86,4
"1171010400101020015","202007","11545-6404","11710-103655","서**별**용** **동**-**지**","5","29.82","서**별**양** **","0475","0011","동*빌*","202007",3000,20,4962,66,"2012",59.99,2
"1174010900100820027","202010","11470-4448","11470-100207278","서**별**구** **동**6**1**지**","1","24.3","서**별**광** **동**","0318","0001","조*돌*I*","202012",5000,30,6187,48,"2016",52.61,1
"1174010800104040016","202105","11530-3390","11500-88936","서**별**동**구**안**4**-**지**","2","44.17","서**별**마** **동**","0916","0012","청*평*하*맨*A*(*6*-*)","202012",1500,20,5334,48,"2012",31.65,6
"1147010300104440005","202011","11470-100207446","11305-42192","서**별**영**구**등**2**9**2**번**","1","51.09","서**별**중** **동**","0949","0001","진*푸*지*","202105",2000,60,8200,99,"2003",27.96,5
"1168010100106980026","202103","11545-100193005","11710-175689","서**별**강** **동**2**2**지**","3","29.7","서**별**은** **동**","0256","0078","진*펠*체","202009",1500,65,6735,40,"2015",37.44,5
"1138010800100110029","202004","11380-100251922","11380-100279721","서**별**양** ** **1**2**지**","2","55.7","서**별**송** **동**","0279","0009","예*홈*운","202005",6000,60,4310,96,"2017",34.86,5
"1162010100115620003","202105","11740-3093","11320-100207080","서**별**은** **동**0**3**지**","2","50.27","서**별**송** **동**","0156","0053","한*리*빌*1*6*-*)","202012",20000,14,6203,55,"2012",46.23,5
"1150010300104100217","202104","11500-3589","11740-100242625","서**별**은** **동**1**번**","1","42.57","서**별**마** **동**","1477","0001","모*하*츠*","202003",10000,40,6692,68,"2003",29.85,2
"1171010500102720016","202007","11350-100214335","11560-100225821","서**별**강** **동**9**6**","3","44.52","서**별**금** **동**","0533","0019","해*밸*","202007",2000,79,3726,68,"2017",59.93,4
"1141011900103350026","202006","11290-22727","11680-100222340","서**별**송** **동**4**번**","2","57.36","서**별**양** **","0508","0014","다*빌*","202011",3000,65,4539,73,"2018",46.56,3
"1174010900102330032","202004","11500-100222394","11260-100219792","서**별**구** **동**8**1**","2","29.33","서**별**관** **동**","0160","0000","위*하*스*4*0*3*","201908",10000,60,4494,55,"1993",59.88,5
"1174010700105120008","202012","11590-100223085","11290-100256353","서**별**송** **동**1**번**","5","23.25","서**별**금** **동**","0353","0018","한*주*(*0*1*)","202012",12000,50,5803,41,"1988",33.8,5
"1144012000104820027","202011","11500-1736","11710-100207","서**별**종** **동**3**8**지**","2","78.78","서**별**강** **동**","0190","0072","리*빌","202012",3000,10,3677,92,"2002",43.09,2
"1162010100101480063","202005","11650-10275","11380-100287002","서**별**강** **동**4**6**","1","68.61","서**별**동** **동**","0227","0017","유*온*라","202106",10000,20,4943,71,"2003",43.28,7
"1123010600103930004","202007","11215-100234134","11590-100220053","서**별**강** **동**6**3**지**","2","44.19","서**별**강** **동**","0159","0013","브*운*톤*","202103",5000,20,2206,72,"2017",35.78,2
"1150010300104510015","202104","11710-17523","11545-100194692","서**별**강** **동**6**4**지**","1","74.91","서**별**은** **동**","0061","0113","보*매*","202104",4000,85,7995,189,"2016",65.32,2
"1171010400100430003","202101","11470-100218354","11710-63344","서**별**강** ** **3**번**","5","26.93","서**별**은** **동**","0854","0013","휴*빌*6*0*2*3*","202004",7000,75,5615,120,"1996",51.39,7
"1171010800100250005","202009","11680-732","11530-85137","서**별**서** **동**8**3**","2","38.02","서**별**구** **동**","0955","0014","경*빌*2*","202002",2000,55,9026,50,"2015",46.44,2
"1153011000100440001","202007","11590-100229786","11500-75206","서**별**송** **동**8**번**","2","51.54","서**별**서** **동**","0171","0033","동*빌*","202002",16000,68,5210,61,"2015",53.07,1
"1168010100106810024","202010","11470-100219184","11110-37018","서**별**강** ** **8**번**","4","54.99","서**별**금** **동**","0009","0013","콘*르*","202001",2000,60,5820,42,"2013",60.06,3
"1121510100101260037","202006","11260-100220783","11305-70208","서**별**강** **동**9**7**지**","2","39.31","서**별**강** **동**","0470","0060","인*시*","202001",2000,45,6837,62,"2017",26.59,4
"1129013300104020090","202004","11500-100263615","11200-100213723","서**별**중** **동**3**6**","3","41.42","서**별**구** **동**","0931","0019","신*","201908",2000,50,5137,65,"2012",55.96,2
"1150010300108610033","202012","11740-100253006","11740-100242676","서**별**광** **동**7**번**","2","31.025","서**별**은** **동**","0078","0002","대*빌*","202002",1000,75,5571,58,"2017",50.42,4
"1138010500100250002","202004","11380-100260540","11410-100196746","서**별**종** **동**7**지**","2","48.67","서**별**구** **","1134","0015","월*빌*차","202005",3000,70,6315,42,"2008",57.31,4
"1153010600102500131","202004","11740-731","11710-100235379","서**별**은** **동**7**1**","5","42.94","서**별**양** **동**","0473","0031","리*트","202105",1000,125,5098,73,"2014",52.2,3
"1150010300104880041","202102","11470-7397","11710-164740","서**별**도** ** **5**번**","2","55.46","서**별**송** **동**","0316","0008","(*6*8*3*)","202009",4000,110,5344,65,"2000",44.23,3
"1132010500105080024","202103","11500-11753","11380-100252452","서**별**강** **동**4**2**지**","1","61.08","서**별**동** **동**","0024","0034","국*쉐*빌","202001",8000,45,5000,47,"1987",28.205,4
"1138010900100130033","202009","11440-100223038","11470-100212609","서**별**강** **동**9**1**0**","2","15.29","서**별**노** **동**","1045","0001","브*엘*라","202104",3500,40,5640,54,"2018",46.43,3
"1168010100107740024","202102","11710-100493823","11500-100227436","서**별**송** **동**3**3**","2","29.98","서**별**마** **동**","0864","0004","대*동*딩","202106",2000,45,5068,48,"2002",69.48,3
"1150010300103670003","202010","11740-100258408","11710-100473422","서**별**강** **동**5**4**지**","3","41.14","서**별**도** **동**","0330","0016","정*홈*운","202011",2000,60,7422,71,"2019",29.82,3
"1147010300105160001","202012","11710-8111","11710-93132","서**별**강** **동**3**3**","1","29.87","서**별**강** **동**","0761","0097","브*운*","202008",3000,60,4160,24,"2012",35.27,2
"1138010900100050050","202010","11680-13060","11710-60853","서**별**강** **동**0**8**지**","1","70.26","서**별**성** **동**","0046","0015","월*빌*A*B*)","202003",17000,40,3697,48,"1990",52.89,4
"1174010300101730000","202002","11230-100246821","11380-100271361","서**별**동** **동**9**6**지**","3","57.19","서**별**중** **동**","0391","0082","정*운*","202007",10000,50,8901,56,"1985",43.54,3
"1144012500100500015","202008","11440-100182424","11290-126457","서**별**구** ** **3**1**","2","29.98","서**별**서** **동**","0291","0003","계*빌","202102",11000,50,5725,63,"2004",57.74,4
"1121510500102270279","202105","11620-100268004","11500-100266042","서**별**강** **동**7**3**지**","1","27.67","서**별**구** **","0065","0023","예*팰*스*8*차*1*2*1*3*","202011",13000,50,7634,57,"2015",29.71,2
"1150010300101050374","202103","11440-100182102","11530-100222558","서**별**관** **동**7**-**지**","1","53.16","서**별**서** **동**","1233","0056","대*빌*지","202008",2000,4,2583,63,"2002",46.68,6
"1138010500101730001","202005","11530-100208124","11500-100199555","서**별**구** ** **3**1**","5","63.87","서**별**송** **동**","0394","0057","태*아*리*(*3*2*)","202105",1000,60,5135,55,"2016",42.64,2
"1159010200101590037","202006","11545-3572","11710-100236814","서**별**강** **동**4**4**","1","49.72","서**별**관** **동**","0616","0002","삼*중*빌*","202104",10000,35,5762,60,"2016",50.2,5
"1130510300104680263","202006","11500-3587","11170-100218107","서**별**동** **동**0**5**지**","4","47.28","서**별**양** **동**","0660","0090","금*블*(*-*1*","202009",10000,70,5805,57,"2016",38.01,6
"1117011100101180162","202104","11710-4865","11545-100198290","서**별**강** **동**4**2**","3","44.17","서**별**동** **동**","0249","0014","콘*르*","202102",1000,1,7746,31,"2002",31.15,2
"1165010100110020003","202005","11710-100472562","11440-100250375","서**별**송** **동**6**번**","2","68.53","서**별**강** **동**","1652","0014","예*홈*운","202007",17500,50,6878,64,"2018",28.245,3
"1147010300101220006","202003","11680-4205","11740-104211","서**별**강** **동**4**9**지**","4","42.435","서**별**강** **동**","0313","0029","(*6*-*)","201911",5000,49,5261,67,"2015",29.55,2
"1174010900100480008","202003","11710-100529142","11440-100184575","서**별**영**구**평**가**6**번**","1","44.92","서**별**양** **동**","0299","0000","근*파*빌","201907",16000,30,4165,41,"2016",35.7,5
"1154510100101500014","202105","11500-1737","11305-37338","서**별**동** **1**4**번**","1","60","서**별**은** **동**","0293","1984","브*운*","201910",2000,55,7754,36,"2016",42.98,3
"1153010900102130021","202101","11710-10160","11110-48493","서**별**관** **동**5**-**번**","3","23.56","서**별**영**구**길**","0051","0008","목*베*트*","201909",20000,80,5460,44,"2012",52.48,2
"1168010100106970040","202009","11590-100212999","11215-100211792","서**별**송** **동**0**4**","5","49.76","서**별**중** **동**","0166","0035","우*연*(*1*4*7*","202105",500,60,3907,53,"2015",55.96,4
"1117010100102440102","202003","11710-100479363","11530-109688","서**별**구** ** **4**2**","1","47.78","서**별**강** **동**","0005","0013","헤*티*","201907",8000,50,6656,52,"2011",47.88,2
"1138010400104740009","202012","11320-100210664","11305-73786","서**별**서** **동**4**4**","1","59.82","서**별**노** **동**","0069","0033","하*캐*","202006",17000,25,7163,64,"2015",17.46,2
"1162010100107110016","202010","11500-100197154","11290-100199237","서**별**송** **동**5**1**지**","1","51.82","서**별**노** **동**","0192","0020","아*빌","201908",23000,5,9942,60,"2015",28.83,3
"1150010900105930063","202010","11290-100231095","11305-100212674","서**별**관** **동**6**-**지**","1","42.38","서**별**노** **동**","0504","0001","일*빌*","202007",9000,50,8096,45,"2013",47.71,4
"1150010300110170039","202010","11380-100252132","11500-100184306","서**별**서**구**제**1**-**지**","4","72.72","서**별**성** **동**","0733","0145","바*빌","202106",15000,32,2890,115,"2013",43.09,3
"1168010100106970040","202009","11215-100219968","11560-100209835","서**별**은** **동**9**0**","1","28.98","서**별**송** **동**","0196","0007","청*언*","201911",5000,10,6287,72,"2002",43.54,2
"1138010700100860028","202002","11500-100251853","11410-100183070","서**별**송** **동**7**번**","5","58.17","서**별**강** **동**","0858","0004","로*하*스","202009",5000,70,9082,63,"2013",38.78,2
"1165010200102800011","202103","11530-3190","11530-129836","서**별**구** ** **3**1**","3","61.87","서**별**양** **동**","0004","0005","송*안","202008",5000,32,6481,51,"2009",39.08,2
"1111018400101290044","202006","11260-100252574","11680-100255872","서**별**송** **동**0**번**","3","58.74","서**별**동** **동**","0001","0009","장*","202105",4000,50,5742,71,"2002",47.84,2
"1154510200110150004","202011","11710-9941","11440-100244283","서**별**송** **동**0**지**","1","40.84","서**별**강** **동**","0299","0002","동*스*이*티*","201907",23000,39,5806,57,"2008",50.2,3
"1150010200105330009","202008","11500-100255593","11530-41042","서**별**종** **동**5**지**","3","43.65","서**별**강** **동**","0051","0001","인*시*빌*5*3*1*)","201907",18000,60,6372,70,"2012",40.81,3
"1147010100109520009","202008","11680-100265336","11110-35558","서**별**송** **동**2**2**","5","48.12","서**별**동** **동**","0028","0002","더*라*","202102",15000,60,4127,18,"2016",39.63,3
"1171010800101150013","202104","11710-19925","11230-100242963","서**별**송** **동**0**4**","2","30.07","서**별**강** **동**","1045","0011","궁*빌*","202104",300,40,4366,59,"1985",51.27,2
"1130510100101300104","202001","11740-100241177","11320-24329","서**별**송** **동**2**번**","1","22.19","서**별**강** **동**","0220","0002","인*타*","201910",0,10,2827,64,"2015",78.52,3
"1168010600109540014","202001","11545-100234809","11545-69298","서**별**도** **동**6**번**","1","29.61","서**별**서** **동**","0120","0006","브*뉴*","201908",1400,70,6201,82,"2003",30.03,3
"1121510100101110029","202012","11110-2248","11680-66672","서**별**광** **동**2**지**","2","40.37","서**별**송** **동**","0110","0038","대*빌*-*","202104",8000,50,5699,47,"2004",45.09,2
"1174010900102170061","202006","11380-100256116","11740-100178464","서**별**강** **동**1**-**지**","1","38.23","서**별**성** **동**","0978","0032","쉐*","202009",5000,80,3770,40,"2015",26.29,3
"1153010900102130021","202104","11545-100245271","11320-100204684","서**별**양** ** **4**0**지**","5","24.13","서**별**광** **동**","0926","0069","이*채*나*)","202009",2000,50,6038,91,"2017",38.12,2
"1123010600104380005","202005","11500-100196653","11500-107257","서**별**중** **동**0**5**지**","4","29.73","서**별**성** **동**","0124","0011","청*와*션","202103",26000,10,5860,30,"1985",29.58,6
"1132010700105850011","202104","11260-100238496","11710-100512027","서**별**은** **동**5**5**","5","52.34","서**별**동** **동**","0954","0135","꿈*지*(*6*-*)","202102",1000,40,7068,73,"2002",38.88,3
"1129012300101300005","202011","11710-100508553","11500-100200418","서**별**마** **동**1**지**","2","42.61","서**별**중** **동**","0533","0097","J*J*빌","202005",25000,55,6822,39,"2019",53.01,2
"1171010800100220008","202011","11710-100499621","11380-100271791","서**별**구** **동**5**1**지**","2","52.07","서**별**강** **동**","1124","0045","성*수*채","202101",2000,60,7531,58,"2016",49.56,3
"1153010900102130021","202006","11380-33209","11710-100242043","서**별**종** **1**5**9**","4","57.84","서**별**은** **동**","0326","0050","H*먼*(*0*5*1*","202010",16000,40,5020,60,"2019",56.2,4
"1171010400100090017","202005","11620-18521","11590-100181526","서**별**강** **동**7**1**지**","1","41.76","서**별**양** **동**","0785","0000","세*아*빌*차*B*","202102",2500,30,7637,41,"2015",47.35,3
"1126010100101370005","202105","11440-100254824","11710-100516542","서**별**관** **동**6**2**","1","41.34","서**별**서** **동**","0827","0018","대*타*","202011",2000,70,5696,79,"1996",53.52,3
"1153010800100680021","202009","11740-14512","11710-84310","서**별**강** **동**9**4**7**","1","28.11","서**별**금** **동**","0190","0045","이*아*빌*2*","202006",80,125,5371,53,"2004",81.96,2
"1171010400101320000","202009","11260-100237138","11290-100181468","서**별**강** **동**9**2**","1","83.16","서**별**서**구**가**","0019","0016","주*해*빌","202009",500,68,4118,43,"1993",38.78,3
"1138010900100300035","202009","11500-100235969","11710-100499043","서**별**송** **동**0**1**지**","3","28","서**별**구** **","0354","0005","미*연*5*","202001",34000,50,5046,38,"2016",40.81,1
"1141012000103220014","202002","11215-100226430","11740-100232711","서**별**강** **동**9**1**3**","2","50.32","서**별**관** **동**","0029","0000","영*빌*5*","202003",18500,40,4920,62,"2001",68.2,5
"1154510300109550007","202009","11590-100222758","11230-100225767","서**별**강** **동**6**2**지**","5","48.04","서**별**동**구**안**","0414","0031","이*주*","201907",5000,40,4331,44,"2011",62.38,1
"1138010500100250051","202005","11710-23204","11305-100197140","서**별**강** **동**5**1**지**","2","31.73","서**별**중** **동**","1006","0007","시*맨*빌","202104",9000,42,8454,43,"1991",46.56,2
"1171010600100990007","202104","11320-100207998","11380-100277602","서**별**동** **동**7**2**번**","1","52.87","서**별**양** **","0128","0027","밀*우*","202006",5000,50,7990,66,"2016",51.73,1
"1153011000101560000","202009","11680-14537","11170-83928","서**별**강** **동**6**5**지**","4","43.03","서**별**송** **동**","0382","0001","대*파*타*","201911",10000,100,5237,44,"2018",29.99,3
"1165010100107940028","202008","11740-100258457","11650-100260036","서**별**구** **동**4**4**지**","3","47.38","서**별**서** **동**","0342","0017","대*파*타*","202002",20000,40,5335,65,"1991",68.25,2
"1144012300104860034","202012","11710-100499475","11380-110512","서**별**노** **동**0**-**번**","2","29.92","서**별**중** **동**","0293","0015","태*빌*지*2*8*2*)","201910",7000,50,11068,45,"2007",16.5,3
"1171010100102350015","202006","11215-14376","11500-100314705","서**별**은** **동**2**2**","1","27.35","서**별**은** **동**","0003","0010","대*빌* *차","201908",3000,60,4131,66,"1985",29.58,5
"1153011000100070005","202101","11350-100192553","11590-100231710","서**별**송** **동**4**번**","5","29.95","서**별**노** **동**","0607","0011","그*홈","201907",5000,50,4678,73,"2017",48.66,1
"1141012000103280037","202105","11470-100216466","11620-105119","서**별**도** **동**3**지**","2","186.65","서**별**성** **동**","0229","0012","해*치*(*9*-*4*","202012",200,50,9424,36,"2016",59.21,10
"1153011200100010000","202010","11545-11210","11710-85790","서**별**관** **동**7**8**지**","5","39.595","서**별**강** **동**","0158","0000","(*7*-*)","202008",2000,10,8717,46,"1984",62.38,3
"1174010700104910001","202011","11620-100244487","11305-80636","서**별**송** **동**7**5**","2","53.38","서**별**도** **동**","0741","0008","선*뉴*드*숀*1*2*2*)","202012",5000,40,7197,46,"2001",29.99,2
"1168010100107320010","202004","11470-100211617","11530-102778","서**별**강** **동**4**3**지**","4","56.28","서**별**구** **","0496","0002","바*하*스","201910",29400,15,7974,51,"2003",53.9,6
"1171010500102320019","202104","11545-100200149","11620-100192499","서**별**광** **동**4**3**지**","4","58.02","서**별**강** **동**","0502","0002","동*재","202102",32000,25,5548,91,"2004",65.44,3
"1174010900105740000","202009","11710-100468363","11530-100243077","서**별**성** **동** **6**1**지**","3","57.67","서**별**금** **동**","0667","0018","대*빌*","202001",2000,45,36979,52,"2017",23.58,2
"1138010900100330004","202101","11530-100237814","11470-100212635","서**별**도** **동**1**지**","4","48.58","서**별**은** **동**","0258","0024","(*4*-*2*","202011",3000,70,4289,71,"2013",26.88,3
"1168010100107740033","202002","11110-23080","11545-100233629","서**별**강** **동**2**1**","1","19.87","서**별**은** **동**","0410","0002","현*그*빌","202102",2000,30,7782,80,"2012",56.556,2
"1150010300101590020","202009","11260-100225073","11380-100251093","서**별**은** **동**7**2**","4","28.97","서**별**강** **동**","1083","0016","현*레*나","202010",2000,100,4950,58,"2015",43.95,3
"1174010100102070000","202008","11500-100197023","11380-100274495","서**별**강** **동**7**2**지**","1","59.9","서**별**구** **동**","0774","0032","로*하*츠*9*-*3*)","202007",12000,35,3895,50,"1981",29.935,2
"1153010900101470017","202001","11740-100242144","11500-100265042","서**별**노** **동**0**-**지**","1","14.04","서**별**광** **동**","0635","0003","C*아*채*1*지*","202010",2000,60,7490,79,"1997",50.245,2
"1135010300105890009","202104","11500-27710","11710-150035","서**별**강** **동**2**3**지**","2","44.48","서**별**동**구**안**","0494","0003","두*빌*","202001",5000,60,4424,32,"2016",49.16,3
"1153011000100440001","202008","11230-100214175","11710-165102","서**별**구** ** **3**1**","3","59.15","서**별**동** **동**","0504","0195","미*빌*트","202004",2000,29,5097,46,"2015",56.39,5
"1138010500100170021","202012","11680-100258290","11545-58955","서**별**관** **동**0**-**번**","1","52.47","서**별**구** **동**","0462","0000","로*빌","202105",1000,60,6930,30,"2001",29.94,4
"1171010700100060006","202001","11320-100205364","11710-77217","서**별**송** **동**1**9**","1","48.12","서**별**구** **","0429","0003","성*그*빌","202008",5000,60,6577,84,"2012",51.1,3
"1162010100115150006","202012","11710-100531862","11260-100186676","서**별**송** **동**3**6**","1","29.79","서**별**강** **동**","0693","0000","경*빌*","201911",2000,50,14137,89,"2002",29.97,6
"1121510500106380012","202104","11590-100186790","11545-34279","서**별**은** **동**0**7**","1","25.5","서**별**성** **동**","0094","0024","진*펠*체","202104",6000,5,5818,37,"2019",53.79,2
"1144012300104560004","202009","11710-100499475","11710-100481373","서**별**은** **동**4**6**","4","76.08","서**별**도** **동**","0115","0000","G*n*g*n*1*t","201910",13000,60,4619,106,"2001",51.27,2
"1147010200105000021","202102","11380-100260495","11530-129828","서**별**동**구**안**3**-**번**","4","28.42","서**별**강** **동**","0070","0024","현*그*빌","201907",10000,30,5153,77,"2008",54.6,4
"1147010200107160015","202007","11230-100228668","11260-100223947","서**별**용** **동** **5**번**","1","58.69","서**별**마** **동**","0451","0069","한*팰*스*5*9*7*","202005",2000,60,5267,63,"2019",51.17,2
"1126010200103150019","202005","11545-100195541","11500-100259873","서**별**강** **동**4**1**지**","2","48.96","서**별**강** **동**","0220","0038","G*n*g*n*1*t","202103",30000,60,5354,55,"2006",61.24,3
"1168010100106930031","202008","11305-18190","11545-44305","서**별**강** **동**7**3**지**","1","29.95","서**별**송** **동**","0026","0001","허*빌*5*-*0*","202001",5000,45,4948,50,"2015",50.94,4
"1147010100109250033","202005","11680-100214927","11470-100202310","서**별**마** **동**7**1**지**","3","63.86","서**별**강** **동**","0104","0010","대*파*타*","202002",15000,95,6336,75,"2019",51.39,6
"1174010700104900013","202105","11530-100222313","11620-100226844","서**별**금** **동**0**번**","1","51.65","서**별**구** **","0013","0144","화*빌*(*1*1*)","202103",1000,30,9304,61,"2016",29.88,2
"1121510100106470007","202009","11590-100223487","11500-100332135","서**별**양** ** **1**0**지**","1","51.84","서**별**구** **","0989","0004","타*파*빌*5*-*8*)","202009",5000,40,7009,67,"2016",50.71,1
"1154510100101500015","202002","11500-100226771","11530-100256385","서**별**마** **동**6**번**","1","55.98","서**별**양** **","0234","0001","다*펠*스*동","202010",2000,35,3794,67,"2016",29.96,2
"1132010700106080049","202104","11500-12821","11710-100520625","서**별**강** **동**6**1**지**","4","37.92","서**별**강** **동**","1219","0002","서*스*트*우*3","201907",12000,110,3322,93,"2018",86.92,3
"1138010600102190001","202103","11260-100250767","11500-165557","서**별**은** **동**0**6**","3","56.92","서**별**양** **동**","0911","0002","다*이*빌*2*3*6*)","202006",950,8,9912,89,"1987",28.7,2
"1153010800100470031","202012","11350-3823","11740-100257193","서**별**은** **동**9**6**","3","28.38","서**별**서** **동**","0100","0023","이*그*빌*4*9*2*)","202008",1000,70,5947,85,"2003",48.3,2
"1138010200101680014","202003","11710-100531443","11380-100249262","서**별**동**구**안**3**-**번**","1","79.8","서**별**중**신**","0018","0003","이*부*끄*워","201907",2000,75,2615,24,"2016",46.6,3
"1165010200102800011","202005","11110-29070","11470-100226441","서**별**강** **동**0**1**지**","1","38.73","서**별**동**구**안**","0015","0001","(*5*-*7*)","202001",2000,80,2286,54,"2016",48.4,2
"1168010100106980026","202102","11350-100182085","11215-100195910","서**별**용** **로** **-**번**","2","32.78","서**별**구** **동**","0533","0018","다*씨*아*","202006",10000,50,5615,86,"1993",28.2,3
"1162010100116500023","202104","11590-100238526","11545-22443","서**별**구** ** **3**1**","4","62.34","서**별**마** **동**","0105","0012","담*우*","201909",5000,47,1516,52,"2017",20.79,2
"1159010200101750029","202006","11545-1923","11500-75206","서**별**강** **동**9**7**","1","40.41","서**별**동** **동**","0674","0005","인*시*빌*5*3*1*)","201910",4000,40,5923,74,"2008",56.86,2
"1154510200109850018","202101","11320-4339","11500-106506","서**별**은** **동**-**번**","5","17.07","서**별**동** **동**","0656","0008","삼*렉*빌","202002",15000,55,3025,61,"2016",49.41,4
"1147010100109200002","202102","11440-100184969","11380-100231667","서**별**종** **동**7**번**","3","45.99","서**별**구** **동**","0805","0002","다*림","202104",50000,15,5127,36,"2016",48.56,2
"1121510700100170016","202008","11230-100225753","11260-100233969","서**별**강** **동**6**2**","1","29.94","서**별**송** **동**","1559","0007","은*빌*","201909",9000,60,4984,54,"1999",55.59,6
"1159010900103660064","202007","11680-16299","11380-61906","서**별**광** **동**2**5**지**","4","19.38","서**별**송** **동**","0176","0006","파*플*이*(*1*4*","202102",35000,20,6109,62,"2008",43.65,2
"1132010700106090024","202105","11440-24604","11500-100184407","서**별**강** **동**9**3**지**","2","47.53","서**별**강** **동**","0237","0011","G*n*g*n*1*t","202004",2000,60,3605,70,"2015",45.54,4
"1121510100101310003","202006","11680-2070","11590-100229130","서**별**송** **동**5**5**","3","40.3","서**별**도** **동**","0078","0015","예*팰*스*8*차*1*2*1*3*","202007",3000,20,5469,84,"2014",18.59,3
"1154510300108490009","202101","11650-100259395","11710-100519776","서**별**강** **동**6**0**지**","1","61.22","서**별**구** **동**","0029","0000","가*J*빌","202003",2000,45,5880,51,"2019",36.6,3
"1150010300103990008","202105","11215-100202602","11740-100257887","서**별**양** ** **8**8**","1","51.83","서**별**광** **동**","0229","0000","하*빌*","202104",15000,70,2269,65,"1988",29.56,4
"1171010800101150013","202005","11500-6685","11680-204256","서**별**강** **동**7**2**지**","1","41.18","서**별**용** **동**","0009","0071","단*빌*","202007",1000,30,4010,87,"2020",58.22,3
"1126010500104770005","202006","11470-100229768","11260-100232219","서**별**강** **동**3**6**","4","40.74","서**별**은** **동**","0352","0023","하*빌*","202011",14000,52,7222,76,"2013",45.49,4
"1129013800102380178","202006","11320-100204790","11380-113223","서**별**강** **동**4**9**","1","21.77","서**별**성** **동**","0383","0060","유*러*빌","202102",500,90,6675,45,"2013",77.25,3
"1144012300105190000","202004","11470-100216906","11560-100206210","서**별**은** **동**0**2**지**","3","51.63","서**별**구** **동**","0774","0001","(*1*-*8*","201910",3000,30,4393,46,"2016",29.99,5
"1138010300103310132","202006","11440-31913","11380-100245763","서**별**중** **동**5**지**","2","30.01","서**별**강** **동**","0011","0003","라*빌*지*1*9*1*)","202002",5000,30,5393,62,"2011",55.6,4
"1150010200103650007","202005","11380-39115","11740-98583","서**별**강** **동**3**2**지**","5","26.47","서**별**서** **동**","0155","0006","토*쉐*빌","202006",1000,65,5399,59,"2012",39.16,1
"1126010400102350168","202104","11230-100233984","11500-100264359","서**별**광** **동**9**1**지**","1","47.06","서**별**강** **동**","0180","0007","제*드*","202010",3000,65,6318,77,"2016",84.06,3
"1126010100104460007","202001","11680-100247549","11410-89270","서**별**은** **동**8**번**","4","29.16","서**별**강** **동**","0381","0024","금*리*빌","202010",3000,50,6436,72,"2015",52.2,3
"1138010500102140001","202006","11380-33294","11530-102747","서**별**종** **동**3**1**지**","3","51.12","서**별**강** **동**","0206","0021","선*하*츠","202002",6000,40,5607,53,"1989",36.42,4
"1171010500101660013","202104","11620-100226308","11380-100252306","서**별**마** **동**7**5**","2","59.74","서**별**양** **동**","0691","0013","C*아*체","202006",2000,70,4740,63,"2002",33.82,6
"1123010600103180009","202008","11500-22198","11710-78829","서**별**구** ** **3**1**","4","49.24","서**별**강** **동**","0322","0015","아*테*티","202106",5000,115,9091,77,"1988",28.7,5
"1159010800103790043","202012","11545-100249171","11710-81984","서**별**강** **동**1**2**지**","2","47.62","서**별**은** **동**","0657","0013","대*빌*","202103",5000,50,5647,86,"2002",51.43,3
"1174010800105240008","202006","11710-17524","11545-43403","서**별**송** **동**6**8**","5","29.3","서**별**광** **동**","0710","0055","문*","201910",20000,45,6189,142,"2002",26.55,2
"1153010700103220006","202103","11740-100258304","11260-100245276","서**별**동**구**안**3**-**지**","1","42.22","서**별**동**구**안**","0397","0031","인*빌*(*8*-*1*","202106",5000,60,7669,84,"2017",43.2,3
"1138010800100510002","202006","11710-10648","11110-100200875","서**별**성** **동**8**1**지**","4","40.47","서**별**송** **동**","0172","0063","청*와*라","202009",4000,59,4330,64,"1987",57.62,5
"1123010600103810006","202012","11320-4296","11200-100209688","서**별**은** **동**3**지**","4","160.44","서**별**동** **동**","0366","0016","아*로*","201908",1000,40,7039,54,"2014",26.59,4
"1159010300104570000","202103","11500-100195473","11710-100460898","서**별**은** **동**9**1**지**","3","28.73","서**별**중** **동**","0045","0015","쉼*빌*지*9*3*3*)","202103",2000,70,5050,50,"2009",52.48,2
"1168010600109170021","202012","11740-14518","11380-100247089","서**별**강** **동**7**1**지**","2","30.38","서**별**양** **동**","0167","0014","성*스*팰*스*1*1*1*2*1*3*)","202102",10000,85,6200,61,"2015",40.62,2
"1126010200101020022","202006","11740-100222375","11680-100236102","서**별**중** **동**0**6**지**","4","52.58","서**별**강** **동**","0026","0000","에*스*트*","202002",3000,70,4396,48,"2011",90.24,2
"1174010700104210136","202101","11740-100223392","11590-100217691","서**별**동**구**안**3**-**지**","4","60.24","서**별**서** **동**","0589","0012","하*캐*","201908",3000,20,4700,88,"2011",46.9,3
"1154510300110050000","202005","11710-100525826","11215-100229842","서**별**송** **동**0**7**","1","45.9","서**별**구** **동**","0111","0077","마*레*(*3*-*)","201910",25000,65,16313,122,"1992",36.44,5
"1153010700104940000","202103","11530-100229173","11680-100287597","서**별**강** **산**6**-**번**","1","45.04","서**별**서**구**천**","0370","0002","성*하*빌*4*0*2*)","202004",4000,40,7226,50,"2012",63.45,3
"1130510300105550016","202101","11650-100243889","11530-38831","서**별**동** **동**1**2**","3","29.74","서**별**서**구**희**","0662","0013","(*4*9*4*","202001",14000,75,6155,71,"2002",46.74,4
"1153011200100010000","202009","11230-100216433","11590-102501","서**별**강** **동**7**지**","1","15.54","서**별**마** **동**","0326","0015","기*트*빌","202105",12000,80,5244,39,"2002",60.06,2
"1138010300104470020","202010","11500-100195448","11500-100250692","서**별**금** **동**9**9**","4","25.98","서**별**송** **동**","0873","0000","라*브*","202105",2000,20,7995,67,"2016",28.5,2
"1121510100101750105","202101","11740-100229381","11710-100531369","서**별**은** **동**3**9**","2","51.92","서**별**강** **동**","0132","0059","허*그*","201911",18000,60,3560,60,"2018",34.34,1
"1168010800101360039","202012","11680-13832","11710-100499482","서**별**강** **동**5**2**지**","2","46.51","서**별**서** **동**","0593","0000","현*구*빌*","202103",3000,105,8873,65,"2016",26.64,3
"1138010800100300056","202105","11215-100227018","11230-100225039","서**별**송** **동**1**4**지**","2","52.55","서**별**강** **동**","0475","0015","금*에*스*1*3*","201910",3500,30,6357,74,"2015",45.12,2
"1123010600103930004","202006","11530-100234874","11380-100220690","서**별**구** **동**5**1**지**","2","43.54","서**별**송** **동**","0643","0001","이*빌*지","202001",13000,60,7310,68,"2016",46.59,6
"1150010300108690039","202004","11560-100255847","11530-100207818","서**별**광** **동**4**2**","2","49.84","서**별**송** **동**","0184","0001","그*빌","202012",5000,55,4842,52,"2015",32.56,2
"1130510200104690113","202006","11710-100467622","11320-100203484","서**별**양** ** **1**8**","3","41.3","서**별**영**구**평**가**","0429","0029","미*연*1*동","202102",3000,70,4693,39,"2016",28.93,3
"1171010600101030011","202006","11710-100239406","11500-100184400","서**별**서** **동**9**3**","3","40.48","서**별**도** **동**","0045","0008","(*1*-*0*","202007",3000,59,6571,39,"2013",27.8,3
"1123010400101030445","202101","11380-21833","11650-100223327","서**별**관** **동**9**7**지**","1","48.86","서**별**마** **동**","0018","0008","스*이*","201910",3000,45,5432,76,"2007",26.78,6
"1150010300103510041","202006","11545-3574","11410-100196377","서**별**서**구**희**4**1**지**","4","48.87","서**별**용** **동**","0124","0008","우*팰*스","202006",4000,70,4364,36,"2008",59.93,2
"1123010600104440001","202104","11545-18019","11470-100201908","서**별**영**구**길**9**1**지**","2","142.76","서**별**강** **동**","0609","0047","리*체","202006",15000,65,3719,69,"2016",44.82,3
"1153011000100450032","202002","11500-100196628","11530-122156","서**별**강** **동**3**7**","2","42.8","서**별**광** **동**","0135","0032","우*베*트*","202101",13000,100,4774,70,"2013",51.27,2
"1168010800100740028","202009","11470-14715","11545-34272","서**별**동** **동**0**지**","2","26.29","서**별**강** **동**","0672","0014","월*주* *동*1*-*)","202106",12000,50,5054,44,"2019",50.4,3
"1150010300100560062","202012","11380-100281335","11215-100226558","서**별**중** **동**8**8**","1","28.36","서**별**강** **동**","0329","0015","초*빌*A*B*","202105",3000,70,2568,68,"1989",26.48,2
"1171010800101180017","202012","11680-23290","11470-100227937","서**별**강** **동**1**3**","1","28.5","서**별**송** **동**","0184","0072","신*영*리*2*6","201908",14000,90,4888,39,"2002",30.07,3
"1126010100101390039","202005","11680-4046","11740-100241676","서**별**은** **동**5**8**","1","52.84","서**별**강** **동**","0047","0001","진*펠*체","202101",5000,25,5383,47,"2017",29.99,4
"1121510300100760013","202009","11680-100212527","11380-95253","서**별**금** **동**8**1**지**","1","65.99","서**별**강** **동**","0292","0007","보*스*크","202101",25000,70,4545,87,"2015",31.5,2
"1165010700105860003","202005","11380-100276795","11710-100464930","서**별**광** **동**3**5**","3","58.55","서**별**성** **동**","0326","0007","秀*r*e*V*l*","202105",0,68,9068,91,"2002",47.71,2
"1150010300107930005","202006","11380-17200","11290-100244111","서**별**관** **동**7**번**","4","51.22","서**별**송** **동**","1291","0000","꿈*지*(*8*-*1*","202009",1000,16,4441,53,"2017",22.01,3
"1126010300104560000","202004","11590-100221001","11380-92341","서**별**강** **동**7**2**지**","5","27.96","서**별**도** **동**","0403","0008","신*리*빌*","201912",13560,40,3398,117,"2012",29.82,4
"1135010600101100010","202007","11740-100258560","11590-100219967","서**별**강** **동**5**1**지**","1","29.5","서**별**송** **동**","0011","0015","샬*빌","202010",20000,74,6476,88,"2007",50.47,2
"1154510200108790008","202103","11650-100255534","11590-100222026","서**별**은** **동**1**번**","5","29.78","서**별**강** **동**","0007","0004","무*화*립*동","202001",3000,20,5923,68,"1996",39.89,2
"1153011000100070005","202003","11215-100228587","11545-49189","서**별**중** ** **8**8**","1","68.44","서**별**송** **동**","0881","0061","드*하*츠","202012",2000,50,5145,78,"2007",29.67,3
"1138010800100100054","202002","11500-100224799","11530-109223","서**별**양** ** **3**1**","2","51.1","서**별**동**구**안**","0050","0001","나*스*빌","202011",2000,80,6112,50,"2016",29.27,4
"1154510300109490000","202101","11710-24498","11530-141014","서**별**강** **동**9**2**지**","4","70.83","서**별**강** **","0505","0000","나*빌*1*7*2*)","201910",5000,90,3147,57,"2016",17.93,2
"1153010700103050028","202005","11470-100214966","11500-100197160","서**별**강** **동**1**-**지**","2","36.89","서**별**강** **동**","0059","0022","대*","202105",8000,10,6525,57,"2014",35.61,5
"1138010800100640049","202007","11680-100246956","11320-31394","서**별**구** **동**0**1**","2","46.72","서**별**서** **동**","0367","0038","(*6*-*)","202008",4000,60,5475,75,"2015",45.49,1
"1150010300110440024","202003","11500-100182524","11410-100183172","서**별**송** **동**-**지**","2","53.44","서**별**송** **동**","0287","0005","진*푸*지*","202002",13000,30,4412,61,"2017",51.39,3
"1153010700103580008","202105","11620-100244644","11680-100260235","서**별**은** **동**2**4**지**","5","67.36","서**별**강** **동**","0616","0054","씨*하*스*4*5*1*)","202004",1500,70,8645,82,"2018",52.01,2
"1154510300100030098","202103","11215-100232379","11470-100203092","서**별**광** ** **0**","3","54.83","서**별**광** **동**","1195","0032","퓨*빌*","202008",1500,50,6304,60,"2012",50.2,2
"1165010100109780006","202103","11560-100256868","11530-100212792","서**별**중** ** **9**번**","5","29.03","서**별**용** **동**","0292","0021","스*하*스","202003",7000,100,6407,52,"2017",45.54,6
"1121510500107740008","202010","11530-100215652","11470-100209454","서**별**용** **로** **-**번**","1","49.79","서**별**은** **동**","0091","0041","삼*동*3*-*7","202009",1000,80,4587,52,"2015",29.71,3
"1174010800105150004","202104","11215-100227003","11215-36193","서**별**강** **동**6**1**지**","3","39.4","서**별**송** **동**","0375","0049","힐*리*아*트*1*1*1*2*1*3*)","202004",6000,5,7363,83,"2002",44.89,2
"1168010800101700013","202105","11440-100266344","11440-114232","서**별**강** **동**7**4**","1","54.99","서**별**구** **","0191","0003","신*예*플*스","202003",21000,80,4939,74,"2014",48.33,2
"1150010300100590036","202008","11545-100243425","11440-104686","서**별**강** **동**4**2**지**","4","28.73","서**별**서**구**은**","0037","0098","(*1*-*5*","202005",2000,70,4390,39,"1994",44.21,2
"1165010100100330012","202003","11680-14932","11290-74590","서**별**광** **동**5**2**번**","5","35.15","서**별**동** **동**","0234","0000","청* *동","202001",0,60,5938,138,"2017",29.96,2
"1123010600101380061","202011","11530-1956","11710-122101","서**별**금** **동**4**1**지**","3","22.63","서**별**송** **동**","0220","0038","제*드*","201910",40000,35,3803,48,"2014",26.2,3
"1121510200102480032","202105","11710-100236917","11260-100238106","서**별**서** **동**0**2**지**","4","42.18","서**별**성** **동**","0044","0004","A*a*V*l*a*g*o","202010",2000,65,5815,58,"2020",34.11,3
"1150010300103510024","202006","11305-28743","11305-43018","서**별**도** **동**3**7**지**","5","28.81","서**별**강** **동**","0301","0016","대*","201907",7000,48,2499,64,"2001",44.06,2
"1150010200106470090","202005","11215-100216048","11680-100219814","서**별**양** ** **4**9**","3","63.72","서**별**성** **동**","0092","0001","(*2*-*)","202102",27000,5,8267,107,"2012",30.05,5
"1147010300109650004","202009","11680-14537","11650-100260126","서**별**강** **동**6**1**지**","1","38.82","서**별**송** **동**","0020","0001","(*1*-*2*","202005",5000,65,5190,47,"1987",37.44,4
"1153010900101470015","202011","11740-21466","11680-70670","서**별**중** **동**3**5**지**","4","29.87","서**별**구** **동**","0293","0011","알*타*홈","202101",2000,40,6481,55,"2006",68.34,3
"1153010900102130021","202102","11710-100516982","11440-110831","서**별**동** **동**9**2**지**","1","39.115","서**별**송** **동**","0447","0000","산*빌*동","201907",20000,37,6085,58,"2003",29.82,4
"1150010300108700060","202002","11680-100250389","11230-100216776","서**별**마** **동**5**7**","2","31.92","서**별**마** **동**","0172","0217","(*3*-*)","202106",6000,40,5567,61,"1994",57.19,7
"1144012500102000148","202012","11470-100205077","11530-109241","서**별**성** **동**0**1**번**","1","58.95","서**별**마** **동**","0136","0016","대*미*가*2*0*1*7*","201911",0,50,5709,101,"2016",29.85,2
"1141011800104100039","202001","11470-100207317","11215-100238528","서**별**구** **동**8**1**지**","2","59.81","서**별**은** **동**","0456","0007","드*팰*스","201910",4000,100,3828,82,"2008",25.64,5
"1144012500101310001","202105","11380-100212239","11650-100273518","서**별**강** **동**4**8**지**","1","42.27","서**별**강** **동**","0260","0002","우*빌*","202103",17000,85,30525,81,"2018",25.73,2
"1126010300104550000","202001","11500-100265013","11620-98997","서**별**성** **동** **-**6**","3","81.81","서**별**도** **동**","0246","0011","(*-*)","201912",10000,55,5064,49,"2016",29.94,5
"1147010200107160015","202101","11230-100231653","11260-100221676","서**별**구** **동**6**3**","1","77.31","서**별**은** **동**","0664","0137","스*이*","201908",5000,75,7671,55,"2002",33.53,6
"1147010300100680004","202007","11710-100493905","11500-100238468","서**별**마** **동**0**번**","1","29.35","서**별**은** **동**","0067","0015","시*빌*I*3*0*1*7*","202103",10000,80,6731,40,"2016",32.24,4
"1171010700101710012","202002","11410-26174","11260-100245538","서**별**강** **동**1**3**지**","2","35.75","서**별**성** **동**","0102","0029","제*드*","202002",3000,45,4431,106,"2013",158.55,2
"1171010800100940008","202007","11500-3586","11440-100184148","서**별**강** **동**3**3**지**","1","51.08","서**별**금** **동**","0124","0044","헤*티*","202001",2000,5,6709,50,"2003",57.74,4
"1159010200102990168","202011","11380-100247977","11710-100239493","서**별**중** **동**1**1**지**","5","51.47","서**별**강** **동**","0834","0036","아*리*빌*D*,*동","202008",3000,70,4211,73,"2008",34.45,4
"1165010100107680007","202010","11500-100195624","11740-100221081","서**별**은** **동**5**7**","2","55.79","서**별**마** **동**","0233","0007","한*위*스","202001",3000,50,9766,79,"1985",59.24,3
"1130510100102580554","202009","11620-24786","11380-100212245","서**별**은** **동**6**9**","3","30","서**별**관** **동**","0022","0002","코*소*","201911",2000,80,4667,48,"2016",37.17,2
"1138010400104960033","202007","11380-5675","11740-100190713","서**별**성** **동**2**1**","4","45.95","서**별**강** **동**","0558","0016","로*빌","202010",500,57,7872,72,"2016",46.98,4
"1165010200100070020","202008","11230-100225033","11260-100238482","서**별**강** **동**7**5**지**","3","37.15","서**별**금** **동**","0443","0039","선*하*츠*","202003",10000,70,22270,42,"2016",29.98,5
"1150010300103760033","202005","11710-100493894","11500-100205918","서**별**중** **동**0**5**지**","1","52.45","서**별**영**구**산**가**","0676","0050","이*트*","202001",15000,60,3602,62,"2014",93.57,2
"1138010800100390009","202003","11500-100337334","11650-100246036","서**별**강** **동**7**2**지**","2","47.52","서**별**강** **동**","0860","0002","옥*","202008",7000,10,5824,60,"2012",39.09,2
"1171011100101450021","202001","11560-100206192","11680-100278587","서**별**광** ** **2**6**","2","29.97","서**별**강** **동**","0072","0001","우*연*","202104",5000,30,6686,48,"2019",50.07,3
"1111018400101820027","202104","11710-100469422","11380-100290074","서**별**구** **동**-**지**","1","29.58","서**별**구** **동**","0105","0002","세*예*안*차","202004",13000,6,3911,45,"2002",24.15,3
"1165010200102550004","202003","11380-100273604","11380-100221111","서**별**강** **동**9**1**지**","2","20.7","서**별**광** **동**","0056","0030","금*빌","201910",29000,85,5548,90,"1999",19.24,3
"1132010700105780055","202009","11500-100267142","11590-100194340","서**별**강** ** **6**7**","1","41.65","서**별**광** **동**","0668","0001","샤*인*리*(*1*-*)","202012",21000,45,6036,66,"2012",29.96,2
"1144012000100050010","202011","11170-100216919","11350-100190724","서**별**구** **동**5**1**지**","4","16.35","서**별**광** **동**","0281","0003","(*0*5*0*","202011",12000,70,5736,67,"2015",48.84,2
"1159010700103160257","202105","11260-100252585","11680-178083","서**별**도** ** **8**4**","3","58.41","서**별**광** **동**","0150","0020","우*빌*","201909",10000,15,7889,81,"2014",35.52,4
"1154510300108340017","202104","11470-100197226","11470-115374","서**별**송** **동**7**1**지**","1","73.91","서**별**양** **","0045","0003","창*빌*","202006",2000,34,6791,99,"2014",28.47,5
"1126010100105430009","202103","11530-10369","11740-100221394","서**별**서** **동**0**6**지**","5","32.13","서**별**중** **동**","0115","0003","베*트*우*","201908",3000,70,3568,36,"1985",60.06,3
"1150010200105330009","202001","11470-100222263","11290-100211886","서**별**광** **동**5**1**번**","3","29.99","서**별**동**구**안**","0442","0006","대*하*빌","202105",2000,40,5576,66,"2015",25.02,4
"1154510200110060200","202001","11590-100223585","11530-100204205","서**별**금** **동**4**8**지**","1","49.16","서**별**강** **동**","0639","0031","미*쉐*빌","202006",3000,65,6907,136,"2014",42.97,6
"1130510100107912172","202001","11380-100309355","11110-100208116","서**별**송** **동**4**2**지**","5","80.13","서**별**강** **동**","0040","0102","월*주* *동*1*-*)","202004",5000,45,4969,64,"2017",53.9,4
"1144012000100010004","202002","11410-100212922","11740-100172602","서**별**송** **동**7**지**","1","53.44","서**별**금** **동**","0616","0037","조*빌","202001",1000,60,4195,55,"2003",21.56,2
"1138010400104350017","202005","11470-20932","11170-100218281","서**별**서**구**은**4**-**번**","1","57.18","서**별**송** **동**","0517","0015","플*워*Ⅱ","202002",200,49,7775,107,"2017",54.86,4
"1150010300101050128","202005","11530-3191","11680-100258940","서**별**금** **동**7**2**","4","41.68","서**별**구** **","0014","0003","태*타*","202104",1000,20,5288,68,"2014",59.27,2
"1147010300104200008","202103","11470-100207825","11740-69212","서**별**도** **동**5**4**","3","44.49","서**별**강** **동**","0152","0084","파*빌* *동","202005",9000,70,6772,64,"2015",42.35,5
"1171011200101180000","202002","11380-100227474","11320-24051","서**별**강** **동**5**1**지**","4","75.48","서**별**양** **","0866","0003","마*아*빌*","202104",23000,10,5424,75,"2014",75.66,4
"1150010300101050090","202004","11500-100266046","11440-108983","서**별**송** **동**1**3**","2","49.95","서**별**마** **동**","0767","0018","중*하*츠*라","202102",12000,60,5255,44,"1999",30.59,3
"1126010100101850145","202001","11590-100216018","11260-100237704","서**별**도** ** **9**","4","60.74","서**별**금** **동**","0004","0026","힐*우*(*7*-*2*","202005",5000,15,3377,81,"2012",55.61,4
"1154510300110050000","202002","11740-100220928","11650-100275382","서**별**광** **동**3**2**지**","4","45.92","서**별**성** **동**","0928","0033","E*o*V*u","201909",15000,50,5862,89,"2013",70.33,2
"1168010800101330006","202006","11740-100213657","11320-100184831","서**별**강** **동**2**번**","2","29.5","서**별**광** **동**","0003","0022","G*n*g*n*1*t","202008",12000,80,2511,37,"2018",25.82,4
"1162010300110830039","202010","11530-3178","11530-100227589","서**별**강** **동**0**6**","2","46.01","서**별**송** **동**","0136","0014","(*2*1*)","202004",1000,75,5661,41,"2014",57.19,5
"1171010800100930018","202011","11545-3548","11710-61708","서**별**강** **동**6**2**","3","34.32","서**별**강** **동**","0299","0020","(*2*5*","202006",30000,80,3683,62,"2017",29.69,2
"1153010800100810201","202007","11710-100469422","11380-100284181","서**별**동**구**안**4**번**","3","34.95","서**별**구** **동**","0378","0002","금*하*츠","202005",10000,48,5834,74,"2013",48.23,3
"1153010600100480014","202003","11650-100276376","11500-61904","서**별**구** **동**5**2**","5","42.87","서**별**서** **동**","0221","0010","태*","202005",13000,20,8456,45,"2016",24.22,6
"1132010700105850011","202103","11590-100214456","11560-118136","서**별**송** **동**2**1**지**","2","29.98","서**별**송** **동**","0094","0025","성*빌*5*","201911",10000,75,2790,35,"1991",46.6,2
"1144012400105640042","202103","11590-100228525","11215-100228724","서**별**구** **동**5**1**지**","1","29.92","서**별**동** **동**","0045","0000","쉐*빌","202012",9000,30,3593,65,"2018",44.29,3
"1150010300103300030","202006","11545-100245531","11215-100206189","서**별**용** **로** **3**","2","58.95","서**별**성** **동**","0964","0015","로*펠*스","202003",3000,35,6079,59,"2001",33.29,4
"1150010300101590017","202008","11260-100222039","11740-100178442","서**별**관** **동**7**1**번**","1","59.76","서**별**용** **동**","0068","0249","신*우*","202001",1000,35,7219,90,"2016",48.84,3
"1123010600101200008","202009","11215-100230189","11740-100247678","서**별**금** **동**9**1**지**","1","57.71","서**별**중**신**","0158","0002","엘*시*2","202103",11000,10,5038,54,"1990",27.99,2
"1174010500104070001","202003","11440-100183538","11530-41125","서**별**양** **동**6**1**지**","2","53.14","서**별**강** **동**","0808","0085","(*3*9*","202101",1000,60,3533,102,"2014",35.86,5
"1153010800101520013","202004","11290-32183","11230-108291","서**별**동** **동**7**2**지**","2","40.02","서**별**중** **동**","0864","0009","진* *클*스","201907",3000,70,4794,51,"2017",30.1,1
"1138010800100740040","202101","11260-100237772","11470-100205580","서**별**은** **동**1**1**","2","71.82","서**별**양** **","0690","0011","에*랄* *차","202103",3000,50,5635,66,"2008",48.48,4
"1121510100101750105","202006","11650-100259395","11710-100499619","서**별**강** **동**3**2**지**","4","27.7","서**별**강** **동**","0088","0012","구*아*빌*7*","202006",2000,60,4386,35,"2016",50.2,3
"1156011100104580000","202007","11680-100215950","11650-100260423","서**별**강** **동**9**5**지**","1","59.76","서**별**광** **동**","0492","0011","금*빌","202004",12000,60,6065,39,"2015",29.99,6
"1154510100107780000","202102","11110-29070","11260-100250766","서**별**양** **동**0**-**번**","1","19.74","서**별**금** **동**","0068","0050","순*린*","202006",4000,80,6975,45,"2014",86.92,2
"1156010300100940154","202007","11710-100228101","11710-100471379","서**별**은** **동**5**2**지**","1","51.15","서**별**강** **동**","0725","0060","예*","201907",5000,30,4814,28,"2018",33.49,2
"1138010300104470020","202007","11470-100208786","11260-100238321","서**별**마** **동**0**2**번**","3","24.04","서**별**성** **문**가**","0024","0052","가*빌*지","202004",9000,45,5240,200,"2019",59.99,4
"1138010600102190001","202102","11320-9114","11680-100252859","서**별**은** **동**3**번**","1","33.12","서**별**은** **동**","0477","0036","오*지*우*","202012",7000,59,6031,58,"2016",51.73,4
"1174010500102280005","202104","11530-1955","11290-100233167","서**별**서** **동**5**-**지**","4","47.45","서**별**중** **동**","0719","0192","서*풀*크*","202003",3000,60,2490,67,"2016",47.4,2
"1171010400101170016","202005","11710-23149","11260-100215523","서**별**강** **동**1**8**","1","52.2","서**별**성** **동**","0266","0011","브*뉴*","202106",29000,45,4812,43,"2008",29.75,5
"1171010400100430003","202102","11560-100205125","11530-100211767","서**별**중** **동**7**4**지**","4","51.45","서**별**양** **동**","0041","0008","세*캐*","202101",8500,29,6338,92,"1992",48.52,2
"1171010100102450006","202104","11650-100245664","11470-100224059","서**별**금** **동**5**1**","4","26.47","서**별**금** **동**","0145","0155","대*도","202009",500,60,2990,58,"2015",30.14,3
"1168010100107800041","202105","11650-6706","11380-100287457","서**별**송** **동**0**7**","1","30","서**별**동** **동**","0371","0004","삼*스*트*","202004",1000,4,6636,72,"2011",51.12,5
"1154510300109640014","202003","11440-16478","11710-100526637","서**별**광** **동**7**1**","2","60.48","서**별**관** **동**","0553","0001","금*블*(*8*3*)","202008",13000,84,3756,58,"2009",28.7,3
"1171011200101480001","202007","11650-100245655","11710-100189683","서**별**강** **동**2**2**","4","26.93","서**별**관** **동**","0424","0011","금*빌","202006",3000,72,5448,55,"2013",59.76,2
"1126010100102970010","202009","11305-100182864","11440-100254002","서**별**성** **동** **2**번**","2","35.95","서**별**강** **동**","0299","0096","인*빌*지","202002",4000,45,2665,61,"2014",46.56,3
"1144012000104570016","202105","11680-9239","11500-100198508","서**별**양** **동**9**1**지**","2","58.23","서**별**구** **동**","0122","0001","시*맨*빌","201911",2000,50,5031,77,"2003",28.71,3
"1165010100100120002","202104","11620-100218281","11740-100229484","서**별**관** **동**4**-**지**","1","37.5","서**별**송** **동**","0028","0014","삼*렉*빌","202004",3000,85,6890,54,"1986",51.39,3
"1174010700104460026","202105","11710-17245","11500-109318","서**별**동**구**안**3**-**지**","3","29.12","서**별**동** **동**","0728","0006","대*빌*(*2*9*6*","201908",13500,55,5713,59,"1988",48.88,3
"1171010400101450010","202011","11215-100232247","11590-100229133","서**별**강** **동**3**5**","2","46.51","서**별**노** **동**","0188","0139","서*스*트*우*","202102",1000,60,5692,43,"1996",29.32,1
"1144011300100160001","202009","11740-100248625","11680-100222570","서**별**강** **동**7**1**지**","2","46.06","서**별**마** **동**","0115","0006","동*","201911",3000,50,5230,40,"2016",29.88,2
"1121510300100590020","202102","11470-100219059","11530-109208","서**별**강** **동**1**2**","3","29.95","서**별**은** **동**","0532","0037","소*밸*(*0*-*)","202104",3000,65,5211,75,"1999",29.66,5
"1141011700100010023","202101","11500-100222603","11710-93746","서**별**송** **동**4**1**지**","3","84.898","서**별**강** **동**","0671","0060","월*빌*차","202006",15000,75,4569,69,"2015",19.27,2
"1150010300103300025","202104","11620-100237653","11410-90833","서**별**마** **동**3**1**지**","3","29.76","서**별**강** **동**","0518","0009","헤*하*스","202105",1000,45,4774,46,"2001",39.63,3
"1174010800104170015","202008","11680-100217989","11710-100242285","서**별**송** **동**4**1**","2","25.11","서**별**광** **동**","0448","0003","대*빌*","201911",5000,115,4075,95,"1994",54.65,5
"1123010600103460021","202101","11530-100191115","11545-100214059","서**별**종** **동**0**","3","35.29","서**별**금** **동**","0393","0003","레*나","202103",2000,80,6030,89,"2018",29.65,2
"1150010300110810000","202012","11500-100205457","11380-100277771","서**별**관** **동**5**6**지**","4","60.1","서**별**강** **동**","0022","0029","미*쉐*빌","202104",13000,60,7303,70,"2017",34.64,3
"1144012500100030038","202006","11260-100226444","11230-100218254","서**별**서**구**천**9**5**지**","1","52.24","서**별**동**구**안**","1050","0072","(*9*-*)","202002",2000,55,4519,107,"2015",49.84,1
"1132010500100800022","202002","11545-100201415","11320-100212725","서**별**관** **동**6**-**번**","1","27.47","서**별**서** **동**","0333","0353","안*빌","201912",10000,63,6732,141,"2011",56.58,4
"1159010900103420065","202004","11215-100220498","11620-85107","서**별**도** **동**9**3**","1","29.85","서**별**강** **동**","0117","0006","해*트*움","202003",8000,45,5809,39,"2016",29.945,3
"1171010400101180025","202004","11305-29106","11710-133105","서**별**마** **동**3**1**","1","56.4","서**별**은** **동**","0067","0086","디*빌*지","202005",2000,34,5005,36,"1984",46.68,3
"1150010200105330009","202103","11440-100260680","11545-44919","서**별**송** **동**8**7**","5","16.75","서**별**구** **동**","0809","0079","세*빌","201910",15000,30,4387,59,"2002",43.74,2
"1171010400101160002","202101","11740-100242738","11590-100223011","서**별**강** **동**6**3**지**","1","56.3","서**별**강** **동**","0974","0023","북*산*리*(*0*,*0*동*","202011",2000,70,6515,77,"2002",29.89,3
"1138010500100150019","202002","11470-2730","11620-72318","서**별**강** **동**3**1**지**","4","63.18","서**별**동** **동**","0056","0033","정*운*","202004",14000,55,5474,70,"2016",49.63,2
"1168011800108930001","202004","11530-100197374","11620-93877","서**별**성** **동**2**2**번**","1","41.29","서**별**은** **동**","1026","0008","휴*무*","202002",2000,40,5928,44,"2008",40.44,4
"1159010200101750029","202009","11410-17612","11530-100234885","서**별**강** **동**8**1**지**","2","41.51","서**별**동** **동**","0834","0004","에*랄* *차","201907",1000,55,4794,42,"2014",49.2,2
"1123010600104300013","202012","11440-100250370","11440-100254831","서**별**강** **동**9**4**지**","2","49.38","서**별**강** **동**","0115","0007","마*레*(*3*-*)","202007",10000,20,10784,41,"2003",129.84,3
"1132010700106090146","202104","11680-10656","11710-100493901","서**별**광** **동**2**7**","5","39.12","서**별**성** **동**","0100","0013","(*8*-*5*","202003",15000,64,5377,45,"2002",68.45,3
"1174010500102280005","202103","11260-100182337","11530-33644","서**별**송** **동**4**2**지**","1","46.25","서**별**서** **동**","0222","0077","다*2*","201909",3000,32,4090,88,"2017",57.65,6
"1171011400100870019","202009","11305-14248","11380-100214099","서**별**영**구**평**가**0**번**","5","51","서**별**금** **동**","0466","0017","(*5*-*7*)","202009",3000,105,4427,70,"2002",41.32,4
"1121510500106250023","202011","11545-100246992","11680-100218658","서**별**동** **동**1**5**","3","244.96","서**별**중** **동**","0247","0000","(*5*-*4*","201911",10000,50,5592,45,"2002",28.25,4
"1171010600100570007","202002","11170-4738","11140-100206392","서**별**강** **동**7**지**","5","48.88","서**별**은** **동**","0544","0013","우*(*0*-*외*","202008",12000,60,4103,58,"2014",43.625,4
"1150010200105100002","202104","11305-13285","11710-100518009","서**별**강** **동**2**1**","4","41.62","서**별**구** **동**","0017","0015","하*징*브*A*","202106",15000,122,5883,72,"2001",29.75,4
"1165010100105930073","202009","11500-3589","11290-100215906","서**별**성** **곡**7**4**지**","4","42.62","서**별**강** **동**","0094","0009","삼*드*빌","202002",4000,65,6063,71,"2017",65.64,2
"1162010200116640025","202005","11440-32474","11530-36266","서**별**강** **동**0**2**번**","5","49.33","서**별**도** **","0942","0015","호*빌","201912",15000,25,3386,44,"2004",60.06,3
"1138010400105160010","202011","11590-100227465","11500-100267602","서**별**영**구**길**2**-**번**","2","28.7","서**별**강** **동**","0081","0017","그*파*빌*5*1*6*","202101",500,60,4923,69,"2014",35.36,2
"1150010300100560370","202006","11530-100222054","11650-100259293","서**별**구** ** **1**번**","5","32.5","서**별**은** **동**","0003","0031","진*아*빌","201909",1500,71,4431,65,"2001",43.18,2
"1156013000100650000","202006","11500-3589","11230-100246569","서**별**도** **동**1**지**","5","27.85","서**별**구** **동**","0003","0004","(*4*-*1*","202003",8000,70,4571,54,"2011",84.73,2
"1171011400101590217","202003","11590-100232406","11305-100183158","서**별**강** **동**7**1**번**","1","50.22","서**별**강** **동**","0256","0003","休*h*u*e*","202010",28500,75,6432,63,"2001",53.37,2
"1171010800100080010","202103","11230-100246799","11260-100197948","서**별**서** **동**5**4**","1","54.03","서**별**양** **","0297","0000","베*하*스","202007",2000,60,5238,41,"2014",45.4,4
"1162010200106080007","202104","11545-8679","11470-108741","서**별**강** **동**5**6**","3","49.19","서**별**강** **","0544","0008","금*주*","202002",8000,50,5217,44,"2016",28.81,1
"1141011900100050069","202010","11230-100218493","11710-100503909","서**별**동**구**안**4**-**지**","4","59.75","서**별**금** **동**","0061","0002","(*3*-*1*","202001",5000,50,3160,64,"2019",61.88,2
"1153010600102410148","202104","11680-100222020","11380-100237939","서**별**강** **동**2**-**번**","3","58.35","서**별**강** **동**","0313","0034","신*팰*스","202103",1000,18,4976,41,"2018",63.57,2
"1121510500102250045","202011","11500-100249165","11470-100209240","서**별**양** ** **3**번**","3","68.46","서**별**양** **동**","0068","0016","한*빌*B","201910",1000,60,4918,64,"2009",51.54,17
"1121510300102360009","202101","11380-100245770","11620-115762","서**별**성** **동**3**9**지**","1","48.24","서**별**종** **동**","0966","0010","두*빌*","202104",12000,50,6032,55,"2007",63.21,3
"1150010300103460092","202004","11215-100253111","11290-120557","서**별**구** **동**0**7**","1","32.72","서**별**송** **동**","0045","0069","성*하*빌*4*0*2*)","201907",5000,60,5009,50,"2009",29.78,2
"1138010500100160042","202104","11650-100275375","11470-100206802","서**별**송** **동**9**1**","4","44.49","서**별**송** **동**","0436","0006","현*빌*지*6*3*6*)","202007",12000,50,8221,48,"1999",24.84,5
"1150010200105100002","202004","11590-100240594","11215-100181900","서**별**종** **동**5**1**","1","41.32","서**별**강** **동**","0056","0010","삼*빌*지","202009",1000,80,5135,103,"2003",49.24,2
"1126010100105500032","202005","11500-12500","11110-32368","서**별**중** **동**2**2**번**","3","38.28","서**별**광** **동**","1015","0002","토*아*스*","201910",15000,50,5044,41,"1996",53.55,3
"1174010900101130022","202008","11470-13686","11620-100233107","서**별**중** **동**3**1**번**","3","59.04","서**별**성** **동**","0030","0139","영*타*","202104",5000,70,4865,48,"2016",33.11,2
"1141011900103160024","202004","11590-100226885","11740-100250545","서**별**광** **동**4**9**","4","27.93","서**별**송** **동**","0015","0008","현*에*빌*1*3*4*)","202012",5000,40,8599,32,"2016",36.96,2
"1168010800101820006","202101","11740-100216609","11740-100216463","서**별**마** **동**3**1**지**","5","58.65","서**별**중** **동**","0856","0002","G*n*g*n*1*t","202105",3000,50,5587,74,"1995",34.2,3
"1153010900102130021","202001","11380-33363","11545-100240640","서**별**관** **동**7**번**","1","27.56","서**별**송** **동**","0484","0039","E*o*V*u","202104",20000,2,9111,78,"2015",63.5,3
"1154510300107960019","202001","11590-100221865","11500-88568","서**별**구** ** **3**1**","3","54.02","서**별**송** **동**","0287","0015","태*아*리*(*9*3*)","201910",5000,30,6147,37,"2016",41.32,1
"1126010100101450061","202105","11260-100210049","11500-100181681","서**별**구** **동**8**1**","5","19.678","서**별**영**구**산**가**","0111","0244","삼*타*빌","201910",200,70,2988,156,"2016",24.84,2
"1120010700101680002","202002","11320-100209795","11380-100228748","서**별**도** **동**6**1**지**","1","52.86","서**별**광** **동**","0022","0009","선*하*츠","201908",2000,40,4588,93,"2016",25.26,1
"1159010700102800001","202003","11710-4430","11530-63274","서**별**구** **동**2**6**","2","47.34","서**별**강** **동**","0167","0010","성*주*","202101",19000,50,4005,134,"2012",52.5,3
"1150010300111300007","202102","11500-25151","11680-132800","서**별**광** ** **3**0**","3","69.06","서**별**중** **동**","0152","0038","태*아*빌","202003",5000,55,5049,72,"2003",29.96,1
"1159010200101880025","202008","11440-21631","11470-100229487","서**별**송** **동**0**2**","5","29.27","서**별**양** **","0004","0012","토*아*스*","202012",3000,10,6173,63,"2015",51.29,3
"1174010500104070001","202101","11470-100220682","11710-176310","서**별**양** **동**2**8**","2","47.72","서**별**관** **동**","0164","0004","조*하*모*딩","202101",3000,60,2924,71,"2014",29.98,2
"1153010800100030028","202101","11710-100504216","11290-100233699","서**별**양** **동**5**2**지**","1","49.62","서**별**도** **동**","0044","0031","우*하*츠*","202003",2000,7,9726,70,"2015",14.46,3
"1171011100102100001","202101","11680-100212387","11170-100209741","서**별**마** **동**9**6**","1","60.48","서**별**은** **동**","0927","0001","금*펠*스*0*동*0*동","202009",4000,80,6126,60,"2015",79.56,3
"1153011000100450032","202012","11500-24618","11305-100220020","서**별**은** **동**8**3**","1","28.45","서**별**송** **동**","0555","0003","팰*스*운*4*1*1*)","201909",1000,18,2924,71,"2002",58.87,2
"1150010300100560604","202104","11230-100246186","11560-100229261","서**별**도** **동**6**6**지**","3","27.67","서**별**동**구**안**","0268","0029","(*1*-*6*","202102",1000,60,3649,43,"2001",59.37,3
"1165010100109140018","202008","11305-100217305","11350-100209736","서**별**관** **동**9**1**번**","5","58.16","서**별**양** **","0204","0045","남*주*","201911",30000,85,3871,35,"2016",46.49,2
"1162010100115590005","202010","11500-25151","11500-100259846","서**별**강** **동**7**1**지**","5","41.38","서**별**송** **동**","0451","0172","(*6*-*2*","202005",10000,70,4016,59,"1987",67.68,2
"1121510100102110024","202104","11305-100211655","11260-100248357","서**별**강** **동**5**1**지**","1","35.93","서**별**마** **동**","0560","0013","(*7*7*","202010",7000,30,4404,45,"2012",54.6,1
"1156010500101170002","202009","11680-20542","11560-100226121","서**별**강** **동**4**2**번**","5","48.4","서**별**송** **동**","0741","0006","힐*우*","201908",5000,10,4892,73,"2019",53.42,2
"1138011000200100022","202102","11710-14959","11680-100257813","서**별**구** ** **7**번**","1","117.22","서**별**중** **동**","0860","0031","미*주*","202103",10000,40,2471,61,"2018",59.24,2
"1135010500103890230","202102","11380-100252918","11215-100222178","서**별**송** **동**2**1**지**","4","36.99","서**별**강** **동**","0470","0249","(*9*8*","202009",3000,60,4873,74,"2012",25.82,5
"1174010900102210051","202006","11545-100213237","11320-46386","서**별**서**구**은**4**-**번**","2","25.79","서**별**관** **동**","0105","0217","한*스*이*","202101",20000,40,4219,67,"2019",40.77,3
"1129013900100420011","202101","11500-100321156","11680-100216583","서**별**강** **동**2**5**지**","2","53.58","서**별**금** **동**","0341","0005","로*빌","202001",1000,50,5184,85,"2016",55.71,3
"1168010100106600027","202007","11470-100218522","11710-69888","서**별**은** **동**7**1**번**","2","40.74","서**별**은** **동**","0200","0017","테*캐*","202011",12000,54,3458,56,"2012",26.37,3
"1174010900100520015","202105","11560-100218216","11620-100210616","서**별**광** **동**3**6**지**","4","45.83","서**별**송** **동**","1271","0007","동*파*빌","202002",200,10,8090,68,"2017",45.64,5
"1171010600101690007","202012","11530-3378","11680-100265449","서**별**광** ** **3**0**","2","47.69","서**별**서** **동**","0948","0009","베*하*스*","201912",1000,30,5305,48,"2012",28.73,3
"1129010100101450020","202006","11470-100216733","11320-100204546","서**별**강** **동**4**4**","2","45.15","서**별**송** **동**","0873","0009","M*I*A*M*안*","202009",3000,80,5022,51,"2002",45.18,1
"1147010200104980018","202011","11470-100205701","11470-131549","서**별**마** **동**7**5**","1","41.04","서**별**노** **동**","0519","0003","공*대*o*s*","201909",3000,2,4164,55,"1992",50.58,2
"1153010900101870023","202003","11380-100252797","11500-100306936","서**별**송** **동**1**4**","1","30.24","서**별**강** **동**","1209","0014","(*5*2*)","202004",3000,60,5246,62,"2008",29.85,2
"1150010300109820012","202010","11680-100295943","11470-132221","서**별**동** **동**1**4**번**","1","59.34","서**별**송** **동**","0519","0004","두*베*티*","202004",3000,85,5594,61,"2002",52.13,3
"1171010400100880017","202105","11560-100225800","11590-100229134","서**별**양** ** **3**8**","4","44.81","서**별**강** **동**","0040","0008","보*닉*운","201910",8000,70,6112,45,"1985",29.09,3
"1150010300100560387","202101","11500-100199953","11620-100237914","서**별**구** **동**1**2**","1","37.65","서**별**은** **동**","0442","0480","씨*하*스*4*5*1*)","201912",4000,65,28160,61,"2016",74.9,6
"1121510500102270252","202001","11500-100297980","11200-100227580","서**별**도** **동**3**7**지**","5","77.45","서**별**강** **산**","0293","0000","엘*시*2","202008",5000,25,4989,38,"2012",29.99,5
"1120010500107950001","202001","11650-100243874","11710-100499020","서**별**은** **동**7**9**","2","36.36","서**별**양** **동**","0119","0012","큐*투","202003",13000,10,7473,59,"2013",39.19,4
"1120010500107670005","202001","11710-100231597","11215-85646","서**별**광** **동**1**1**지**","2","25.5","서**별**관** **동**","0023","0006","(*1*-*6*","202104",12000,7,4836,57,"2015",55.8,2
"1171010600100660008","202102","11560-100255156","11215-100242768","서**별**서** **동**5**-**지**","3","34.2","서**별**강** **동**","0097","0004","삼*파*빌*7*8*2*)","202005",15000,25,5677,69,"2014",69.83,5
"1150010300100560703","202011","11680-100239827","11680-100250901","서**별**강** **동**2**3**지**","4","36.2","서**별**강** **동**","0443","0020","동*빌*","202105",36500,19,4034,67,"2011",28.64,3
"1135010300106440039","202102","11590-100181564","11530-100241075","서**별**양** **동**3**6**","4","32.79","서**별**강** **","0531","0003","빌*비*","202011",2000,100,3148,118,"2002",29.85,1
"1121510100101140005","202005","11680-100249010","11350-100202764","서**별**송** **동**8**1**","4","51.04","서**별**광** **동**","0694","0005","정*운*","202106",4000,10,5084,66,"2012",16.02,3
"1138010800100360057","202005","11545-3495","11560-100216674","서**별**마** **동**0**1**지**","4","38.49","서**별**은** **동**","0259","0019","주*빌*(*3*-*)","201911",2000,60,4932,43,"2014",25.77,2
"1168011400106560006","202008","11710-100503785","11545-100217644","서**별**금** **동**1**9**","4","40.4","서**별**동** **방**","0006","0019","녹*파*빌","202008",16500,50,6188,50,"2009",43.26,5
"1153010800101520000","202012","11620-100234013","11680-100255825","서**별**강** **동**9**1**2**","1","39.63","서**별**성** **동**","1083","0013","방*주*7*","201912",10000,45,2060,48,"2019",29.62,4
"1174010800103880015","202002","11230-100230113","11740-100173741","서**별**강** **동**1**9**","1","34.93","서**별**금** **동**","0454","0052","아*스*","201909",3000,55,4346,78,"2013",47.58,2
"1126010100101330019","202007","11215-100202621","11740-100208183","서**별**구** **동**7**0**","1","40.16","서**별**광** **동**","1219","0013","한*스*트*(*0*-*4*","201911",20000,50,4979,76,"2016",61.87,2
"1121510100101410034","202008","11740-100225192","11500-100255694","서**별**광** **동**9**1**지**","1","43.95","서**별**양** **동**","0503","0001","6*0*4*","202004",10000,180,6210,54,"2007",55.76,4
"1154510200109550001","202010","11530-3608","11680-150776","서**별**강** **동**5**1**지**","2","48","서**별**양** **","0860","0005","청*빌*3*9*1*)","202008",5000,110,5758,55,"2008",56.07,1
"1132010500105070061","202005","11110-100207645","11500-100272094","서**별**양** ** **3**번**","1","59.04","서**별**강** **동**","0077","0004","진*펠*체*동","202105",14000,15,2695,51,"2008",77.61,4
"1168010600109290005","202001","11680-3270","11530-100195582","서**별**관** **동**6**8**","1","18.47","서**별**강** **동**","0167","0052","대*빌*지","201909",10000,57,3963,69,"2013",41.32,2
"1168010100106580016","202012","11590-11522","11440-100185073","서**별**노** **동**3**1**지**","4","57.24","서**별**금** **동**","0130","0007","우*아*빌*차","202007",5000,79,6949,57,"2016",58.62,4
"1174010800105210001","202006","11215-100248929","11500-100196763","서**별**구** **동**9**2**","4","46.66","서**별**은** **동**","0007","0006","다*빌","201908",7000,70,8845,56,"2008",78.75,5
"1171010500102590012","202102","11500-100289720","11530-100192307","서**별**서** **동**4**4**","2","54.92","서**별**양** **동**","0040","0003","궁*빌*","202008",6000,50,3911,53,"2008",40.98,3
"1123010600103380011","202010","11710-100513318","11260-100237780","서**별**강** **동**3**2**지**","3","32.07","서**별**금** **동**","0444","0081","서*베*트*","201907",10500,20,3093,70,"2016",39.35,2
"1120011400106561041","202004","11350-100190714","11215-100231958","서**별**마** **동**4**9**","2","190.5","서**별**중** **","0320","0008","대*A*1*-*5*","201908",25000,50,4626,48,"2017",26.24,2
"1153010800102340002","202011","11410-100196837","11530-100199803","서**별**동** **동**9**1**번**","4","52","서**별**강** **동**","0072","0042","에*랄* *차","201911",3000,4,2396,61,"2008",67.095,4
"1150010200106470004","202006","11530-3157","11380-100249083","서**별**강** **동**2**6**","3","30.92","서**별**동** **동**","0481","0007","(*3*1*0*","201912",5000,105,6524,41,"2000",58.77,4
"1159010200103020000","202103","11440-32279","11500-100279625","서**별**종** **동**6**1**번**","3","38.03","서**별**구** **","0442","0012","헤*티*","202103",35000,13,7578,70,"2002",41.32,2
"1168010100107820007","202004","11710-14746","11710-60852","서**별**송** **동**7**2**지**","1","37.74","서**별**양** **","0431","0001","삼*아*빌*동","202001",2000,44,4728,47,"2009",29.94,2
"1162010200117400000","202012","11710-100462142","11530-137632","서**별**송** **동**3**6**","3","58.87","서**별**은** **동**","0891","0145","네*트*2*","202102",1000,60,10426,90,"2017",40.32,2
"1129011300100330002","202003","11380-18697","11740-100205365","서**별**은** **동**2**번**","1","55.13","서**별**강** **동**","0791","0046","한*e*운*1*2*3*)","202106",14000,63,3904,49,"2016",46.49,3
"1138010900102700036","202103","11440-100219442","11650-100265045","서**별**강** **동**5**7**","3","59.49","서**별**은** **동**","0361","0001","(*7*6*)","202004",2000,95,7698,64,"2016",52.56,2
"1126010300104570000","202003","11290-100232113","11680-100222461","서**별**강** **동**4**3**","4","29.76","서**별**금** **동**","1045","0003","삼*레*빌*3*7*3*)","201911",32000,40,2786,49,"2008",39.19,2
"1174010800103820017","202001","11740-100258853","11620-100226842","서**별**강** **동**7**4**지**","1","39.86","서**별**강** **동**","0145","0002","(*8*2*)","202011",2000,45,12004,69,"2016",54.6,3
"1147010300100670003","202011","11590-100236787","11545-100197435","서**별**양** ** **7**번**","2","29.97","서**별**송** **동**","0244","0000","성*하*빌*4*0*2*)","201908",12000,60,9755,67,"1988",43.83,2
"1129013600100901117","202008","11530-3619","11470-100212355","서**별**광** **동**7**1**번**","1","35.05","서**별**마** **동**","0167","0002","(*산*봄*의*","202002",300,30,4232,109,"2012",38.79,3
"1171011100101330009","202103","11680-100219809","11680-172736","서**별**성** **동**3**2**번**","1","26.35","서**별**강** **동**","0250","0011","월*빌*","202003",3000,25,8739,69,"2016",26.48,4
"1168010100106740032","202105","11170-100217999","11710-100478489","서**별**은** **동**4**6**","1","61.79","서**별**도** **동**","0927","0029","더*라*","201908",25000,50,7039,38,"1987",47.71,3
"1171011100101690015","202009","11680-20119","11680-100278508","서**별**중** **동**5**지**","1","24.99","서**별**강** **동**","0485","0016","롯*타*","201912",2000,40,5896,64,"2008",61.2,3
"1150010300109320008","202004","11500-1736","11380-100252304","서**별**강** **동**2**6**","2","50.35","서**별**종** **동**","0233","0075","6*0*4*","202010",5000,40,7680,63,"2011",45.16,2
"1121510500106470013","202004","11680-100218825","11380-100246606","서**별**용** **동**-**번**","1","46.3","서**별**송** **동**","0158","0007","행*한*","202002",2000,10,7314,48,"2002",46.56,2
"1153010800101080001","202012","11215-100217807","11305-100183606","서**별**마** **동**8**3**지**","2","27.42","서**별**강** **동**","0130","0094","금*파*빌*","202005",5000,80,6254,58,"2014",17.36,2
"1168010500100950004","202008","11170-100205876","11200-100209684","서**별**구** **동**1**7**지**","3","51.02","서**별**양** **동**","0190","0002","신*용*3*1*2*)","202009",1000,130,7546,50,"2002",56.3,4
"1162010100106490172","202003","11710-100552756","11530-115763","서**별**동** **동**2**3**","1","46.02","서**별**마** **동**","0456","0006","대*미*가*2*0*1*2*","202006",34000,80,4709,73,"2016",29.34,6
"1111010400100500015","202005","11470-100227748","11680-187586","서**별**마** **동**6**2**지**","1","43.23","서**별**동**구**안**","0235","0304","진*빌*6*8*2*)","202011",12000,7,10019,83,"2012",49.8,3
"1168010300112560003","202010","11380-100194591","11710-129107","서**별**도** ** **1**2**","1","49.82","서**별**서** **동**","0033","0012","다*이*빌*2*3*6*)","201907",5000,40,3874,58,"2016",40.68,2
"1144012400104870088","202012","11230-100218063","11305-100202019","서**별**마** **동**2**지**","3","26.37","서**별**은** **동**","0314","0011","세*캐*","201908",10000,42,7725,54,"2012",63.45,2
"1171010400101170041","202003","11320-100204303","11620-100236992","서**별**서** **동**5**-**지**","2","39.13","서**별**금** **동**","0616","0079","다*빌","202005",7000,73,4936,85,"2002",41.45,3
"1168010800102640003","202003","11545-100212878","11740-100173645","서**별**강** **동**0**5**지**","2","64.27","서**별**강** **동**","0004","0015","진*빌*4*3*3*)","202004",3000,12,4364,52,"2015",27.7,2
"1150010300101550056","202004","11740-100257863","11740-100247766","서**별**강** **동**8**1**지**","4","60.7","서**별**양** **동**","0691","0108","G*n*g*n*1*t","201911",24100,25,3931,88,"2003",29.97,4
"1147010300109650007","202102","11740-19045","11290-119113","서**별**송** **동**1**9**","2","27.04","서**별**도** **동**","0056","0000","이*턴*","202010",9000,20,6943,39,"2013",29.58,2
"1147010200105550007","202004","11530-3177","11710-100472678","서**별**성** **동** **2**번**","4","40.99","서**별**금** **동**","0562","0253","금*빌*","202006",17000,17,6743,51,"2017",15.885,2
"1154510300106550005","202105","11260-100238318","11650-100267419","서**별**송** **동**1**1**지**","5","26.5","서**별**강** **동**","0603","0940","진*펠*체*동","202001",5000,60,7378,83,"2015",25.8,3
"1174010700104720005","202103","11500-100265193","11560-100226119","서**별**강** **동**3**7**","1","76.14","서**별**강** **동**","0479","0076","신*전*라*3*7*9*","202012",3000,120,3299,64,"2013",29.96,3
"1153010800100680021","202103","11680-100249949","11500-100203792","서**별**양** **동**6**4**","3","54.2","서**별**강** **동**","0245","0068","삼*빌*트","202102",4000,60,7078,58,"2002",64.73,2
"1153010700103210002","202012","11440-100191012","11590-65109","서**별**은** **동**7**4**","1","43.92","서**별**강** **동**","0410","0011","스*이*","202009",33000,70,9015,49,"2010",84.84,4
"1174010800105290008","202002","11530-3155","11380-100253713","서**별**양** **동**6**1**지**","2","66.49","서**별**강** **동**","0318","0000","(*8*-*5*","201907",1400,60,5581,61,"2008",29.52,4
"1126010100113520000","202004","11560-100225800","11500-155313","서**별**관** **동**5**3**지**","2","75.09","서**별**강** **동**","0030","0008","아*시*","202007",3000,45,6256,80,"1987",29.89,5
"1111010800100810000","202103","11620-100240972","11305-42169","서**별**송** **동**7**1**지**","5","43.5","서**별**은** **동**","1014","0006","마*바*","201907",500,85,3078,56,"1982",29.73,4
"1174010800104340007","202003","11260-100203607","11500-100203144","서**별**금** **동**6**1**지**","5","57.49","서**별**양** **","0991","0021","서*주* *동","201912",10000,55,7619,67,"2002",46.38,5
"1162010100101960190","202009","11680-100213227","11710-100467687","서**별**동** **동**8**2**지**","1","43.92","서**별**구** **동**","1231","0386","연* *니*빌","202002",5000,50,6769,96,"2004",22.56,2
"1153010700103040008","202009","11500-100314565","11680-100202537","서**별**강** **동**0**-**번**","1","38","서**별**강** **동**","0341","0006","명*아*빌","202005",3000,60,3945,66,"2001",51.29,4
"1150010300100560111","202009","11260-100227927","11710-100520636","서**별**중** **동**2**2**지**","1","48.99","서**별**동**구**안**","0177","0010","(*5*2*0*","201909",4000,120,3696,72,"2001",51.39,3
"1132010500105320071","202008","11440-100182524","11380-100299163","서**별**도** ** **8**9**","2","29.98","서**별**광** **동**","0197","0009","다*림","202007",10000,75,6900,45,"2014",63.69,3
"1135010300105130035","202105","11560-100238168","11320-100205370","서**별**강** **동**6**4**","1","54.22","서**별**강** **동**","0218","0013","산*가*1*1*-*3*","202001",3000,80,7624,55,"2016",29.71,2
"1132010700106080146","202003","11170-100216259","11230-100231679","서**별**강** **동**5**1**지**","2","29.78","서**별**강** **동**","1070","0128","포*스*캐*","202010",5000,80,3583,74,"1987",77.97,2
"1121510500105930026","202009","11500-100221420","11740-81524","서**별**강** **동**5**2**지**","1","59.73","서**별**은** **동**","0220","0002","삼*레*빌*3*7*3*)","202008",5000,18,4317,44,"2014",43.14,3
"1147010300110660000","202009","11230-100241742","11710-64219","서**별**강** **동**3**번**","1","38.28","서**별**금** **동**","0144","0006","로*빌","202103",1000,40,2098,60,"2016",40.29,5
"1126010300102740025","202006","11710-100242279","11305-100231225","서**별**구** ** **3**1**","2","40.84","서**별**송** **동**","0179","0092","청*에*빌","202001",2500,70,5199,128,"2015",52.62,3
"1171010600100120001","202105","11680-100237389","11650-100239775","서**별**광** **동**1**번**","3","52.66","서**별**서** **동**","0823","0004","골*빌","201909",23000,40,11611,50,"2019",30.03,3
"1150010300104520006","202004","11215-100216039","11260-100247986","서**별**은** **동**1**9**","4","45.78","서**별**중** **동**","0115","0022","한*타*빌","202002",3000,40,3067,69,"2003",29.32,5
"1121510100101350010","202005","11530-3619","11260-100244512","서**별**광** **동**6**2**","2","62.56","서**별**서** **동**","0181","0015","삼*풍*채","202002",9000,20,4256,60,"2008",93.57,4
"1144012400102570001","202104","11440-100260664","11215-100230171","서**별**강** **동**0**3**지**","3","49.27","서**별**금** **동**","0145","0009","예*리*빌","202003",7000,45,5089,61,"1991",20.47,2
"1154510300109830013","202101","11500-100250688","11590-100214687","서**별**관** **동**2**7**","3","64.15","서**별**서** **동**","0231","0000","예*홈*운","202102",5000,125,7209,83,"1988",38.68,3
"1138010800100270032","202003","11230-100218504","11680-100249013","서**별**마** **동**3**4**","1","42.71","서**별**서** **동**","0051","0004","(*1*-*6*","201909",6000,70,4214,71,"2012",42.04,3
"1150010800106620001","202007","11290-100251969","11545-22449","서**별**강** **동**7**지**","3","46.74","서**별**강** **","0396","0013","선*하*츠","202001",1500,90,6171,45,"2015",56.4,2
"1150010300108680016","202007","11500-100195484","11545-68904","서**별**도** **동**8**1**지**","5","37.65","서**별**구** **동**","0791","0002","쉐*","202012",2000,25,7682,69,"1987",14.04,2
"1123010600100920038","202001","11290-22165","11500-145601","서**별**은** **동**8**4**지**","2","59.76","서**별**송** **동**","0379","0025","청*그*빌*동","202009",4000,60,3692,82,"2018",51.27,2
"1126010300104560000","202104","11500-100195533","11500-100306155","서**별**송** **동**6**지**","1","55.41","서**별**구** **동**","0015","0020","이*주*","202105",6000,50,7005,50,"2019",26.98,5
"1150010300111300007","202105","11470-100214852","11470-100212634","서**별**양** **동**1**2**지**","5","45.71","서**별**송** **동**","0014","0041","중*하*츠*라","202102",10000,15,4460,43,"2014",29.32,3
"1150010300103980010","202003","11740-100199518","11170-100216190","서**별**광** **동**4**3**","2","65.64","서**별**도** **","0042","0007","다*펠*스","202104",9000,8,5104,45,"2005",62.21,5
"1153010900102130021","202103","11260-100241461","11410-88557","서**별**구** **동**0**1**","1","43.92","서**별**강** **동**","0609","0007","(*-*)","202004",12000,68,5197,47,"2018",59.27,4
"1130510300100770054","202005","11110-100218166","11710-100532780","서**별**강** **동**9**1**","2","20.17","서**별**구** **동**","0881","0002","(*1*-*9*","202104",13500,55,5297,35,"1985",36.96,3
"1171010600100980004","202008","11230-100241947","11470-100232742","서**별**양** **동**6**2**","2","31.53","서**별**강** **동**","0030","0004","정*파*빌","202012",2000,60,5807,41,"2003",42.98,3
"1174010700104860024","202104","11545-100218858","11545-22415","서**별**양** **동**6**8**","3","39.36","서**별**강** **동**","0158","0002","성*빌*트","202102",12000,50,4745,31,"2012",27.92,3
"1132010600106880000","202002","11305-17725","11500-100206871","서**별**관** **동**9**2**지**","1","12.98","서**별**도** **동**","0870","1080","서*캐*","202010",3000,59,4758,54,"2017",53.94,3
"1174010700104700018","202001","11380-100290214","11230-100233958","서**별**마** **동**8**4**지**","2","29.06","서**별**은** **동**","0745","0003","힐*리*아*트*1*1*1*2*1*3*)","202005",15000,120,5044,65,"2019",51.1,4
"1144012000104740018","202007","11305-100207582","11740-100248691","서**별**양** ** **4**0**","2","63.43","서**별**송** **동**","0014","0001","서*플*렌*5*7","202104",2000,15,5092,82,"2008",58.62,2
"1168011400106820006","202105","11440-100191072","11530-108042","서**별**광** **동**2**2**지**","1","12.57","서**별**동**구**안**","0957","0008","신*리*빌*","201909",5000,50,3275,40,"2009",28.74,1
"1138010800100280002","202003","11500-19134","11545-100228374","서**별**은** **동**8**번**","1","43.17","서**별**동**구**안**","0010","0151","상*아*빌","201911",10000,65,7631,52,"2015",28.7,3
"1168010800101930029","202104","11590-100225805","11230-100226660","서**별**관** **동**0**5**지**","3","45.06","서**별**강** **동**","0056","0011","부*쉐*빌*동","202002",28000,75,6264,41,"2000",56.68,2
"1174010900102140005","202012","11545-3544","11470-100218407","서**별**은** **동**7**1**지**","5","53.57","서**별**구** **동**","0424","0015","트*빌*지*동","202106",12000,65,4423,42,"2016",29.95,3
"1168011800109550007","202104","11590-11522","11440-100184225","서**별**서** **동**7**5**","2","48.98","서**별**서**구**천**","0533","0000","인*시*빌*5*3*1*)","202001",4000,22,4524,60,"2003",23.03,6
"1147010300100090014","202004","11470-100198266","11470-100198268","서**별**마** **동**4**4**지**","2","75.35","서**별**송** **동**","0325","0036","궁*빌*","202105",18900,28,5326,87,"2016",54.88,3
"1174010700104750048","202004","11530-3704","11710-130387","서**별**금** **동**7**2**","2","48.92","서**별**중** **동**","0410","0012","토*타*(*1*-*)","201911",3000,45,5259,31,"2003",15.6,2
"1174010700104500011","202105","11380-100196673","11410-100223309","서**별**송** **동**7**4**","1","63.62","서**별**마** **동**","0771","0022","방*빌*(*8*-*8*","202007",1000,80,6027,73,"2019",60.97,4
"1153010800101560015","202011","11710-100517932","11215-100235124","서**별**강** **동**8**1**지**","2","36.51","서**별**관** **동**","0870","0008","대*네*트*","202008",1000,30,4610,85,"2016",39.26,3
"1147010200107960020","202105","11680-100250169","11380-100284113","서**별**강** **동**3**2**","2","57.8","서**별**송** **동**","0617","0004","우*테*빌*1*4*-*9*","202011",5000,14,3067,39,"2000",29.99,5
"1153011000100440001","202103","11410-100197788","11110-44070","서**별**관** **동**7**5**","2","29.28","서**별**마** **동**","0942","0007","에*엠*리*","201909",10000,75,3332,87,"2020",53.62,1
"1138010500102160015","202007","11230-100212884","11110-74447","서**별**강** **동**1**2**","2","42.87","서**별**금** **동**","0427","0213","제*드*","201907",2500,50,5567,39,"2015",29.58,5
"1138010600100510032","202101","11680-100201527","11650-100260421","서**별**동** **동**0**지**","3","27.49","서**별**강** **동**","0146","0037","벨*어*우*(*동*","202102",5000,71,5667,60,"2014",29.41,4
"1123010600103240004","202002","11740-100172894","11440-100232341","서**별**은** **동**0**2**지**","3","24.36","서**별**송** **동**","0150","0021","(*4*-*1*)","202106",8000,70,2431,38,"2002",72.15,2
"1111017000100050099","202006","11650-100264726","11440-100362","서**별**강** **동**2**6**","2","50.5","서**별**강** **동**","0094","0042","반*빌*지","202006",2000,20,3260,60,"2012",23.1,5
"1138010900100080007","202005","11545-100198666","11545-34271","서**별**강** **동**4**1**지**","1","29.57","서**별**마** **동**","0025","0000","L*센*레*","202002",10000,50,5828,48,"1988",29.27,1
"1123010600103930004","202005","11380-33359","11290-100248603","서**별**송** **동**7**5**","3","29.94","서**별**은** **동**","0318","0066","금*빌*","202004",2000,45,3152,30,"1985",52.48,3
"1154510200110430043","202001","11440-100184969","11500-100198614","서**별**송** **동**9**1**지**","2","27.65","서**별**강** **","0190","0025","우*스*이*(*8*-*0*","201912",10000,35,10048,63,"2010",44.93,3
"1171010100103100006","202009","11440-100233814","11710-121806","서**별**마** **동**0**7**","3","49","서**별**강** **동**","0349","0000","우*하*","202106",4000,20,3317,59,"2003",79.56,2
"1147010300100870001","202006","11380-100231710","11440-100184587","서**별**강** **동**9**2**번**","2","35.77","서**별**성** **동**","0213","0000","중*빌","201908",5000,40,7205,41,"2016",63.87,6
"1141011900103180019","202002","11740-100254641","11710-100520221","서**별**관** **동**0**-**번**","1","59.91","서**별**중** **동**","0235","0012","인*하*츠*라","202104",2000,68,3781,33,"2015",29.82,4
"1159010300104810002","202104","11530-3399","11440-95072","서**별**은** **동**9**4**","3","43.87","서**별**송** **동**","0949","0000","라*","202104",2500,30,5128,37,"1991",84.84,4
"1165010200103760005","202009","11710-100235097","11680-100249711","서**별**서** **동**0**6**","3","72.015","서**별**도** **동**","0160","0049","대*빌*","202009",5000,50,10046,54,"1982",56.3,1
"1165010100108920002","202102","11440-100256500","11710-100515228","서**별**강** **동**6**3**지**","5","14.52","서**별**송** **동**","0312","0138","(*8*-*9*","202007",3000,75,5758,48,"2020",76.29,4
"1153010900101560013","202007","11215-100245792","11710-100504255","서**별**송** **동**3**번**","3","52.41","서**별**서** **동**","0966","0073","은*파*빌","201908",3500,70,6002,41,"2017",57.67,3
"1150010200106470004","202105","11680-100284723","11680-100252534","서**별**중** **동**0**4**","3","29.16","서**별**강** **동**","0940","0037","스*트*","202001",5000,80,7727,54,"2017",49.58,3
"1138010800100150019","202011","11470-100216482","11500-100184410","서**별**송** **동**5**1**","1","21.72","서**별**강** **동**","0633","0013","성*주*","202101",16000,80,3327,73,"2019",62.59,4
"1168011800109550007","202008","11560-100231014","11650-100251904","서**별**강** **동**0**3**지**","3","81.3","서**별**금** **동**","0242","0012","샛*빌*","201909",4000,60,5008,53,"2000",58.62,3
"1147010200104980018","202009","11140-21647","11500-100252765","서**별**관** **동**0**-**번**","1","44.01","서**별**강** **동**","0391","0006","삼*아*빌","201912",1500,35,4772,66,"2002",58.05,5
"1130510300104510100","202104","11620-100234912","11740-100211725","서**별**송** **동**2**0**","1","67.53","서**별**광** **동**","0339","0006","일*맨*","202009",4000,55,7655,56,"1982",77.58,3
"1150010300104680004","202010","11500-100181680","11500-100279566","서**별**은** **동**1**2**지**","1","32.4","서**별**성** **동**","0045","0109","대*빌*","202010",9000,20,4520,62,"2013",37.51,1
"1120010700101680002","202011","11230-24893","11530-61741","서**별**은** **동**1**3**","3","45.76","서**별**강** **동**","0083","0013","로*빌","202002",7000,60,5868,60,"2019",44.58,3
"1138010500100230036","202007","11740-100189436","11680-63656","서**별**구** **동**5**4**","2","47.08","서**별**강** **동**","0160","0115","문*","202102",1500,110,4224,56,"1985",53.41,5
"1154510200103780295","202102","11590-10476","11530-100243999","서**별**강** **동**5**2**지**","3","49.22","서**별**성** **동**","0158","0002","세*파*빌","202101",15000,80,3301,46,"2019",30.03,3
"1130510300102700027","202012","11500-100195890","11710-123027","서**별**성** **동**1**8**","1","37.84","서**별**구** **","0094","0027","센*리*","202002",3000,70,6560,48,"2018",40.95,4
"1171010600100650002","202102","11230-100238972","11530-100215659","서**별**강** **동**1**4**","2","24.85","서**별**동** **동**","0507","0005","럭*평*빌*","202101",6000,15,5017,85,"2019",61.1,2
"1168010800101130004","202007","11530-3703","11500-175800","서**별**송** **동**3**2**","2","130.29","서**별**송** **동**","0397","0121","금*석*티*9*","202007",12000,65,5955,87,"1991",70.13,2
"1123010600104260003","202105","11710-100475060","11680-100263502","서**별**동**구**안**4**-**지**","4","54.2","서**별**송** **동**","0364","0000","나*스*빌","201908",3400,90,5198,47,"2019",29.91,3
"1147010300105070012","202012","11590-100219105","11650-100276401","서**별**강** **동**0**7**","1","29.95","서**별**송** **동**","0426","0007","드*하*츠","202009",2000,65,5053,42,"2002",45.14,3
"1153010300101250010","202103","11680-100261970","11710-62047","서**별**광** **동**2**3**","5","14.13","서**별**강** **동**","0212","0001","(*7*-*2*","202003",15000,50,6129,36,"1979",26.91,4
"1150010300108050013","202102","11740-100244404","11215-100234960","서**별**서** **동**1**1**","5","49.03","서**별**동** **동**","0587","0024","성*빌*(*1*7*)","202103",12000,30,3828,35,"2016",37.42,2
"1132010700106080146","202104","11710-100460886","11590-70647","서**별**양** ** **1**번**","1","72.39","서**별**금** **동**","0409","0012","우*하*츠*","202106",10000,40,7631,46,"1994",47.45,2
"1168010100107450023","202105","11320-100210664","11440-100258098","서**별**도** **동**5**4**","1","29.97","서**별**강** **동**","1481","0006","(*7*-*2*","202102",10000,50,6077,85,"1981",24.33,4
"1126010300103280035","202009","11740-9665","11260-100208629","서**별**강** **동**9**3**지**","5","41.28","서**별**송** **동**","0464","0037","응*하*스","201912",16000,100,6828,66,"2017",64.52,2
"1168010800102510007","202002","11500-100319868","11620-100242287","서**별**송** **동**4**1**지**","5","26.95","서**별**양** **동**","0017","0138","정*홈*운","202102",15000,60,14755,57,"2016",31.92,6
"1174010900103090016","202102","11320-100214925","11680-168727","서**별**강** **동**7**2**","1","42.38","서**별**송** **동**","0244","0001","동*에*빌*4*-*3*","202101",5000,60,2827,22,"1993",24.22,4
"1171010500102790012","202006","11680-100255550","11545-100217930","서**별**구** **동**9**7**","3","77.4","서**별**중** **동**","0543","0004","네*트*2*","202103",4000,80,2286,51,"2016",33.87,3
