"PNU코드(PNU)","기준년월(KEYMONTH)","표제부_키코드(PKCODE1)","전유부_키코드(PKCODE2)","대상지주소(ADDRESS)","자치구코드(SREG)","법정동코드(SEUB)","대지구분(DAEJI)","본번(BUNJI1)","부번(BUNJI2)","건물이름(BLDNAME)","건물(동)이름(DONGNAME)","호_이름(HONAME)","면적대비_월세시세(AREA_PRED_RENT)","예측_월세시세(PRED_RENT)"
"1126010300104560000","202007","11215-100200522","11710-76789","서**별**동**구**기**1**-**번**","11440","10300","1","0076","0026","","","501",1.2319,59
"1150010300100990015","202101","11290-100256230","11590-78834","서**별**송** **동**5**3**","11470","10300","1","0466","0012","","","201",1.6009,41
"1138010300101050008","202004","11290-100245949","11305-90089","서**별**강** **동**8**1**지**","11590","10300","1","0094","0016","","","201호",1.2532,59
"1150010300103660096","202011","11680-7902","11620-100200173","서**별**강** **동**7**2**지**","11320","10300","1","0237","0028","태*팰*스","","502",1.198,51
"1138010400100090132","202001","11500-17348","11380-100190494","서**별**서** **동**9**2**지**","11710","10300","1","0281","0014","p*r* *i*l*g*","","3층1호",1.6176,91
"1171010600100420010","202012","11440-100239695","11170-47440","서**별**동** **동**7**4**번**","11230","16200","1","0209","0009","리*팰*스","","204호",1.3065,54
"1174010800104030000","202005","11710-13027","11680-81414","서**별**강** **동**1**2**지**","11200","10100","1","0184","0065","대*맨*","","103호",0.7437,65
"1120011500105730005","202004","11710-23428","11620-125917","서**별**송** **동**3**4**","11305","10800","1","0338","0020","p*r*-*i*l","","302",1.3596,60
"1159010200102110115","202102","11740-100258262","11710-165475","서**별**중** ** **9**7**","11545","10100","1","0486","0002","명*그*빌","","201",1.8679,41
"1154510200108820022","202006","11710-18720","11740-65546","서**별**성** **동**2**7**지**","11290","10200","1","0307","0007","","","301",1.2658,60
"1174010900100250036","202012","11440-32308","11110-35519","서**별**은** **동**6**5**지**","11710","10200","1","0129","0005","","","402",0.6072,68
"1126010100105780013","202012","11710-22108","11680-157730","서**별**서** **동**7**8**","11590","10200","1","0614","0013","","주건축물제1동","202",2.765,45
"1121510300102110022","202008","11230-100229372","11500-100297773","서**별**도** ** **1**3**","11305","10300","1","0637","0011","","","402",1.5271,77
"1130510300103920102","202103","11650-100248294","11590-64612","서**별**강** **동**1**2**지**","11215","10600","1","0598","0019","","","201호",0.8081,45
"1171010600101100009","202104","11290-22135","11710-130033","서**별**관** **동**6**-**번**","11290","10100","1","0197","0013","","","403",1.8388,59
"1111011500102620022","202007","11350-100192553","11320-100206415","서**별**중** **동**1**1**지**","11530","10200","1","0093","0003","반*루*빌*지","우경주택","304호",1.5338,55
"1147010300100450030","202104","11110-12964","11290-70216","서**별**은** **동**-**번**","11410","10100","1","0618","0005","","금강하이츠빌라","4층-401호",1.6762,60
"1162010100102170001","202002","11230-25434","11500-72683","서**별**노** **동**0**-**지**","11380","10700","1","0134","0027","아*하*","","301호",0.9029,49
"1132010700106230093","202105","11650-6469","11500-100238323","서**별**강** **동**-**번**","11470","10100","1","0791","0019","","","202호",0.936,52
"1162010200106100297","202101","11440-27073","11410-100200611","서**별**강** **동**9**2**","11530","10200","1","0031","0194","신*리*빌","","201",1.6724,74
"1129013800102240017","202104","11620-9509","11545-100204312","서**별**강** **동**0**2**지**","11305","11000","1","0326","0260","라*언*드*5*","","104",0.8951,65
"1162010100104800109","202008","11650-100216529","11470-100217713","서**별**노** **동**1**5**지**","11140","10100","1","0143","0014","","","401",1.3315,58
"1168011400106410000","202005","11440-21288","11215-100250384","서**별**마** **동**0**2**","11590","10700","1","0082","0029","금*아*빌","","704",2.0095,57
"1117012100100290051","202006","11110-19037","11410-85650","서**별**강** **동**0**3**지**","11140","10200","1","0278","0008","소*빌*","","302",0.659,45
"1150010300104240037","202002","11710-11794","11470-100197991","서**별**양** **동**1**4**지**","11500","10800","1","0311","0031","하*동*구*라","","101",0.7982,56
"1144012300103760013","202009","11290-21908","11650-100267298","서**별**은** **동**9**8**","11500","10300","1","0104","0072","역*동*세*주*신*공*","태원빌라","301",1.6521,48
"1171010700101930010","202005","11590-16607","11650-55539","서**별**서** **동**9**8**","11710","11500","1","0183","0002","","","",1.8195,56
"1130510100104030034","202004","11350-15474","11440-100192744","서**별**강** ** **8**7**지**","11500","10400","1","0183","0016","","","402호",1.159,67
"1111018200101390021","202002","11380-11649","11470-94364","서**별**광** **동**1**3**지**","11470","10300","1","0432","0049","","주건축물제1동","502",1.0959,53
"1114016200104321787","202002","11215-14467","11350-69573","서**별**성** **동**8**1**번**","11650","16600","1","0562","0104","","","303",0.8314,42
"1141011800101910220","202103","11500-23378","11545-52072","서**별**강** ** **6**9**","11530","10700","1","0479","0039","","","",1.0912,36
"1111010900101000001","202002","11305-30648","11710-173754","서**별**서** **동**3**-**번**","11320","12000","1","0792","0031","명*하*빌","","302",1.5312,61
"1132010600103180044","202102","11545-3706","11305-85707","서**별**은** **동**-**번**","11260","10200","1","0344","0021","제*파*빌","","102호",1.5548,339
"1147010300101440002","202008","11470-12397","11560-100205427","서**별**강** **동**7**1**지**","11500","11900","1","0674","0004","서*하*스","주건축물제1동","101",2.4247,50
"1135010200103760027","202012","11680-699","11410-89592","서**별**은** **동**3**1**지**","11740","10900","1","0028","0032","","","",2.0016,43
"1138010800100180019","202101","11710-6069","11710-100469572","서**별**중** **동**7**5**","11590","10900","1","0421","0032","","","302호",0.9392,73
"1153010600100570011","202104","11740-100233525","11215-74705","서**별**강** **동**2**5**","11545","10300","1","0187","0375","새*센*빌","","402",0.8273,61
"1123010600103210010","202102","11290-4170","11650-100205237","서**별**동** **방**6**-**지**","11170","10500","1","0680","0002","월*빌","","302",1.2881,38
"1135010500101370012","202001","11500-6740","11170-57336","서**별**송** **동**5**4**","11620","10900","1","0281","0004","그*파*빌","","",0.9677,55
"1168010600108980019","202006","11530-22128","11680-70287","서**별**서** **동**9**1**지**","11500","10100","1","0158","0002","","","302",0.5244,64
"1162010200104990027","202012","11620-100256344","11320-100192490","서**별**강** **동**5**1**지**","11320","10300","1","0663","0022","각*연*","","202호",1.0039,65
"1138010300104340002","202009","11650-100243794","11305-34436","서**별**송** **동**7**1**","11710","17000","1","0402","0015","","","3층302",0.8657,54
"1132010500104850001","202105","11290-7302","11470-103738","서**별**관** **동**5**-**번**","11740","10300","1","0206","0006","","","202",1.6043,55
"1159010300104830009","202006","11290-100248887","11290-45073","서**별**서** **동**3**7**지**","11320","10600","1","0966","0014","","","305",1.6463,74
"1174010900100500023","202010","11530-100183553","11410-100181411","서**별**성** **동**2**번**","11305","10200","1","0119","0001","","","401",0.8926,60
"1138010400102850220","202006","11740-100231884","11620-100224485","서**별**서** **동**-**지**","11320","10300","1","0485","0083","","","301",0.9875,103
"1144012200104350002","202005","11380-18961","11500-79551","서**별**성** **동**8**9**","11260","10900","1","0042","0013","한*빌","","401",1.1664,88
"1150010300110370015","202012","11410-6525","11110-62871","서**별**동**구**안**4**-**지**","11590","11900","1","0129","0004","","101동","3층301호",2.286,35
"1150010900105830002","202010","11290-4579","11620-100211983","서**별**강** **동**0**1**지**","11170","10300","1","0038","0017","","","501",0.9645,62
"1150010300110390020","202008","11380-10864","11320-100194094","서**별**마** **동**4**2**","11710","10800","1","1344","0022","M*O* *i*l","","202호",1.4343,53
"1129013300102260056","202008","11305-100220711","11290-77915","서**별**송** **동**3**","11215","12600","1","0243","0006","","덕원빌라","201",1.0325,58
"1130510300102960030","202101","11530-100194365","11650-100221640","서**별**마** **동**7**번**","11350","10900","1","0145","0017","다*네*트*","","501",2.6652,70
"1150010800106630002","202009","11710-9645","11440-100232685","서**별**마** **동**2**6**","11545","10100","1","0142","0187","","","203",0.8815,90
"1130510100102580548","202004","11710-100178734","11470-76543","서**별**송** **동**8**7**","11290","10300","1","0300","0000","","","",1.1485,70
"1138010300101970000","202004","11500-11184","11500-100271100","서**별**은** **동**8**5**","11500","10500","1","0346","0213","유*소*베","","2층202호",1.3804,42
"1132010500104480007","202101","11260-13740","11710-119720","서**별**도** **동**5**7**","11380","10400","1","0043","0076","홈*아* *얄","","501",1.7875,60
"1126010500104770007","202010","11620-28532","11215-100221962","서**별**강** **동**6**7**지**","11560","10300","1","0610","0014","남*아*빌","","202",0.8969,62
"1153010700103400020","202010","11620-30296","11740-73062","서**별**은** **동**9**9**","11680","10700","1","0060","0059","한*힐*리* *든*슬","","401호",0.8845,64
"1159010200102140037","202103","11500-100223810","11380-100257877","서**별**중** **동**9**4**지**","11620","10800","1","0325","0040","","주건축물제1동","201",1.0918,49
"1159010200101260129","202009","11500-100234622","11440-100208991","서**별**강** **동**9**1**지**","11740","10300","1","0245","0088","미*빌*","","102",1.0149,40
"1165010200102560004","202102","11680-100210024","11650-100234061","서**별**중** **동**2**6**지**","11650","10700","1","0647","0080","","주원베르빌102동","301",1.1315,53
"1144010100107630006","202009","11710-100475595","11680-81418","서**별**마** **동**9**1**","11620","10300","1","0200","0148","대*아*빌","","303",4.1436,54
"1174010900105610000","202104","11140-21742","11380-100246798","서**별**강** **동**9**1**","11305","11000","1","0429","0029","상*미*","보람홈타운","2층2",1.1518,67
"1126010200102150006","202104","11305-100208941","11440-78799","서**별**강** ** **5**3**","11470","10200","1","0087","0001","","","403호",0.9208,51
"1130510100103150068","202006","11305-29358","11500-116166","서**별**양** **동**3**2**지**","11680","13600","1","0227","0015","","","402호",1.5197,66
"1171010600101010023","202009","11710-12630","11500-100218789","서**별**구** **동**2**2**지**","11530","10800","1","0877","0012","","","301",1.0896,63
"1165010200103670000","202006","11215-8211","11290-127277","서**별**마** **동**2**4**지**","11500","11900","1","0474","0003","","","404",0.938,45
"1144012200104300008","202101","11650-100216413","11620-99290","서**별**강** **동**5**번**","11470","10200","1","0285","0026","동*하*츠","102","404",1.1675,51
"1150010300110160011","202007","11305-100221579","11500-31629","서**별**강** **동**8**3**지**","11440","16200","1","0020","0002","","","402",1.8822,71
"1154510300100030119","202012","11410-100223282","11650-91990","서**별**송** **동**7**번**","11380","10100","1","0359","0038","","","501",1.3419,48
"1144010900100850020","202104","11470-6308","11710-70394","서**별**강** **동**1**5**","11545","10600","1","0171","0004","보*빌*","","401호",1.2023,63
"1138010300102450034","202105","11500-20288","11380-100195968","서**별**서** **동**0**2**","11260","10200","1","0419","0054","","","301호",3.0521,89
"1171010400100910011","202006","11215-100187938","11440-95699","서**별**도** **동**1**6**","11500","10300","1","0570","0035","스*이*빌","","303",1.3085,61
"1153010900100890004","202009","11470-100226559","11500-116428","서**별**은** **동**-**번**","11230","10300","1","1507","0048","마*스*트*","","303호",1.3386,62
"1129013300103720017","202010","11350-10729","11215-84156","서**별**마** **동**0**4**","11350","10900","1","0541","0110","","나동","303",1.9581,64
"1153010200105490014","202009","11215-15149","11290-100245476","서**별**용** **동**4**1**번**","11650","10600","1","0301","0013","","무니네하우스","401호",1.2966,63
"1147010300109270011","202005","11680-100272874","11290-67838","서**별**금** **동**3**1**지**","11215","12100","1","0070","0001","","","502",0.8745,58
"1153010700103340004","202001","11740-100227969","11680-167414","서**별**서**구**제**1**-**4**","11305","10300","1","0329","0018","","","102호",1.9148,69
"1162010100100150014","202001","11740-100252806","11500-100219929","서**별**동**구**기**1**8**0**","11380","10300","1","0098","0011","휴*스*","","501",0.9969,51
"1132010700106980011","202006","11410-100223282","11545-57993","서**별**강** **동**1**-**지**","11110","10900","1","0381","0012","우*빌*","라동","604",1.0114,53
"1141011000100010170","202102","11380-30045","11710-173812","서**별**광** **동**3**7**","11710","10700","1","0151","0004","청*빌*","현대파크빌","201",1.0988,75
"1174010900101850035","202006","11410-26469","11530-77533","서**별**강** **동**5**1**","11260","10900","1","0811","0021","한*빌*","","102호",0.8649,57
"1144012000104820027","202006","11440-21281","11470-95374","서**별**마** **동**3**7**","11380","10100","1","0444","0033","다*슈*빌","","301호",0.9546,62
"1144012600100780000","202005","11470-6215","11740-100173419","서**별**동** **동**0**-**번**","11740","10600","1","1085","0007","파*빌","","",1.0212,60
"1153010700100460009","202003","11170-25089","11350-170707","서**별**강** **동**1**4**","11260","10700","1","0505","0047","다*홈*운","가","102호",1.1797,79
"1150010300101610024","202005","11440-32168","11410-65278","서**별**동** **동**7**1**번**","11110","12200","1","0001","0011","","","302",1.0574,57
"1138010300104800084","202008","11215-8852","11215-100238120","서**별**강** **동**4**3**지**","11350","10100","1","0007","0466","K*T*W*R*2","","102",2.3888,54
"1154510200109640041","202003","11470-100183528","11620-116105","서**별**도** ** **3**3**","11680","10200","1","0867","0021","드*빌","","501",0.7171,53
"1168010100106970040","202009","11545-100219197","11500-100263133","서**별**마** **동**8**3**지**","11650","10800","1","0055","0005","연*주*","","402",2.4802,58
"1129013800100750367","202001","11620-100244693","11470-72036","서**별**구** **동**4**1**지**","11440","13000","1","0048","0022","C* *름*","","3층302호",1.4921,38
"1141012000100640047","202011","11500-100279592","11440-100196414","서**별**성** **동**8**1**번**","11710","10100","1","0048","0133","","","402",1.7221,46
"1159010700101900199","202101","11410-10266","11710-149427","서**별**구** **동**5**8**","11590","10100","1","0232","0013","에*에*치*라","","501호",1.2654,61
"1130510300101210004","202003","11680-100229990","11710-100497459","서**별**영**구**등**2**2**5**지**","11320","10900","1","0089","0000","","","201",0.4974,50
"1126010400101820017","202009","11230-100200925","11290-100232977","서**별**양** ** **7**3**","11740","10300","1","0053","0039","화*월*빌","","401",1.1561,61
"1138010400102880000","202003","11710-100238789","11380-110664","서**별**동**구**안**3**-**번**","11500","10800","1","0660","1689","","주건축물제1동","202",0.8829,56
"1162010100116540015","202002","11380-38824","11620-63789","서**별**강** **동**4**지**","11740","10100","1","0008","0002","효*주*","","303",1.2917,56
"1153010700104570015","202008","11740-3087","11200-100180750","서**별**성** **동** **2**번**","11110","10600","1","0563","0022","","","301호",0.8037,59
"1153010700103190017","202001","11500-100200322","11440-100196422","서**별**강** **동**2**-**지**","11215","10300","1","0585","0005","메*저*우*","","",1.7792,95
"1153010900101470016","202011","11620-5965","11680-67952","서**별**노** **동**0**1**지**","11305","10200","1","0409","0009","청*그*빌","","402호",1.141,70
"1168010500100320006","202004","11380-100284074","11545-100238182","서**별**양** **동**0**1**지**","11305","10800","1","0180","0006","벨*하*스","","201호",1.3639,58
"1153010300101340060","202007","11740-100211831","11110-66612","서**별**구** ** **4**번**","11545","10200","1","1130","0008","동*아*맨*","","501",1.9355,44
"1174010500103930008","202102","11650-100234054","11530-100192710","서**별**강** **동**7**1**지**","11320","10300","1","0118","0002","베*니*리*스","","402호",1.1315,55
"1171011400101280106","202012","11740-8497","11620-100223701","서**별**은** **동**4**3**","11500","10300","1","0141","0101","로*오*베*트*","","2층201호",1.4748,49
"1138010300102380184","202005","11170-483","11590-59754","서**별**성** **동** **6**2**번**","11710","10400","1","0046","0006","에*쉐*빌","이동","501",1.0417,48
"1120010500107670013","202101","11305-100209341","11500-67074","서**별**마** **동**0**1**지**","11380","10600","1","0019","0006","","그린파크빌","302",1.1723,40
"1126010400101870024","202102","11320-16666","11215-34394","서**별**종** **동**1**1**지**","11290","10200","1","1134","0000","","","202",0.864,70
"1154510300109280007","202001","11440-31986","11320-24857","서**별**중** **동**3**1**지**","11470","10500","1","0001","0014","","","402",0.6685,53
"1141011900103810023","202103","11740-13757","11590-108579","서**별**관** **동**1**1**번**","11590","10100","1","0774","0025","삼*빌*","","303호",1.1996,74
"1121510100101070029","202009","11380-100293394","11710-131033","서**별**은** **동**7**4**","11545","10200","1","0245","0005","","14동","401",1.0915,35
"1144012200103670003","202012","11620-20278","11305-90715","서**별**도** **동**8**3**지**","11710","10300","1","0306","0063","마*바* *파","","102",0.9524,99
"1174010600104850001","202001","11305-28590","11215-100226615","서**별**송** **동**2**2**","11380","10900","1","0175","0042","","6동","203호",2.8103,66
"1174010900103150008","202010","11740-100200816","11680-202573","서**별**강** **동**3**번**","11680","13300","1","0001","0613","건*빌*","","302",1.0663,63
"1144012000103950117","202005","11290-100241514","11545-100201201","서**별**도** **동**1**4**지**","11470","10800","1","0043","0000","","","302호",0.762,47
"1150010300109950027","202003","11590-100228185","11110-63910","서**별**강** **동**3**3**지**","11440","10300","1","0168","0011","","","401",1.1589,66
"1144012400102390046","202005","11305-13599","11410-80715","서**별**광** **동**6**번**","11290","10300","1","0142","0001","오*동*랑*리","","3층 603호",1.4415,79
"1121510300102060034","202004","11290-100238310","11680-100262151","서**별**용** **동** **2**번**","11305","18400","1","0060","0000","","제B동","101",1.3604,43
"1171010500102910018","202003","11680-17465","11500-100268087","서**별**강** **동**6**1**지**","11680","10700","1","0439","0006","","","3층301호",0.8852,70
"1130510100101320049","202011","11380-33706","11740-100211834","서**별**관** **동**4**-**1**","11545","10600","1","0494","0419","동*그*빌","","",0.8514,47
"1144011100102500001","202103","11410-17436","11380-100291384","서**별**양** ** **8**번**","11500","10200","1","0093","0023","역*새*빌","A동","502",1.0417,59
"1162010100106730139","202004","11230-100225753","11470-100183410","서**별**구** **동**5**2**번**","11470","10200","1","0046","0004","히*팰*스","","301호",1.361,64
"1120010900101570000","202001","11470-12717","11710-103394","서**별**송** **동**3**2**","11440","10700","1","0204","0091","","","2층201호",1.5765,43
"1150010300100240151","202103","11305-17685","11320-100190053","서**별**도** **동**1**4**지**","11305","10600","1","0045","0008","","","201",1.295,63
"1154510300108620002","202011","11530-100220793","11470-100193787","서**별**영**구**길**9**번**","11260","11200","1","0414","0134","거*리*시","","203",1.0927,70
"1138010500100010009","202011","11440-31931","11740-100247276","서**별**강** **동**2**1**지**","11710","10100","1","0049","1825","","","301",4.1005,62
"1174010800104370029","202011","11740-100229269","11740-102920","서**별**구** **동**4**2**지**","11215","10500","1","0281","0027","","","202",1.9735,130
"1159010700104190046","202012","11740-10940","11320-100193338","서**별**송** **동**3**4**","11470","10100","1","0030","0035","후*아*빌","B동","302",2.6178,47
"1150010200105320005","202101","11590-100225695","11170-44301","서**별**은** **동**8**7**","11545","10100","1","0117","0005","","","2층2호",1.0246,49
"1165010700101070083","202002","11110-16594","11410-78436","서**별**성** **동** **9**번**","11710","10100","1","0180","0010","길*애*하*징","","201",2.8758,69
"1159010200104740007","202002","11530-19184","11590-92358","서**별**광** **동**4**3**지**","11410","10800","1","0974","0249","","","101",1.1267,43
"1121510700100750001","202001","11305-100224624","11305-68726","서**별**양** ** **6**번**","11650","10200","1","0575","0105","다*네*트*","","2층201호",2.135,54
"1153010900102780001","202005","11140-100207833","11710-100505609","서**별**노** **동**6**2**지**","11410","12800","1","1678","1103","맘*빌","","303",2.6171,66
"1162010200106260037","202008","11500-9310","11215-100209498","서**별**강** **동**1**2**지**","11290","10800","1","0836","0019","","Northern.Hillswlle","201호",0.8344,39
"1121510700100330023","202008","11500-9555","11200-56885","서**별**강** **동**5**4**번**","11620","10100","1","0193","0042","","","201",0.8613,60
"1150010300107780009","202104","11410-100210736","11380-104263","서**별**은** **동**7**1**","11290","10500","1","0200","0061","광*주*","108동","301",0.7424,72
"1154510300109530004","202008","11170-1368","11305-100183932","서**별**도** ** **8**0**","11620","11300","1","0299","0022","오*하*스","","204호",3.2189,62
"1121510500106000030","202104","11710-16467","11380-83504","서**별**영**구**림**7**-**번**","11260","10300","1","0184","0001","용*하*빌","","101호",0.8493,59
"1168010600109570017","202008","11500-100275332","11710-100479100","서**별**서**구**은**1**-**번**","11470","10700","1","0266","0009","금*빌","스카이가든","401",0.9348,61
"1150010300110470006","202010","11530-100192836","11410-70154","서**별**광** **동**8**2**지**","11680","10800","1","0368","0014","","","",1.0334,48
"1171010600100970007","202008","11680-18500","11710-82339","서**별**서** **동**2**9**","11410","10200","1","0646","0005","","","1층101호",1.2421,55
"1154510100101490023","202003","11215-100236480","11680-191789","서**별**중** **동**0**6**지**","11710","10800","1","0895","0007","천*빌*","101동","301",1.0471,59
"1171010400101030026","202012","11260-100232897","11215-100253617","서**별**서**구**가** **2**번**","11230","10400","1","0139","0024","","","404",1.0219,63
"1153010900101560017","202101","11260-100217000","11140-70915","서**별**강** **동**8**1**지**","11215","10100","1","0670","0072","","두산리치빌","2층3호",2.8571,57
"1126010500101370001","202007","11440-100250125","11620-100208838","서**별**구** **동**4**4**","11170","12100","1","0524","0006","","","301호",1.2085,66
"1171011200100360000","202009","11620-17464","11590-100184082","서**별**강** **동**0**2**번**","11410","13300","1","0005","0119","","","2층",1.4909,66
"1144012300104790071","202010","11470-13831","11650-28293","서**별**도** **동**0**1**지**","11545","10600","1","0131","0011","세*갤*리","","301",1.7059,44
"1165010700107310001","202105","11440-100216832","11545-100213723","서**별**은** **동**9**9**","11410","10500","1","0020","0001","","","501",1.2707,42
"1129013800102190182","202004","11380-33018","11260-100210825","서**별**구** **동**-**번**","11530","10200","1","0554","0004","","","402호",0.8541,50
"1171010400101760007","202102","11320-100196256","11650-116788","서**별**서** **동**6**1**지**","11710","10700","1","1640","0129","","","",2.0252,53
"1126010400103030004","202104","11215-100221389","11410-78106","서**별**마** **동**4**7**","11215","11100","1","0399","0088","","","201호",1.2187,66
"1150010300104520006","202006","11530-3605","11380-105417","서**별**도** **동**1**7**","11470","10300","1","0752","0075","예*팰*스*8*차","","202",0.864,53
"1162010200107590053","202006","11305-14021","11545-52060","서**별**은** **동**0**3**지**","11680","10800","1","0608","0007","","","405",1.8346,45
"1121510300100210017","202101","11410-22340","11410-76024","서**별**강** **동**0**1**지**","11650","10500","1","0027","0016","N*r*h*r*.*i*l*w*l*","","201호",1.9165,60
"1162010200105980083","202101","11710-12162","11710-100245228","서**별**송** **동**0**1**지**","11710","10200","1","0019","0003","아*존*","","1층101호",1.7054,53
"1168010800101500014","202104","11680-100195927","11350-65701","서**별**관** **동**1**8**지**","11170","10200","1","0289","0024","누*안*다*","","402",1.5574,68
"1150010300110830019","202103","11110-19845","11305-84899","서**별**강** **동**1**2**","11320","11500","1","0493","0022","","","101호",1.4875,44
"1159010200101830037","202012","11380-22113","11320-100183087","서**별**강** **동**8**9**","11530","10300","1","0460","0029","","","203",1.0503,61
"1123010600103210010","202102","11230-100185173","11440-111335","서**별**광** **동**4**4**","11215","10400","1","0264","0012","","","1층3",0.8582,70
"1162010200104710011","202002","11470-18814","11740-83121","서**별**강** **동**7**1**지**","11470","10300","1","0667","0000","","라동","203",0.849,73
"1159010700103160123","202001","11215-100221198","11545-42739","서**별**송** **동**8**번**","11305","10100","1","0120","0013","그*이* *","우리빌리지205","605",1.5554,45
"1126010200101240027","202102","11530-24669","11110-51922","서**별**은** **동**6**1**지**","11140","10100","1","0460","0013","","청운빌라18차","2층201호",0.9907,55
"1171010600101670010","202012","11710-20976","11530-52380","서**별**송** **동**2**8**","11710","11500","1","0780","0002","금*블*","","403",1.0356,63
"1168010800101490018","202010","11620-100261868","11305-100213290","서**별**강** **동**7**3**지**","11500","10100","1","0103","0002","진* *이*","","201호",1.5096,75
"1123010900102860024","202104","11440-4617","11410-48044","서**별**중** **동**8**6**","11620","10300","1","0468","0028","","","202",0.8497,52
"1150010300104550023","202101","11710-15391","11380-67345","서**별**마** **동**9**9**","11545","10700","1","1043","0011","보*리*빌","","601",1.1618,67
"1121510100102580026","202011","11215-8884","11500-76843","서**별**은** **동**0**1**지**","11440","11400","1","0275","0026","","에버그린빌","1층101호",1.9739,65
"1135010500104560137","202005","11380-100225569","11620-100226024","서**별**서**구**가** **7**번**","11410","11000","1","0147","0005","위*리*빌","102동","1층105호",1.4944,43
"1132010800105620028","202002","11350-3852","11680-100233126","서**별**강** **동**0**1**지**","11710","10100","1","0210","0034","레*하*츠","","402",2.57,61
"1153010900100830003","202005","11380-100209306","11260-100249325","서**별**용** **동**2**지**","11380","12000","1","0599","0072","","승우리버빌","401",1.9741,65
"1174010700104940040","202003","11305-28919","11545-64443","서**별**강** **동**2**-**지**","11215","11500","1","0593","0030","","","502",2.1116,76
"1150010300100730105","202010","11470-100191956","11560-100223089","서**별**구** **동**5**3**지**","11710","10300","1","0018","0009","도*공*","","501호",2.1505,58
"1153010700103230020","202105","11305-100205838","11380-84265","서**별**광** **동**3**5**","11290","10300","1","0913","0019","","","402",1.0774,30
"1123010600103920009","202003","11215-8061","11260-74661","서**별**서** **동**5**4**","11290","10200","1","0057","0026","아*도*빌*","5동","204",1.5421,43
"1138010200101770010","202007","11500-100307432","11470-100204936","서**별**강** **동**0**2**지**","11530","10600","1","0662","0002","파*새*라","","304",2.7798,47
"1123010600103260007","202003","11620-5442","11500-87242","서**별**관** **동**5**-**지**","11380","10700","1","0159","0046","청*빌*","","501호",3.2187,54
"1171010400100270015","202004","11650-100240174","11680-122800","서**별**은** **동**5**지**","11590","10300","1","0316","0008","","","1층102호",0.8349,51
"1150010300108710031","202102","11290-40021","11590-100182188","서**별**서** **동**5**-**지**","11215","10100","1","0055","0030","","그린파크빌","1층1호",1.9376,61
"1121510100101500122","202004","11740-15263","11530-100229659","서**별**구** **동**3**2**지**","11530","10500","1","0433","0024","다*림","","202호",1.0288,53
"1138010600102080039","202103","11710-100517421","11350-100195635","서**별**광** **동**3**2**지**","11440","10800","1","0694","0006","성*위*빌","주건축물제1동","301호",1.3647,57
"1147010300105190002","202005","11470-100200485","11290-63698","서**별**광** **동**9**5**","11305","10300","1","0234","0009","동*아*힐","","102",1.2494,64
"1165010200103490001","202011","11620-17140","11230-98603","서**별**중** ** **3**8**","11260","10500","1","0854","0032","","","303호",1.2795,95
"1144012700100200000","202004","11710-100239047","11440-113385","서**별**성** **곡**9**1**3**","11710","10300","1","0172","0004","","","302",0.477,95
"1141012000103370028","202003","11590-21240","11410-77248","서**별**강** **동**7**9**","11320","10500","1","0097","0321","","","404",1.7931,59
"1174010800100460004","202105","11260-13867","11230-100253236","서**별**마** **동**2**1**지**","11620","13900","1","0686","0011","초* *스*","","201",1.1333,64
"1156011100102360000","202003","11470-12955","11530-115720","서**별**강** **동**5**1**지**","11500","10100","1","0688","0004","포*빌","","201",1.399,39
"1138010400105220037","202009","11320-4335","11380-100271756","서**별**강** **동**4**1**지**","11710","13300","1","1046","0014","현*아*빌*","","301",1.6414,57
"1138010500100180009","202103","11680-9453","11680-178515","서**별**강** **동**9**3**지**","11290","11900","1","0315","0004","엘*하*스","세진파크","201호",0.6645,62
"1141010600101170006","202101","11710-100245443","11500-172737","서**별**은** **동**2**1**지**","11740","10200","1","0942","0024","천*빌*","1동","202",3.8527,80
"1121510500106510037","202008","11380-5685","11710-166491","서**별**강** **동**3**8**지**","11680","10300","1","0655","0483","늘*랑","","1층103호",1.2065,61
"1159010700102390006","202006","11320-8580","11200-90396","서**별**관** **동**0**1**","11215","10700","1","0003","0013","","","203",1.9029,403
"1174010900103310002","202004","11530-100229585","11215-100236574","서**별**금** **동**6**2**지**","11380","10900","1","0795","0006","","하우징허브오렌지","404",0.9744,62
"1147010200103180011","202104","11230-16705","11320-100216579","서**별**강** **동**0**1**지**","11620","10300","1","0113","0070","","","",1.1597,41
"1138010400104780004","202004","11545-100213098","11500-167218","서**별**은** **동**2**2**지**","11305","13300","1","1564","0250","대*맨*","","501",1.0839,67
"1126010200100840015","202103","11320-8957","11380-100295298","서**별**서** **동**2**번**","11350","10500","1","0322","0064","온*리*라","파인아트디자인하우스","",1.0545,93
"1147010200106010010","202007","11110-15616","11320-100201502","서**별**강** **동**0**3**지**","11215","10500","1","0741","0015","","","201호",1.3112,60
"1165010800114660021","202103","11710-100497443","11380-100228535","서**별**강** **동**1**6**","11500","10200","1","0546","0036","","","102",1.3791,67
"1159010200100330006","202002","11320-100202440","11545-100245856","서**별**마** **동**6**번**","11380","11100","1","0052","0432","청*명*","거성리젠시","301",1.3017,61
"1141011800104120019","202012","11530-13098","11470-100215986","서**별**관** **동**1**2**지**","11740","10300","1","0070","0006","써*힐","","305호",1.9436,68
"1126010400102480002","202103","11410-22144","11440-110607","서**별**강** **동**1**7**","11590","10300","1","0107","0112","","","502",1.2962,42
"1159010600101020045","202011","11650-6609","11545-100201756","서**별**관** **동**6**6**","11500","12500","1","0391","0177","푸*솔","A동","303",0.718,304
"1129013300103050005","202103","11350-100195291","11380-72484","서**별**송** **동**7**1**지**","11710","10600","1","0708","0011","","","501",0.5124,61
"1117010900100010010","202005","11350-13186","11740-100226935","서**별**용** **동** **-**번**","11590","10200","1","0263","0001","","B동","이층202",1.1769,50
"1117011700100010144","202004","11170-9435","11545-68749","서**별**동** **동**1**1**번**","11470","11800","1","0892","0007","","","201",1.2044,60
"1147010200103180319","202012","11560-100205125","11440-99856","서**별**송** **동**3**8**","11740","13000","1","0307","0214","정*트*빌","","",0.9039,37
"1171011400100950027","202004","11710-100504041","11440-100214275","서**별**서** **동**7**4**","11260","11400","1","0186","0034","다*숲","","1층101호",1.5121,29
"1165010100105410073","202001","11410-26152","11320-104027","서**별**서** **동**9**2**","11410","10100","1","1117","0019","주*베*빌","제2동","501",2.5529,48
"1150010300111300007","202005","11620-11690","11620-72685","서**별**노** **동**0**-**번**","11710","10200","1","0241","0032","한*빌*","","301호",1.1429,48
"1144012300104160038","202011","11680-9900","11500-109388","서**별**용** **동**2**5**번**","11590","10100","1","0155","0004","","103동","602호",1.8817,56
"1138010100103770013","202008","11170-20580","11380-100271672","서**별**동**구**농**2**1**","11260","10100","1","0190","0000","","","203호",0.9632,41
"1159010700110390018","202001","11260-100215118","11470-93000","서**별**강** **동**1**6**","11305","17000","1","0352","0006","더*래*","","1층3호",3.1579,62
"1150010800106650010","202102","11470-15823","11740-80116","서**별**송** **동**3**7**","11545","10500","1","0035","0003","자*하*스","필하우스","402",0.8285,68
"1150010300103660035","202102","11380-100299494","11305-100206045","서**별**송** **동**7**1**지**","11380","11900","1","0482","0020","","","302",1.6747,70
"1130510100113630000","202102","11620-100225300","11170-41699","서**별**강** **동**5**1**지**","11500","10300","1","0849","1842","","B동","501",1.027,66
"1141011700102870016","202002","11620-100191049","11260-100234780","서**별**은** **동**2**8**지**","11380","10300","1","0158","0001","","B동","202",2.8333,46
"1165010100108700040","202003","11380-36949","11680-100214954","서**별**강** **동**3**4**","11590","10300","1","0937","0003","모*하*","","302호",1.4369,56
"1171010100102980018","202101","11680-20506","11500-86077","서**별**동** **동**6**7**","11470","11400","1","0092","0003","","B동","203",1.5406,64
"1121510300100200012","202009","11740-100212692","11560-100215506","서**별**서**구**촌**2**6**","11740","10100","1","0432","0000","에*맨*C*","","602",1.0045,45
"1147010300109830009","202001","11290-100222784","11590-91413","서**별**강** **동**7**1**지**","11590","10800","1","0465","0070","그*이*힐","","501",0.8589,227
"1126010600104490004","202002","11230-100251874","11560-100221376","서**별**관** **동**4**2**번**","11290","10200","1","0587","0100","","","405",1.2782,94
"1129012200101380000","202010","11740-100256886","11470-81922","서**별**중** **동**7**2**지**","11590","10300","1","0685","0002","","다동","401",1.8395,35
"1165010100109130017","202105","11560-35458","11680-131265","서**별**강** **동**8**2**","11545","10400","1","0247","0193","로*파*뷰","동양그린빌","403",0.8176,70
"1138010300101700034","202102","11620-100226867","11545-100247006","서**별**은** **동**6**5**","11440","11500","1","1118","0032","","","2층1호",3.0335,68
"1121510300105960008","202011","11380-11061","11215-100240137","서**별**중** **동**2**3**지**","11710","10100","1","0221","0014","","","303",0.9555,49
"1126010600104930045","202008","11305-28448","11200-64236","서**별**마** **동**3**3**지**","11440","10700","1","0564","0009","","","401호",1.0507,45
"1174010900103620038","202104","11380-11831","11380-100182494","서**별**양** **동**5**3**","11215","10600","1","0603","0003","현*빌*지","","301",1.1383,70
"1153011100102730012","202003","11440-100210613","11740-100174301","서**별**광** **동**2**5**지**","11230","10300","1","0010","0026","효*주*","3동","402",2.7691,75
"1168010800101560002","202001","11590-100216425","11380-117951","서**별**은** **동**1**지**","11410","10800","1","0066","0007","","","401호",1.3316,42
"1111018200101100018","202103","11350-100194007","11440-100200212","서**별**송** **동**6**번**","11650","10700","1","0382","0024","","","401호",0.8988,62
"1138010300102970008","202004","11320-16505","11380-127839","서**별**관** **동** **1**0**지**","11680","11200","1","0934","0015","","","501",1.4124,40
"1159010900106320079","202003","11500-3778","11140-100218116","서**별**영**구**림**9**-**번**","11590","10600","1","0915","0293","","","302",3.4242,48
"1174010900103170010","202104","11500-18888","11215-100241658","서**별**동** **동**8**5**지**","11500","10100","1","0928","0019","샹*리*","","503",1.2744,82
"1168010800102430011","202007","11110-26639","11620-106008","서**별**강** **동**2**-**번**","11500","10300","1","0134","0002","성*빌*지","","301",0.8297,51
"1165010100108090008","202008","11290-31170","11305-100206727","서**별**동** **동**5**6**지**","11380","10100","1","0045","0010","현*하*징","","203",0.7406,69
"1147010300100200018","202012","11170-18620","11290-100225514","서**별**용** **동**2**1**","11680","10800","1","0484","0037","리*힐","","201호",0.8491,33
"1138010900100060009","202102","11380-33869","11290-100213641","서**별**광** **동**7**2**","11290","13300","1","0127","0000","","라이프타운","501",1.6847,49
"1138010800100520053","202009","11680-3735","11680-204863","서**별**구** **동**0**2**지**","11260","10600","1","0137","0013","","","303",0.9818,57
"1150010300108140002","202008","11500-100255772","11500-86515","서**별**송** **동**1**6**","11440","12300","1","0058","0143","","","302",0.9146,33
"1162010100115850015","202012","11380-28555","11260-100231409","서**별**구** **동**0**1**지**","11230","10300","1","0332","0031","양*마*","","302호",0.8773,41
"1150010300101050198","202009","11200-14623","11410-46928","서**별**중**장**2**1**-**1**","11500","10300","1","0421","0039","정*주*","","402호",1.0816,72
"1138010900103410038","202001","11710-24796","11710-148900","서**별**강** **동**9**3**지**","11260","10300","1","0383","0070","","","503호",0.8325,91
"1168010300111840000","202004","11620-11814","11500-91376","서**별**강** ** **5**1**","11530","10100","1","0731","0005","만*하*애","A동","402호",0.9958,93
"1138010200101440041","202101","11500-24993","11140-100224021","서**별**은** **동**9**번**","11560","10700","1","0179","0624","","","201",1.0494,39
"1162010200107600015","202001","11470-100184150","11350-176081","서**별**관** **동**9**8**지**","11215","10100","1","0451","0173","백*빌*지","","403",0.7506,48
"1165010100108570030","202012","11620-100225114","11680-100263474","서**별**강** **동**5**6**","11545","10500","1","0691","0028","","","1층101호",1.0211,61
"1138010700103510004","202008","11320-100207406","11200-55783","서**별**강** **동**1**3**지**","11215","10300","1","0631","0013","","","203",1.2647,66
"1147010100109370005","202001","11500-24721","11620-100217281","서**별**강** **동**6**7**지**","11410","10800","1","0327","0017","H*L*N*H*L*","","",0.9455,50
"1150010300110420006","202003","11590-100225305","11650-119305","서**별**강** **동**6**2**번**","11305","10500","1","0616","0037","한*빌*지","","202",1.6247,61
"1147010100108820007","202011","11500-25941","11170-51153","서**별**중** **동**4**7**","11560","10100","1","0789","0019","","","104호",0.8698,48
"1150010300104250019","202001","11215-100222113","11500-100215092","서**별**양** **동**8**3**","11740","18300","1","0824","0030","","","304",1.022,46
"1141011900103240032","202010","11530-1952","11440-95623","서**별**관** **동**4**2**","11200","10200","1","0073","0021","경*쉐*빌","","301호",0.8667,34
"1156010500101170007","202011","11380-100278374","11380-100245626","서**별**강** ** **6**9**","11545","10300","1","0128","0051","더*터*브*5*3*","","301",0.4742,53
"1147010200107790025","202009","11350-100183514","11740-100206200","서**별**서** **동**4**-**번**","11320","11100","1","0434","0018","역*동*7*8*1* *동*택","","502",1.8505,51
"1154510200110640026","202004","11500-15762","11305-100186245","서**별**은** **동**2**4**지**","11500","11900","1","0168","0019","한*타*","","805",1.0838,32
"1111018600101360013","202007","11470-100218427","11620-96555","서**별**송** **동**8**1**지**","11590","10200","1","0273","0021","하*징*브","","602",0.8058,59
"1141011700107030005","202105","11305-30558","11260-100183327","서**별**송** **동**3**번**","11440","10800","1","0432","0036","","","",2.2011,147
"1171010800101400002","202010","11740-13783","11710-123293","서**별**동** **동**9**6**지**","11290","10700","1","0522","0004","다*이*빌","","101",0.9121,47
"1171010600100290014","202009","11740-21360","11170-48502","서**별**동** **1**4**-**지**","11320","10200","1","0181","0001","조*빌*지","","101",1.9587,62
"1132010800105650016","202002","11380-16548","11710-166365","서**별**마** **동**6**1**지**","11710","10100","1","0867","0005","1*1*","","501호",0.964,50
"1162010200116800007","202009","11440-8621","11530-76531","서**별**도** **동**3**3**","11290","10800","1","0300","0039","","","101호",1.1724,56
"1147010300104330006","202104","11470-14507","11710-166505","서**별**송** **동**7**0**","11590","10300","1","0172","0006","","","402호",1.1377,77
"1117013100105730010","202105","11320-100189923","11260-100192512","서**별**은** **동**0**3**지**","11710","10300","1","0054","0002","삼*프*임*동","","301",1.1151,46
"1117011900100050083","202002","11380-17412","11305-90027","서**별**광** **동**2**","11380","10100","1","0233","0008","행*빌*","","",0.9209,75
"1171011100101140010","202007","11470-5888","11740-100227171","서**별**마** **동**7**1**","11620","10800","1","0005","0004","선*연*","뉴아름빌","",1.2794,56
"1121510100100780015","202006","11350-100197771","11230-100228977","서**별**은** **동**1**6**지**","11530","11000","1","0127","0025","","","102호",1.4767,59
"1150010300100420053","202102","11620-34069","11620-100227169","서**별**구** ** **2**번**","11260","12900","1","0299","0027","","","2층202호",1.7037,71
"1130510300101720188","202010","11410-21722","11380-100309372","서**별**송** **동**2**2**지**","11545","10100","1","1016","0011","성*하*츠","","401",0.9055,53
"1174010700104560003","202004","11710-14221","11170-63743","서**별**서**구**희**4**-**지**","11710","10900","1","0819","0009","우*아*빌","","201",1.1134,44
"1154510200110750030","202012","11380-5536","11290-63133","서**별**용** **동**1**번**","11650","10200","1","0165","0006","세*트* *리*","B동","302호",0.8621,58
"1162010200104710027","202104","11320-12878","11305-100213099","서**별**강** **동**2**4**지**","11290","10300","1","0519","0007","세*빌*","","201",1.4062,56
"1171010400101800010","202102","11500-25762","11200-41227","서**별**도** **동**3**1**","11215","10300","1","0324","0010","라*카*티","","102",1.2165,58
"1138010700105920031","202007","11260-100229186","11680-123412","서**별**용** **동**-**번**","11470","10700","1","1549","0036","J*슬","","405",1.0016,40
"1123011000101120033","202002","11380-100233165","11380-110513","서**별**관** **동**0**4**지**","11440","10100","1","0018","0018","","","202호",1.368,55
"1159010200102100074","202102","11410-25674","11500-68836","서**별**강** ** **2**번**","11680","11100","1","0730","0001","","","102호",1.634,52
"1162010200105670028","202012","11740-11390","11620-85443","서**별**은** **동**5**2**","11290","10200","1","0117","0008","","","301",1.3307,52
"1168010500101450029","202003","11590-6064","11410-100228042","서**별**마** **동**5**2**지**","11710","12500","1","0139","0126","삼*하*징*동","","1층1호",1.1424,37
"1153010200101540013","202011","11500-6337","11215-34117","서**별**강** **동**0**5**지**","11110","17000","1","0460","0029","행*한*","106동","203호",1.7078,63
"1121510900100420001","202104","11740-8503","11590-100214542","서**별**금** **동**2**8**","11290","10200","1","0056","0237","","","2층202호",0.9781,72
"1121510300102510165","202102","11500-12862","11215-32171","서**별**광** **동**2**번**","11410","10700","1","0929","0006","현*빌*지","","403B",0.993,57
"1135010500110900021","202004","11470-10357","11290-69407","서**별**서**구**아** **3**4**","11380","11500","1","0052","0171","한*씨*빌","","402",1.2832,67
"1174010900100900002","202010","11740-12726","11380-101841","서**별**강** **동**1**1**지**","11380","10700","1","0919","0003","","금천타워","3층1호",0.8026,46
"1153011000100730008","202012","11320-13328","11500-78126","서**별**강** **동**9**8**","11500","10100","1","0868","0949","예*하*빌","유성하이빌","501",2.1544,50
"1171010800100880018","202009","11545-100225679","11320-29129","서**별**양** ** **7**번**","11170","10700","1","0234","0001","C*아*채","가","301",1.67,69
"1150010300100560095","202005","11710-19565","11740-77837","서**별**강** **동**2**1**","11305","13600","1","0807","0007","비*아*빌","드림빌","201",1.5136,57
"1171010700100500011","202104","11170-2596","11305-57951","서**별**송** **동**3**지**","11215","10200","1","0243","0074","","","401",2.5801,41
"1171010400101450010","202105","11290-100227259","11545-100204249","서**별**중** **동**3**2**지**","11290","10500","1","0558","0054","아*리*","","502호",2.0055,90
"1138010900100300026","202009","11710-100505321","11110-72710","서**별**관** **동**0**2**번**","11740","10100","1","0417","0002","마*플*이*","","401호",1.2384,49
"1130510300104910082","202104","11170-16119","11305-80779","서**별**성** **동** **9**4**지**","11380","10300","1","0508","0292","","","2층202호",1.9029,57
"1129010300105380108","202001","11620-100257792","11305-100214546","서**별**강** **동**2**2**","11560","10200","1","0258","0181","에*-*","","3층301",1.6275,59
"1154510300109520010","202103","11440-5034","11110-69342","서**별**송** **동**8**5**","11500","12300","1","0972","0024","해*채","주건축물제1동","",1.6255,39
"1121510300100230034","202001","11500-100230031","11710-100531607","서**별**성** **동**2**7**","11590","10500","1","0324","0285","북*좌*다*대*택*근*생","","101",0.8612,60
"1147010100109960002","202101","11350-100197499","11650-100265207","서**별**동** **동**5**4**지**","11260","11100","1","0313","0002","해*치*","골드클래스","101",1.6852,47
"1159010200102140181","202008","11590-19048","11320-104728","서**별**도** ** **8**5**","11680","10300","1","0145","0033","만*센*시*","","601",0.6753,49
"1132010500103150004","202003","11440-100245939","11710-148759","서**별**강** **동**6**2**지**","11170","10900","1","1143","0201","삼*파*빌","","501",0.8947,40
"1162010200114810028","202105","11380-29282","11710-100472690","서**별**관** **동**0**1**번**","11320","10400","1","0354","0004","","","302",0.9737,48
"1171010800101360021","202010","11710-100241686","11500-100208296","서**별**강** **동**8**2**지**","11650","10100","1","0464","0072","","에이동","403",1.2263,80
"1168010300112650000","202008","11410-22189","11440-100205728","서**별**송** **동**6**1**지**","11470","10600","1","0238","0007","주*빌*","2동","401호",1.6016,69
"1120010800102650044","202011","11560-29542","11530-111940","서**별**도** ** **1**1**","11215","12400","1","0268","0005","","","302",2.5308,66
"1144012300104250041","202011","11560-100235606","11650-31009","서**별**강** **동**8**번**","11545","10100","1","0180","0004","","","301",1.0775,62
"1171010400101630005","202001","11680-100212327","11215-37266","서**별**서** **동**6**-**번**","11680","10600","1","0317","0700","","","이층302호",2.0186,59
"1168010600108960040","202102","11470-9057","11530-70802","서**별**동** **동**1**1**번**","11260","10500","1","0138","0010","","","206호",2.7864,122
"1111010900101660251","202105","11650-18001","11410-100201376","서**별**강** **동**8**7**","11620","10300","1","0128","0010","하*채*","","201",2.1458,30
"1129011900101400000","202102","11380-37421","11320-45635","서**별**마** **동**8**2**지**","11320","11400","1","0918","0041","중*하*츠*라","","501호",0.8539,58
"1141011100103560001","202007","11650-100240094","11215-100202949","서**별**서** **동**8**3**","11470","10300","1","0944","0000","","","301호",1.8272,72
"1168010800102290021","202001","11680-23933","11440-100239518","서**별**구** **동**5**1**지**","11740","11100","1","0318","0015","한*그*빌","","101",2.0329,61
"1168010300112000004","202009","11470-100235048","11440-105129","서**별**강** **동**4**3**","11470","10300","1","0051","0127","스*힐*","","2층203호",2.1699,52
"1156010100105750007","202006","11290-100225128","11680-178911","서**별**은** **동**9**5**","11410","10700","1","0511","0009","리*팰*스","","501",1.043,106
"1138010900100310011","202105","11650-6726","11740-100209397","서**별**강** **동**9**8**","11380","10300","1","0472","0000","논*동*1*-*5*공*주* *주*순*","온세아트빌","사층401",3.5602,68
"1129013300105080054","202105","11470-15384","11680-158158","서**별**관** **동**5**-**지**","11530","10600","1","0656","0403","","","401",0.681,58
"1150010500100060004","202101","11680-100215869","11710-157705","서**별**영**구**림**9**-**번**","11320","10300","1","0050","0001","","","1층102호",2.5532,63
"1168010100106550014","202101","11350-9279","11230-99108","서**별**은** **동**9**번**","11680","10100","1","0161","0031","샤*빌","","401호",1.6438,31
"1162010100106470013","202101","11305-100214923","11215-100188675","서**별**은** **동**9**4**","11500","10100","1","0105","0012","","102동","",1.4242,92
"1130510300103940050","202007","11680-23988","11620-100265387","서**별**강** **동**9**2**지**","11680","10200","1","0410","0000","호*빌*","","401",1.0367,83
"1162010100101480055","202001","11500-27187","11215-100238524","서**별**강** **동**5**지**","11380","10100","1","0409","0008","우*빌*","","401",1.3326,34
"1130510200101480260","202012","11200-100210008","11410-100191985","서**별**용** **동** **-**번**","11500","10400","1","0728","0093","삼* *르*","이룸뉴캐슬","404호",0.8665,45
"1123010900102930095","202002","11305-29327","11215-100238651","서**별**서**구**가** **2**번**","11650","11100","1","0978","0013","은*주* *0*동","","3층302호",1.0536,45
"1120011000105240000","202006","11680-6112","11350-105515","서**별**강** **동**6**3**","11740","10500","1","0999","0033","","뉴시티빌","2층 201",1.3004,58
"1168010100107850024","202101","11680-14566","11380-108299","서**별**용** **동**0**3**지**","11290","13800","1","0041","0009","삼*시*빌","101동","202호",1.8425,77
"1171011100101310016","201912","11650-7460","11260-100225681","서**별**서**구**가** **7**8**","11500","10100","1","0202","0002","대*파*리*","","1층102호",1.1074,51
"1171010800100850009","202004","11590-26225","11200-87113","서**별**강** **동**8**2**지**","11740","16800","1","0039","0051","성*듀*팰*스*2*","","203",2.2391,66
"1138010400105160023","202103","11500-16898","11200-100215383","서**별**동** **동**0**4**지**","11320","10300","1","0140","0000","안*","","202",1.6214,35
"1120012200101550003","202012","11710-100459875","11530-100201896","서**별**강** **동**7**1**지**","11590","11900","1","0840","0003","혜*쉐*빌*차","101동","301",1.4881,57
"1171010500102450017","202001","11290-15349","11545-100225188","서**별**양** **동**1**-**번**","11650","10100","1","0076","0039","하*빌*지","2","503",1.0073,37
"1162010100101800047","202007","11305-28977","11380-110785","서**별**도** **동**1**1**","11740","16200","1","0195","0031","청* *우*멤*스*운*I*I","","306",0.9892,43
"1171010400100180012","202005","11680-7976","11290-100227791","서**별**강** **동**0**4**지**","11380","10500","1","0214","0058","","","101",1.0444,41
"1147010200106150008","202006","11740-17535","11290-66619","서**별**서**구**천**2**번**","11320","10300","1","0210","0078","","","201호",1.1013,65
"1147010200107600030","202002","11620-30957","11410-100188885","서**별**금** **동**4**9**","11470","10200","1","0394","0006","비*빌*","","304호",2.3613,62
"1154510300100030085","202012","11740-9295","11740-100250990","서**별**용** **동** **1**4**","11290","10200","1","0271","0051","H* *a*t*e","A동","402",0.9491,52
"1132010800106250035","202010","11710-22460","11560-123630","서**별**강** **동**6**5**지**","11320","10200","1","0710","0002","해*해*름*차","","502",1.0556,62
"1130510100102580554","202002","11470-12695","11620-89042","서**별**성** **동**3**2**지**","11740","11900","1","0076","0017","","나동","101",1.287,47
"1144012000104420039","202101","11650-10019","11215-100252583","서**별**강** **동**1**1**지**","11380","10300","1","0206","0005","","","101",0.9873,64
"1117010700100220042","202103","11260-13722","11305-85495","서**별**송** **동**9**번**","11500","11100","1","0127","0135","","","501",2.6522,53
"1171010500101720016","202101","11620-100219442","11545-59287","서**별**중** **동**1**8**","11320","18400","1","0282","0025","선*연*","","401",1.8493,78
"1138010800100660017","202010","11305-13023","11140-100214085","서**별**송** **동**3**번**","11590","10100","1","0366","0023","","","301",2.1422,47
"1126010300102930008","202105","11470-14507","11680-61119","서**별**은** **동**2**7**","11380","10300","1","0528","0008","","","504",1.5879,86
"1171010300103980008","202012","11710-21903","11170-63753","서**별**성** **곡**8**6**지**","11290","10600","1","0124","0008","아*다*집","","304",1.522,98
"1130510300102810003","202103","11470-100224148","11500-86849","서**별**중** ** **7**1**지**","11305","10300","1","0467","0020","성*팰*스*꿈*숲*","","401",2.7501,59
"1111010900101660037","202102","11710-15374","11380-69734","서**별**동** **동**9**5**지**","11320","10300","1","0227","0050","","동화아트빌(A동)","3층305호",0.4837,57
"1174010900103100017","202003","11260-100195287","11650-130940","서**별**서** **동**-**5**","11320","10200","1","0132","0318","","가달하우스","402호",2.0059,64
"1171011300102920005","202103","11440-100206148","11380-100254980","서**별**강** **동**4**8**","11620","11200","1","1556","0011","","영풍타운","301",1.1171,49
"1129013800102190257","202012","11305-30648","11500-100281280","서**별**중** **동**2**3**지**","11620","10600","1","0199","0125","","","402호",2.0178,53
"1171011200101160013","202101","11560-35171","11140-69399","서**별**구** ** **3**1**","11530","10300","1","0462","0001","","에이동","201호",1.6573,69
"1150010600107000015","202003","11590-30835","11440-100219159","서**별**중** **동**0**6**지**","11620","10100","1","0103","0013","","풍산빌라","301",0.8668,46
"1150010300100610034","202104","11260-100197014","11545-100232153","서**별**송** **동**6**번**","11560","10300","1","0994","0000","동*하*츠","","401",1.0336,57
"1138010400104010009","202006","11410-26244","11215-41449","서**별**성** **동**3**2**번**","11530","10700","1","0018","0019","세*타*","","202",1.3538,60
"1126010100101550033","202004","11500-3726","11110-46674","서**별**강** **동**6**6**지**","11500","10300","1","1207","0008","세*파*빌","","202",1.1651,34
"1121510500102210008","202009","11380-30006","11320-102233","서**별**강** **동**7**1**지**","11380","10900","1","0842","0010","","비동","101",0.8373,58
"1144012200104400016","202103","11500-26147","11110-55561","서**별**중**중** **8**5**","11710","10600","1","0003","0057","","","601",1.886,35
"1121510300102080011","202010","11260-100194999","11590-100238551","서**별**도** ** **8**5**","11500","11300","1","1581","0005","광*샤*빌","","이층201호",0.9311,62
"1138010800102350000","202010","11380-100265351","11740-100201308","서**별**광** **동**5**2**지**","11710","10500","1","0037","0001","","1동","103호",2.4784,53
"1138010800100720006","202104","11260-100195645","11500-100197114","서**별**도** **동**8**2**","11620","10100","1","0385","0000","","","101",1.158,66
"1117010200100310004","202012","11500-100238530","11440-100203496","서**별**구** **동**7**2**지**","11680","10800","1","0179","0004","","","",1.3377,44
"1121510100101490017","202002","11215-20540","11650-23066","서**별**강** **동**9**4**지**","11500","10500","1","0158","0066","동*캐*","","201",1.0008,30
"1165010800114870131","202006","11470-17534","11710-100473027","서**별**동** **동**7**3**번**","11470","10500","1","0532","0040","","","201호",1.4697,56
"1171011200101340009","202002","11590-100204636","11215-100233794","서**별**은** **동**1**4**","11380","10700","1","0443","0030","골*빌","","403호",1.2836,121
"1126010300101310027","202005","11710-100231977","11440-100183415","서**별**강** **동**5**2**번**","11440","11100","1","0409","0008","","가동","302호",1.0798,60
"1150010800100510002","202006","11710-100448206","11290-100228444","서**별**양** ** **5**1**","11560","10600","1","0241","0015","태*하*빌","","303",1.4723,74
"1165010800115460005","202003","11410-100195198","11110-35332","서**별**동**구**문**2**-**번**","11620","13600","1","0967","0019","","","",1.423,42
"1165010800115110008","202011","11590-5561","11470-59776","서**별**서**구**희**1**-**번**","11710","10600","1","0616","0006","진*아*란*","","202",1.868,48
"1123010900102810024","202105","11500-100235206","11215-80991","서**별**서**구**가** **8**지**","11500","11400","1","0669","0013","","","201호",1.3111,46
"1159010700104190108","202007","11710-18531","11380-100245753","서**별**송** **동**2**1**지**","11710","11000","1","0543","0012","비*빌*","","102호",1.1442,26
"1162010200105020006","202002","11680-16052","11305-83144","서**별**서** **동**0**2**지**","11500","10300","1","0932","0002","","이레쉐르빌","4층402호",1.3135,37
"1129011100102140003","202002","11545-13653","11215-100238382","서**별**송** **동**0**5**","11260","10800","1","0564","0037","","A","402",0.8779,63
"1159010800103910292","202009","11590-20599","11170-100193937","서**별**강** **동**9**2**2**","11680","10400","1","0264","0027","","김경호건물","601",1.6,45
"1138010800100330010","202005","11740-731","11380-100281858","서**별**중**신** **3**2**지**","11290","10500","1","0111","0003","승*베*트*","","201",2.8169,95
"1162010200116670033","202001","11500-100204628","11440-37882","서**별**강** **동**5**1**지**","11650","10400","1","0004","0007","동*하*스","","201호",1.75,45
"1156012900101210004","202002","11470-4907","11740-100230654","서**별**서** **동**4**-**번**","11440","13500","1","0458","0011","","","",0.9886,34
"1165010800116370003","202008","11680-7441","11350-100196018","서**별**송** **동**8**6**","11215","10300","1","0292","0104","","","602",1.5843,81
"1132010500101390090","202103","11500-28088","11380-71644","서**별**서**구**제**3**-**번**","11260","12000","1","0951","0003","","","101",1.0141,79
"1144012700100340033","202010","11680-5556","11530-100197928","서**별**송** **동**6**9**","11530","10700","1","0077","0022","","","1층 101호",2.1083,51
"1156013300109930004","202009","11440-27049","11215-100250301","서**별**구** **동**9**7**","11650","10500","1","0007","0001","","","",1.9461,68
"1156013200100980015","202009","11110-1961","11560-100198849","서**별**구** **동**5**2**지**","11620","10700","1","0610","0026","","","203호",1.3666,50
"1171010700101130013","202103","11170-100215999","11500-164786","서**별**강** **동**5**4**","11290","10100","1","0094","0022","","","2층202호",1.7065,58
"1159010700110490017","202101","11590-28658","11230-100228821","서**별**양** **동**2**4**지**","11545","10300","1","0227","0017","두*아*브","진흥푸르지오","803",0.8507,52
"1141011800102650161","202006","11620-7465","11500-72345","서**별**송** **동**5**2**","11620","13600","1","0411","0004","대*파*빌","","603",1.319,54
"1117012100100380017","202011","11410-100196171","11530-100204756","서**별**금** **동**5**7**","11710","10500","1","0148","0546","진*르*상*","","201",1.3439,93
"1171010100103050010","202012","11545-11925","11470-100207769","서**별**도** **동**5**7**","11305","10800","1","0656","0000","","해피하우스","102호",1.9578,57
"1165010200103780004","202004","11380-17484","11305-100208349","서**별**동** **동**1**1**지**","11590","11900","1","0890","0013","","A동","202",1.0184,60
"1153010800100090021","202101","11500-100266034","11710-100240980","서**별**광** **동**9**6**","11290","10600","1","0602","0021","삼*그*빌","","",1.1848,47
"1126010400101280077","202008","11545-100197485","11620-107178","서**별**은** **동**8**2**지**","11305","11400","1","0959","0501","논*동*2*-* *동*택","A동","204",0.9292,43
"1150010300108320021","202103","11440-100212752","11740-100233028","서**별**강** **동**0**-**지**","11740","10100","1","1050","0113","레*트*1*1","","502",2.2247,52
"1147010200105240002","202009","11260-17162","11740-100227791","서**별**구** **동**5**3**지**","11740","10300","1","0091","0032","","","303호",1.3729,67
"1138010300103460025","202105","11680-100222484","11290-100250148","서**별**중**신** **4**4**","11620","10900","1","0952","0006","세*더*래*","","601",0.9802,50
"1150010200105740003","202010","11530-3614","11710-123352","서**별**강** **동**6**8**","11440","12900","1","0721","0024","","","",1.5183,50
"1144012000102470120","202006","11110-27162","11410-100212111","서**별**서**구**은**4**-**번**","11140","10300","1","0663","0011","","주건축물제1동","401호",0.8972,46
"1150010300101580032","202008","11710-100241699","11380-100267979","서**별**송** **동**3**1**지**","11590","10100","1","0176","0012","","비동","401호",1.2019,58
"1147010300102000026","202009","11620-8403","11500-68873","서**별**구** **동**0**1**","11470","10600","1","0403","0008","","","202호",1.1622,48
"1114016200104321638","202105","11470-12627","11620-100214942","서**별**성** **동**1**2**지**","11170","10900","1","0470","0055","강*르*상*","","203",1.0249,99
"1150010300100240034","202009","11530-3396","11230-74508","서**별**은** **동**0**7**","11620","11300","1","0490","0000","","","401호",1.1019,49
"1153010900101460001","202010","11740-100228329","11215-33243","서**별**은** **동**-**번**","11260","10400","1","0457","0168","","102동","203",0.7933,39
"1121510300100520010","202004","11380-11253","11200-64272","서**별**은** **동**1**6**","11290","10300","1","0628","0210","","B동","401",1.3692,52
"1174010900103090016","202008","11740-100220622","11215-34575","서**별**서** **동**5**8**","11500","10100","1","0001","0212","신*연*","동산빌라트","405",2.0707,77
"1165010200103670000","202011","11215-8391","11650-46515","서**별**강** **산**6**-**번**","11710","10500","1","1432","0032","웰*하*빌","","203호",1.1858,43
"1153010800101080082","202101","11380-33307","11590-100213215","서**별**서** **동**4**-**2**","11305","10700","1","0134","0115","","","4층401",1.6241,51
"1132010800105860021","202001","11380-17524","11710-111422","서**별**서** **동**4**-**지**","11560","10300","1","0037","0179","","","501호",1.5417,91
"1114016200104321278","202009","11470-11514","11500-101141","서**별**강** **동**6**1**","11110","10100","1","0056","0032","","","",1.7514,52
"1132010500101370115","202002","11620-100229121","11650-100245706","서**별**송** **동**7**1**","11710","11100","1","0127","0096","","","201",1.2412,55
"1150010300107480025","202105","11290-44010","11545-61429","서**별**마** ** **3**","11650","10200","1","0214","0056","월*빌","","302호",1.0503,78
"1117010800102510012","202101","11620-100223800","11620-112106","서**별**관** **동**9**2**번**","11215","10900","1","1479","0004","리*팰*스","","402",0.8748,61
"1141011800100080668","202007","11470-9006","11230-91799","서**별**관** **동**5**-**지**","11680","10100","1","0471","0020","","","303",1.0493,50
"1162010200114370017","202104","11230-100211412","11500-100259725","서**별**노** **동**0**8**","11620","10300","1","0593","0129","","","201",1.5091,67
"1138010400100060102","202012","11470-13388","11710-100464803","서**별**서** **동**9**8**지**","11650","11400","1","0047","0010","수*2* *정*트*","","101",2,53
"1121510100101210017","202001","11650-100206933","11680-111244","서**별**강** **동**8**3**","11740","10300","1","0312","0001","뉴*리*","","401호",1.7343,39
"1171011200101150007","202007","11290-39994","11305-80807","서**별**마** **동**9**번**","11305","10800","1","0522","0193","한*궁*","","401호",3.684,67
"1130510100107911336","202005","11410-13388","11380-76039","서**별**은** **동**9**8**","11740","10900","1","0273","0007","미*벨*우*","A동","401호",2.3375,164
"1174010500103380019","202105","11710-100504781","11380-123377","서**별**동** **동**9**6**","11200","10100","1","0421","0006","","황금빌","102호",0.944,83
"1117013000101930046","202011","11500-23086","11500-126130","서**별**강** **동**7**지**","11710","10300","1","0450","0003","","","303",1.1071,74
"1168010100107780011","202004","11290-4595","11500-77281","서**별**마** **동**7**2**지**","11590","10300","1","0217","0107","","","",1.2448,52
"1111018300102930046","202103","11320-9020","11260-100183637","서**별**송** **동**5**번**","11470","10900","1","1507","0031","블*빌","","102호",0.9842,65
"1117010100100460004","202009","11380-33751","11545-100228415","서**별**송** **동**0**번**","11710","13300","1","1026","0266","","","202",1.4059,56
"1168010500100270009","202102","11710-100483623","11470-90170","서**별**은** **동**7**8**지**","11470","10800","1","0139","0006","미*그*빌","가","301",1.1218,75
"1150010300104880040","202009","11170-4257","11500-61066","서**별**송** **동**-**번**","11710","10300","1","0032","0008","강*리*스*운","","309",1.519,40
"1162010100109560004","202102","11290-100232913","11290-100227479","서**별**성** **동** **3**9**","11215","13000","1","0501","0006","","","3층301호",1.127,84
"1150010600106920016","202005","11680-100272874","11710-172294","서**별**양** ** **0**4**","11545","10400","1","0088","0031","","마곡스카이A단지101동","304",0.8413,70
"1156011800100260016","202009","11440-100192953","11380-90332","서**별**은** **동**3**번**","11305","10300","1","0348","0003","한*리*리*2","","301",1.1897,54
"1154510200110230001","202102","11710-6126","11500-100257457","서**별**은** **동**4**4**","11470","13900","1","0132","0000","워*빌","","5층501호",1.1555,49
"1129013900103320141","202101","11710-100531422","11290-100254935","서**별**동** **동**6**6**","11590","11400","1","0145","0047","","","202",1.0125,58
"1138010300102210027","202104","11470-16383","11305-100212648","서**별**광** **동**3**7**","11650","10100","1","0138","0011","삼*에*스*","","504",1.907,32
"1147010300104790027","202003","11320-16866","11530-38866","서**별**마** **동**2**1**지**","11590","10500","1","0073","0000","","","다동105호",1.5436,41
"1126010600104100060","202012","11620-28597","11710-139669","서**별**강** **동**1**3**지**","11230","11100","1","0005","0125","설*센*빌","행복한빌라","503",1.4212,62
"1162010200104120292","202006","11290-22049","11530-100234354","서**별**양** **동**1**5**","11500","10300","1","1117","0026","","","301호",2.1071,52
"1154510300107930007","202103","11500-100303032","11680-204805","서**별**강** **동**0**8**지**","11545","10300","1","0432","0009","","","3층3",2.2513,85
"1154510200108900002","202105","11470-21458","11260-100246451","서**별**강** **동**8**1**지**","11470","10300","1","0064","0026","","원준타운","1층101호",2.7809,54
"1130510100103210016","202007","11710-21741","11380-61552","서**별**광** **동**3**2**","11620","10800","1","0159","0022","트*움*하*스","","602",0.8496,41
"1121510300100160029","202010","11380-11736","11380-69476","서**별**서**구**연**9**1**지**","11590","10600","1","0182","0018","방*빌*","에이동","302호",1.1293,59
"1117010200100050040","202011","11620-17716","11500-73799","서**별**성** **동**3**3**지**","11710","10300","1","0164","0024","썬*트*","","203",1.6006,76
"1138010400102750014","202103","11710-100237413","11680-134029","서**별**강** **동**1**2**지**","11560","10300","1","0005","0011","","","302호",1.2185,44
"1147010200107330005","202101","11590-100220052","11710-100240020","서**별**광** **동**0**6**","11440","10100","1","0175","0021","승*테*빌","","3층302호",2.2854,50
"1171010700101440002","202010","11305-100186662","11500-82610","서**별**서** **동**6**2**","11680","10100","1","0269","0109","","","402",1.2932,60
"1121510100102340044","202002","11305-100221099","11545-100217429","서**별**은** **동**7**번**","11380","10900","1","0188","0022","","","403",1.0872,44
"1135010500111160067","202004","11470-3453","11305-70024","서**별**노** **동**1**-**번**","11740","10600","1","0093","0026","","","101호",0.9378,43
"1171011100101140009","202002","11545-100222373","11380-82814","서**별**동**구**기**1**7**3**","11305","10600","1","0506","0003","예*하*스","","501",0.9923,53
"1150010800106740005","202011","11380-11692","11545-61827","서**별**송** **동**5**3**","11380","10800","1","0144","0020","예*움","","201",0.9285,91
"1126010400101220126","202003","11740-16147","11440-108217","서**별**중** ** **1**4**지**","11260","11200","1","1084","0221","","","601",1.6158,52
"1144010100107430000","202101","11200-23053","11290-101750","서**별**서**구**은**1**-**5**","11350","10300","1","0105","0026","","","203호",1.051,51
"1168010300112060006","202005","11215-14901","11470-63319","서**별**은** **동**5**1**","11230","11900","1","0856","0007","","","402",0.8034,73
"1121510300102060044","202101","11410-25714","11320-46539","서**별**양** ** **5**7**","11380","12500","1","1692","0034","","","502",1.4429,70
"1168010800101740019","202009","11545-7313","11470-76000","서**별**강** **동**1**-**지**","11470","10700","1","0271","0001","휴*빌","에이동","201",0.9855,39
"1147010300101320016","202101","11710-100238089","11440-113330","서**별**강** **산**6**-**번**","11410","10300","1","0169","0026","트*움*","","401",1.1106,77
"1135010500103890003","202103","11740-100247326","11500-100202050","서**별**중** **동**0**1**","11260","12300","1","0187","0009","","","311호",1.4035,47
"1120011800100890002","202005","11410-100226062","11680-204029","서**별**관** **동**0**9**","11440","10300","1","0158","0285","","","302호",1.4694,54
"1123010200100390808","202010","11590-20297","11380-100265385","서**별**노** **동**7**1**지**","11545","11100","1","0656","0007","세*","","301호",2.1288,54
"1121510500106320000","202012","11620-100249412","11710-100459228","서**별**강** **동**7**1**번**","11260","13000","1","0279","0737","주* *","","501-가",2.2873,51
"1138010300103120072","202105","11320-8577","11290-100236169","서**별**도** **동**0**2**","11500","10600","1","0101","0029","","","401호",1.1754,61
"1129013300108220016","202001","11380-100203857","11500-100225262","서**별**송** **동**7**1**지**","11440","10100","1","0084","0003","정*르*","","201호",1.5462,56
"1121510300102390006","202009","11380-11716","11215-100199710","서**별**동** **1**4**-**지**","11620","11900","1","0050","0011","","","302",1.0045,43
"1162010100106490189","202101","11260-100233984","11380-46427","서**별**송** **동**3**4**지**","11710","10600","1","0690","0020","","","1층1",1.9065,67
"1135010400102760012","202103","11410-1408","11350-100191706","서**별**강** **동**9**1**지**","11230","10200","1","0551","0010","","","102호",0.9591,49
"1174010800103850033","202104","11410-100224082","11680-121010","서**별**용** **동**5**8**지**","11215","10500","1","0053","0050","","","302호",0.6699,66
"1132010500100790021","202008","11470-100226028","11215-100229353","서**별**성** **동**6**8**","11710","13000","1","0956","0028","불*아*빌","","201호",1.3278,46
"1129013300102660172","202003","11740-18644","11545-100242322","서**별**성** **동** **9**1**","11500","10300","1","0479","0347","","A동","201",2.2222,46
"1171010100102490012","202005","11590-9528","11380-110163","서**별**마** **동**3**1**번**","11710","10800","1","0610","0030","삼*아*빌","A동","",0.5747,56
"1153010700102840038","202010","11380-100258438","11500-100221792","서**별**동** **방**3**-**7**","11500","10700","1","0020","0416","","","501",1.4047,58
"1171011400101590217","202006","11260-100224512","11710-100230249","서**별**광** **동**4**6**","11590","12500","1","0174","0017","화*하*스","","501",1.3122,94
"1174010500103490002","202005","11620-11335","11680-68381","서**별**서** **동**9**3**","11380","13200","1","0056","0029","유*빌*지","에이동","204",1.7622,60
"1130510300102910227","202006","11710-25050","11710-140087","서**별**강** **동**7**4**번**","11215","10200","1","0001","0211","","","202",0.8031,54
"1171010400101010007","202003","11110-25060","11545-47572","서**별**송** **동**3**0**","11140","10400","1","0432","0060","충*로*택","","302호",1.21,35
"1171010500102810011","202007","11740-1656","11170-45529","서**별**중** ** **6**3**","11350","10300","1","0358","0002","","나동","401호",1.362,66
"1138010400104180015","202002","11470-9476","11740-100222053","서**별**강** ** **6**번**","11215","11900","1","0244","0010","논*동*1*3*2* *동*택","","201",1.1472,80
"1159010900106160003","202007","11530-100227614","11470-100188798","서**별**성** **동**1**2**","11470","10200","1","0925","0035","","","302호",1.0685,89
"1162010100117110006","202101","11290-22491","11740-100206316","서**별**중** ** **6**1**","11530","10600","1","1079","0026","다*빌","","401",1.6671,62
"1111010900100170000","202010","11215-20449","11260-100199578","서**별**종** **동**-**번**","11260","13500","1","0367","0008","필*스*빌","성신쉐르빌가동","302호",2.2574,101
"1168010100107040009","202002","11710-12773","11620-121822","서**별**동**구**안**4**-**지**","11380","10200","1","0135","0151","해*하*스","대우스위트힐","501",1.0452,86
"1121510300102220057","202001","11500-100330792","11710-100455694","서**별**동**구**량** **6**번**","11620","10900","1","0544","0004","","","301호",1.0362,65
"1114016200104321825","202101","11500-17646","11260-100183668","서**별**은** **동**7**지**","11500","10200","1","0099","0000","","","301",2.2876,61
"1153010700100500041","202005","11530-5399","11620-100261020","서**별**강** **동**7**6**지**","11350","10200","1","0312","0014","","","401호",1.934,45
"1174010900100480022","202010","11545-100233591","11470-88109","서**별**서** **동**5**-**지**","11380","10500","1","0056","0007","","나동","501",1.5429,49
"1171011100101700023","202011","11215-8491","11530-115138","서**별**강** **동**0**-**번**","11590","10100","1","0053","0056","","102동","삼층301호",1.0363,67
"1150010200103650102","202009","11260-100192289","11215-100218024","서**별**강** **동**8**2**지**","11470","10200","1","0023","0012","","","203",1.2245,36
"1135010500110480031","202009","11380-100243425","11545-42190","서**별**양** ** **6**","11530","10800","1","0443","0000","주*해*빌","영흥맨션","201",1.1626,45
"1138010500102160015","202010","11530-11202","11500-100298036","서**별**관** **동**5**9**","11470","12400","1","0227","0130","","B동","301",1.2685,50
"1150010300108820021","202004","11500-17591","11380-100300229","서**별**강** **동**1**-**지**","11650","17000","1","0206","0026","","","204호",1.3393,62
"1138010900102370049","202006","11380-28547","11230-83911","서**별**서** **동**4**1**지**","11530","10700","1","0464","0002","다*블*빌","2동","301",3.2799,66
"1174010900100330017","202008","11560-100209319","11680-100259313","서**별**은** **동**0**1**지**","11620","10600","1","0556","0033","","","302",1.6934,92
"1159010700101800024","202105","11200-100210597","11260-100216346","서**별**관** **동**6**-**지**","11215","10100","1","0028","0075","혜*팰*스","","403",0.8441,81
"1117010200100010226","202105","11410-25687","11305-67621","서**별**강** **산**7**-**번**","11710","10700","1","0077","0001","","","601",1.2296,138
"1154510300101690045","202105","11215-100185749","11410-84647","서**별**송** **동**0**3**지**","11215","11200","1","0981","0025","","","403호",1.3949,77
"1159010800100050002","202101","11140-9716","11305-87313","서**별**종** **동**9**번**","11710","10100","1","0762","0006","글*리*빌","","",1.0081,83
"1171011300100140003","202005","11305-100202410","11260-100243208","서**별**성** **동** **8**번**","11710","10500","1","0174","0005","캐*빌","","",2.0167,54
"1150010300103480008","202101","11260-100183995","11710-100246617","서**별**마** **동**6**8**","11560","10100","1","0030","0070","","","1층101호",2.0561,51
"1154510200110210037","202103","11380-29256","11500-146868","서**별**서**구**가** **1**번**","11560","12000","1","0033","0063","꿈*그*빌","삼광하이빌","202",2.5387,52
"1150010300100290078","202010","11545-7818","11260-100219248","서**별**서** **동**1**1**지**","11470","10900","1","0005","0005","경*센*빌","예건빌라","304",1.1946,58
"1174010900101670117","202008","11650-6514","11440-100202970","서**별**용** **동** **-**번**","11560","10800","1","0820","0123","스*힐*","","403",1.9145,53
"1162010200114150003","202006","11215-100244210","11410-92077","서**별**성** **동**3**3**번**","11380","10200","1","0900","0000","리*빌","","302",1.7188,64
"1111017300100230000","202008","11560-100208236","11500-100225142","서**별**강** **동**8**","11110","10100","1","0179","0002","","","307호",2.707,60
"1162010200100900068","202012","11500-100247912","11170-65292","서**별**도** **동**0**8**","11590","10300","1","0001","0041","우*빌*","","201",2.2936,53
"1129013300103850007","202007","11215-100209314","11620-94453","서**별**강** **동**6**8**","11380","17500","1","0150","0211","","","110호",1.26,48
"1135010200103760011","202007","11290-15125","11710-76163","서**별**광** **동**4**1**지**","11530","10300","1","0215","0195","","","302",1.2562,79
"1129013300100160506","202006","11500-100220629","11380-49622","서**별**서** **동**0**6**지**","11320","12500","1","0220","0034","현*빌*","A동","502",1.242,69
"1144012500102490014","202002","11650-100278035","11380-113959","서**별**동** **동**9**1**지**","11305","10100","1","0185","0021","신*그*빌","","502호",2.4416,51
"1129013500100070047","202103","11470-16300","11590-100204597","서**별**마** ** **-**지**","11470","11200","1","0083","0028","","주건축물제1동","502",1.1434,57
"1138010600101980024","202104","11320-4716","11545-69553","서**별**송** **동**1**1**","11545","10100","1","0494","0011","청* *라","","401",3.314,76
"1141011100102610005","202005","11305-13537","11470-94681","서**별**성** **동**6**4**지**","11530","11400","1","0208","0008","반*그*빌*(*차*","","203호",0.967,38
"1138010100103100002","202006","11305-28194","11740-79999","서**별**동** **동**1**1**지**","11545","10800","1","0827","0281","아*캐*","","202",1.1644,48
"1154510300108370005","202003","11215-20626","11545-100204361","서**별**양** ** **4**5**","11710","11200","1","0341","0000","","비동","401",3.6801,56
"1130510300100350010","202008","11200-7431","11620-77744","서**별**성** **동** **2**번**","11680","10700","1","0145","0015","대*빌*5*","","501호",2.5024,60
"1154510200103780326","202002","11320-4221","11215-100195590","서**별**금** **동**3**1**지**","11650","10600","1","0007","0034","씨*스*","","601",1.8945,51
"1153010900102130021","202009","11650-6966","11380-100195744","서**별**관** **동**0**7**지**","11380","11700","1","0092","0008","","","501",1.1786,42
"1147010300104420010","202005","11470-100226601","11380-100182005","서**별**양** **동**0**번**","11500","11100","1","0260","0032","","","401호",0.8191,79
"1130510300103480001","202003","11680-100222209","11590-100212959","서**별**도** ** **2**8**","11590","10100","1","0580","0012","","","301",1.4232,46
"1153010800101660004","202006","11260-13616","11260-100214358","서**별**송** **동**1**1**지**","11590","10200","1","0011","0006","","","",1.1117,222
"1123010800100600089","202101","11305-14023","11500-100236602","서**별**양** **동**5**1**지**","11560","10500","1","1158","0000","","","101호",2.0215,62
